file,size_bytes,extension,sha256,column_headers,row_count,parsed_timestamp_count,unparsed_timestamp_count,date_parse_method,date_start,date_end,typical_interval,row_date_consistency,read_note,classification,classification_evidence,safety_flags
data/raw/Data to be used/Data to be used/Data Cleaned/Production_Train.csv,34299963,.csv,d489bc6082ec41ab95d6c0321ed73d12326ec717e81f88a93efaac6dd9aeb7f2,Datetime | Production Energy Inv 1(Wh) | Production Power Inv 1(W) | KWh/KWp (%) Inv1 | Production Energy Inv 2(Wh) | Production Power Inv 2(W) | KWh/KWp (%) Inv 2 | Production Energy Inv 3(Wh) | Production Power Inv 3(W) | KWh/KWp (%) Inv 3 | Production Energy Inv 4(Wh) | Production Power Inv 4(W) | KWh/KWp (%) Inv 4 | Production Energy Inv 5(Wh) | Production Power Inv 5(W) | KWh/KWp (%) Inv 5 | Production Energy Inv 6(Wh) | Production Power Inv 6(W) | KWh/KWp (%) Inv 6 | Production Energy Inv 7(Wh) | Production Power Inv 7(W) | KWh/KWp (%) Inv 7 | Production Energy Inv 8(Wh) | Production Power Inv 8(W) | KWh/KWp (%) Inv 8 | Production Energy Inv 9(Wh) | Production Power Inv 9(W) | KWh/KWp (%) Inv 9 | Production Energy Inv 10(Wh) | Production Power Inv 10(W) | KWh/KWp (%) Inv 10 | Production Energy Inv 11(Wh) | Production Power Inv 11(W) | KWh/KWp (%) Inv 11 | Production Energy Inv 12(Wh) | Production Power Inv 12(W) | KWh/KWp (%) Inv 12 | Production Energy Inv 13(Wh) | Production Power Inv 13(W) | KWh/KWp (%) Inv 13 | Production Energy Inv 14(Wh) | Production Power Inv 14(W) | KWh/KWp (%) Inv 14 | Production Energy Inv 15(Wh) | Production Power Inv 15(W) | KWh/KWp (%) Inv 15 | Production Energy Inv 16(Wh) | Production Power Inv 16(W) | KWh/KWp (%) Inv 16 | Production Energy Inv 17(Wh) | Production Power Inv 17(W) | KWh/KWp (%) Inv 17 | Production Energy Inv 18(Wh) | Production Power Inv 18(W) | KWh/KWp (%) Inv 18 | Production Energy Inv 19(Wh) | Production Power Inv 19(W) | KWh/KWp (%) Inv 19 | Production Energy Inv 20(Wh) | Production Power Inv 20(W) | KWh/KWp (%) Inv 20 | Production Energy Inv 21(Wh) | Production Power Inv 21(W) | KWh/KWp (%) Inv 21 | Production Energy Inv 22(Wh) | Production Power Inv 22(W) | KWh/KWp (%) Inv 22 | Production Energy Inv 23(Wh) | Production Power Inv 23(W) | KWh/KWp (%) Inv 23 | Production Energy Inv 24(Wh) | Production Power Inv 24(W) | KWh/KWp (%) Inv 24 | Production Energy Inv 25(Wh) | Production Power Inv 25(W) | KWh/KWp (%) Inv 25 | Production Energy Inv 26 (Wh) | Production Power Inv 26(W) | KWh/KWp (%) Inv 26 |  |  | ,110671,110670,1,isoformat:110670,2023-12-30 06:30:00,2025-01-24 23:55:00,5 minutes,OK,,combined/model dataset,PV/production markers; split/model marker,LABELLED_SPLIT_DO_NOT_USE_FOR_TRAINING
data/raw/Data to be used/Data to be used/Data Cleaned/Production_Train_Validate.csv,34903076,.csv,5c2d4203d90a5eeba9445ca5296b1b56c91e1d42bb3c8c7683338256c320380e,Datetime | Production Energy Inv 1(Wh) | Production Power Inv 1(W) | KWh/KWp (%) Inv1 | Production Energy Inv 2(Wh) | Production Power Inv 2(W) | KWh/KWp (%) Inv 2 | Production Energy Inv 3(Wh) | Production Power Inv 3(W) | KWh/KWp (%) Inv 3 | Production Energy Inv 4(Wh) | Production Power Inv 4(W) | KWh/KWp (%) Inv 4 | Production Energy Inv 5(Wh) | Production Power Inv 5(W) | KWh/KWp (%) Inv 5 | Production Energy Inv 6(Wh) | Production Power Inv 6(W) | KWh/KWp (%) Inv 6 | Production Energy Inv 7(Wh) | Production Power Inv 7(W) | KWh/KWp (%) Inv 7 | Production Energy Inv 8(Wh) | Production Power Inv 8(W) | KWh/KWp (%) Inv 8 | Production Energy Inv 9(Wh) | Production Power Inv 9(W) | KWh/KWp (%) Inv 9 | Production Energy Inv 10(Wh) | Production Power Inv 10(W) | KWh/KWp (%) Inv 10 | Production Energy Inv 11(Wh) | Production Power Inv 11(W) | KWh/KWp (%) Inv 11 | Production Energy Inv 12(Wh) | Production Power Inv 12(W) | KWh/KWp (%) Inv 12 | Production Energy Inv 13(Wh) | Production Power Inv 13(W) | KWh/KWp (%) Inv 13 | Production Energy Inv 14(Wh) | Production Power Inv 14(W) | KWh/KWp (%) Inv 14 | Production Energy Inv 15(Wh) | Production Power Inv 15(W) | KWh/KWp (%) Inv 15 | Production Energy Inv 16(Wh) | Production Power Inv 16(W) | KWh/KWp (%) Inv 16 | Production Energy Inv 17(Wh) | Production Power Inv 17(W) | KWh/KWp (%) Inv 17 | Production Energy Inv 18(Wh) | Production Power Inv 18(W) | KWh/KWp (%) Inv 18 | Production Energy Inv 19(Wh) | Production Power Inv 19(W) | KWh/KWp (%) Inv 19 | Production Energy Inv 20(Wh) | Production Power Inv 20(W) | KWh/KWp (%) Inv 20 | Production Energy Inv 21(Wh) | Production Power Inv 21(W) | KWh/KWp (%) Inv 21 | Production Energy Inv 22(Wh) | Production Power Inv 22(W) | KWh/KWp (%) Inv 22 | Production Energy Inv 23(Wh) | Production Power Inv 23(W) | KWh/KWp (%) Inv 23 | Production Energy Inv 24(Wh) | Production Power Inv 24(W) | KWh/KWp (%) Inv 24 | Production Energy Inv 25(Wh) | Production Power Inv 25(W) | KWh/KWp (%) Inv 25 | Production Energy Inv 26 (Wh) | Production Power Inv 26(W) | KWh/KWp (%) Inv 26 |  |  | ,112687,112686,1,isoformat:112686,2023-12-30 06:30:00,2025-01-31 23:55:00,5 minutes,OK,,combined/model dataset,PV/production markers; split/model marker,LABELLED_SPLIT_DO_NOT_USE_FOR_TRAINING
data/raw/Data to be used/Data to be used/Data Cleaned/Training_Dataset.csv,37308795,.csv,c9638d0e70a1f6dac230771bfba65224c50b6c448582f814c92ffc288279df60,DateTime | All Sky Surface Shortwave Downward Irradiance (Wh/m2) | All Sky Surface Shortwave Downward Direct Normal Irradiance (Wh/m2) | All Sky Surface Shortwave Diffuse Irradiance | All Sky Insolation Clearness Index (dimensionless) | Temperature at 2 Meters (C) | Relative Humidity at 2 Meters (%) | Wind Speed at 10 Meters (m/s) |  | Production Energy Inv 1(Wh) | Production Power Inv 1(W) | KWh/KWp (%) Inv1 | Production Energy Inv 2(Wh) | Production Power Inv 2(W) | KWh/KWp (%) Inv 2 | Production Energy Inv 3(Wh) | Production Power Inv 3(W) | KWh/KWp (%) Inv 3 | Production Energy Inv 4(Wh) | Production Power Inv 4(W) | KWh/KWp (%) Inv 4 | Production Energy Inv 5(Wh) | Production Power Inv 5(W) | KWh/KWp (%) Inv 5 | Production Energy Inv 6(Wh) | Production Power Inv 6(W) | KWh/KWp (%) Inv 6 | Production Energy Inv 7(Wh) | Production Power Inv 7(W) | KWh/KWp (%) Inv 7 | Production Energy Inv 8(Wh) | Production Power Inv 8(W) | KWh/KWp (%) Inv 8 | Production Energy Inv 9(Wh) | Production Power Inv 9(W) | KWh/KWp (%) Inv 9 | Production Energy Inv 10(Wh) | Production Power Inv 10(W) | KWh/KWp (%) Inv 10 | Production Energy Inv 11(Wh) | Production Power Inv 11(W) | KWh/KWp (%) Inv 11 | Production Energy Inv 12(Wh) | Production Power Inv 12(W) | KWh/KWp (%) Inv 12 | Production Energy Inv 13(Wh) | Production Power Inv 13(W) | KWh/KWp (%) Inv 13 | Production Energy Inv 14(Wh) | Production Power Inv 14(W) | KWh/KWp (%) Inv 14 | Production Energy Inv 15(Wh) | Production Power Inv 15(W) | KWh/KWp (%) Inv 15 | Production Energy Inv 16(Wh) | Production Power Inv 16(W) | KWh/KWp (%) Inv 16 | Production Energy Inv 17(Wh) | Production Power Inv 17(W) | KWh/KWp (%) Inv 17 | Production Energy Inv 18(Wh) | Production Power Inv 18(W) | KWh/KWp (%) Inv 18 | Production Energy Inv 19(Wh) | Production Power Inv 19(W) | KWh/KWp (%) Inv 19 | Production Energy Inv 20(Wh) | Production Power Inv 20(W) | KWh/KWp (%) Inv 20 | Production Energy Inv 21(Wh) | Production Power Inv 21(W) | KWh/KWp (%) Inv 21 | Production Energy Inv 22(Wh) | Production Power Inv 22(W) | KWh/KWp (%) Inv 22 | Production Energy Inv 23(Wh) | Production Power Inv 23(W) | KWh/KWp (%) Inv 23 | Production Energy Inv 24(Wh) | Production Power Inv 24(W) | KWh/KWp (%) Inv 24 | Production Energy Inv 25(Wh) | Production Power Inv 25(W) | KWh/KWp (%) Inv 25 | Production Energy Inv 26 (Wh) | Production Power Inv 26(W) | KWh/KWp (%) Inv 26,110671,110670,1,%m/%d/%Y %H:%M:110670,2023-12-30 06:30:00,2025-01-24 23:55:00,5 minutes,OK,,combined/model dataset,PV/production markers; weather markers; NASA POWER markers; split/model marker; combined/dataset marker,LABELLED_SPLIT_DO_NOT_USE_FOR_TRAINING
data/raw/Data to be used/Data to be used/Data Cleaned/Validation_ Data.csv,516050,.csv,d617e71d8e5604076ffaee03f5113e3de97182c4193ab38151fa2ebc85451ae8,Datetime | Production Energy Inv 1(Wh) | Production Power Inv 1(W) | KWh/KWp (%) Inv1 | Production Energy Inv 2(Wh) | Production Power Inv 2(W) | KWh/KWp (%) Inv 2 | Production Energy Inv 3(Wh) | Production Power Inv 3(W) | KWh/KWp (%) Inv 3 | Production Energy Inv 4(Wh) | Production Power Inv 4(W) | KWh/KWp (%) Inv 4 | Production Energy Inv 5(Wh) | Production Power Inv 5(W) | KWh/KWp (%) Inv 5 | Production Energy Inv 6(Wh) | Production Power Inv 6(W) | KWh/KWp (%) Inv 6 | Production Energy Inv 7(Wh) | Production Power Inv 7(W) | KWh/KWp (%) Inv 7 | Production Energy Inv 8(Wh) | Production Power Inv 8(W) | KWh/KWp (%) Inv 8 | Production Energy Inv 9(Wh) | Production Power Inv 9(W) | KWh/KWp (%) Inv 9 | Production Energy Inv 10(Wh) | Production Power Inv 10(W) | KWh/KWp (%) Inv 10 | Production Energy Inv 11(Wh) | Production Power Inv 11(W) | KWh/KWp (%) Inv 11 | Production Energy Inv 12(Wh) | Production Power Inv 12(W) | KWh/KWp (%) Inv 12 | Production Energy Inv 13(Wh) | Production Power Inv 13(W) | KWh/KWp (%) Inv 13 | Production Energy Inv 14(Wh) | Production Power Inv 14(W) | KWh/KWp (%) Inv 14 | Production Energy Inv 15(Wh) | Production Power Inv 15(W) | KWh/KWp (%) Inv 15 | Production Energy Inv 16(Wh) | Production Power Inv 16(W) | KWh/KWp (%) Inv 16 | Production Energy Inv 17(Wh) | Production Power Inv 17(W) | KWh/KWp (%) Inv 17 | Production Energy Inv 18(Wh) | Production Power Inv 18(W) | KWh/KWp (%) Inv 18 | Production Energy Inv 19(Wh) | Production Power Inv 19(W) | KWh/KWp (%) Inv 19 | Production Energy Inv 20(Wh) | Production Power Inv 20(W) | KWh/KWp (%) Inv 20 | Production Energy Inv 21(Wh) | Production Power Inv 21(W) | KWh/KWp (%) Inv 21 | Production Energy Inv 22(Wh) | Production Power Inv 22(W) | KWh/KWp (%) Inv 22 | Production Energy Inv 23(Wh) | Production Power Inv 23(W) | KWh/KWp (%) Inv 23 | Production Energy Inv 24(Wh) | Production Power Inv 24(W) | KWh/KWp (%) Inv 24 | Production Energy Inv 25(Wh) | Production Power Inv 25(W) | KWh/KWp (%) Inv 25 | Production Energy Inv 26 (Wh) | Production Power Inv 26(W) | KWh/KWp (%) Inv 26,1176,1176,0,isoformat:1176,2025-01-25 06:00:00,2025-01-31 19:55:00,5 minutes,ROW_DATE_RANGE_CHECK expected_about_1896_parsed_1176_duplicate_timestamps_0,,combined/model dataset,PV/production markers; split/model marker,LABELLED_SPLIT_DO_NOT_USE_FOR_TRAINING
data/raw/Data to be used/Data to be used/Data Cleaned/Validation_ Data_Production.csv,599264,.csv,f7a26b6031fe41bf2db84860187e4657a53f9ac0ad898c1ef9d5d8b4220f228e,Datetime | Production Energy Inv 1(Wh) | Production Power Inv 1(W) | KWh/KWp (%) Inv1 | Production Energy Inv 2(Wh) | Production Power Inv 2(W) | KWh/KWp (%) Inv 2 | Production Energy Inv 3(Wh) | Production Power Inv 3(W) | KWh/KWp (%) Inv 3 | Production Energy Inv 4(Wh) | Production Power Inv 4(W) | KWh/KWp (%) Inv 4 | Production Energy Inv 5(Wh) | Production Power Inv 5(W) | KWh/KWp (%) Inv 5 | Production Energy Inv 6(Wh) | Production Power Inv 6(W) | KWh/KWp (%) Inv 6 | Production Energy Inv 7(Wh) | Production Power Inv 7(W) | KWh/KWp (%) Inv 7 | Production Energy Inv 8(Wh) | Production Power Inv 8(W) | KWh/KWp (%) Inv 8 | Production Energy Inv 9(Wh) | Production Power Inv 9(W) | KWh/KWp (%) Inv 9 | Production Energy Inv 10(Wh) | Production Power Inv 10(W) | KWh/KWp (%) Inv 10 | Production Energy Inv 11(Wh) | Production Power Inv 11(W) | KWh/KWp (%) Inv 11 | Production Energy Inv 12(Wh) | Production Power Inv 12(W) | KWh/KWp (%) Inv 12 | Production Energy Inv 13(Wh) | Production Power Inv 13(W) | KWh/KWp (%) Inv 13 | Production Energy Inv 14(Wh) | Production Power Inv 14(W) | KWh/KWp (%) Inv 14 | Production Energy Inv 15(Wh) | Production Power Inv 15(W) | KWh/KWp (%) Inv 15 | Production Energy Inv 16(Wh) | Production Power Inv 16(W) | KWh/KWp (%) Inv 16 | Production Energy Inv 17(Wh) | Production Power Inv 17(W) | KWh/KWp (%) Inv 17 | Production Energy Inv 18(Wh) | Production Power Inv 18(W) | KWh/KWp (%) Inv 18 | Production Energy Inv 19(Wh) | Production Power Inv 19(W) | KWh/KWp (%) Inv 19 | Production Energy Inv 20(Wh) | Production Power Inv 20(W) | KWh/KWp (%) Inv 20 | Production Energy Inv 21(Wh) | Production Power Inv 21(W) | KWh/KWp (%) Inv 21 | Production Energy Inv 22(Wh) | Production Power Inv 22(W) | KWh/KWp (%) Inv 22 | Production Energy Inv 23(Wh) | Production Power Inv 23(W) | KWh/KWp (%) Inv 23 | Production Energy Inv 24(Wh) | Production Power Inv 24(W) | KWh/KWp (%) Inv 24 | Production Energy Inv 25(Wh) | Production Power Inv 25(W) | KWh/KWp (%) Inv 25 | Production Energy Inv 26 (Wh) | Production Power Inv 26(W) | KWh/KWp (%) Inv 26,2016,2016,0,isoformat:2016,2025-01-25 00:00:00,2025-01-31 23:55:00,5 minutes,OK,,combined/model dataset,PV/production markers; split/model marker,LABELLED_SPLIT_DO_NOT_USE_FOR_TRAINING
data/raw/Data to be used/Data to be used/Data Cleaned/Validation_ Dataset.csv,561438,.csv,88cd0514a43f9c2f1cf8cb34f6181d10b9a4a0cbd2fd9a3924fb216562c7b931,DateTime | All Sky Surface Shortwave Downward Irradiance (Wh/m2) | All Sky Surface Shortwave Downward Direct Normal Irradiance (Wh/m2) | All Sky Surface Shortwave Diffuse Irradiance | All Sky Insolation Clearness Index (dimensionless) | Temperature at 2 Meters (C) | Relative Humidity at 2 Meters (%) | Wind Speed at 10 Meters (m/s) | Production Energy Inv 1(Wh) | Production Power Inv 1(W) | KWh/KWp (%) Inv1 | Production Energy Inv 2(Wh) | Production Power Inv 2(W) | KWh/KWp (%) Inv 2 | Production Energy Inv 3(Wh) | Production Power Inv 3(W) | KWh/KWp (%) Inv 3 | Production Energy Inv 4(Wh) | Production Power Inv 4(W) | KWh/KWp (%) Inv 4 | Production Energy Inv 5(Wh) | Production Power Inv 5(W) | KWh/KWp (%) Inv 5 | Production Energy Inv 6(Wh) | Production Power Inv 6(W) | KWh/KWp (%) Inv 6 | Production Energy Inv 7(Wh) | Production Power Inv 7(W) | KWh/KWp (%) Inv 7 | Production Energy Inv 8(Wh) | Production Power Inv 8(W) | KWh/KWp (%) Inv 8 | Production Energy Inv 9(Wh) | Production Power Inv 9(W) | KWh/KWp (%) Inv 9 | Production Energy Inv 10(Wh) | Production Power Inv 10(W) | KWh/KWp (%) Inv 10 | Production Energy Inv 11(Wh) | Production Power Inv 11(W) | KWh/KWp (%) Inv 11 | Production Energy Inv 12(Wh) | Production Power Inv 12(W) | KWh/KWp (%) Inv 12 | Production Energy Inv 13(Wh) | Production Power Inv 13(W) | KWh/KWp (%) Inv 13 | Production Energy Inv 14(Wh) | Production Power Inv 14(W) | KWh/KWp (%) Inv 14 | Production Energy Inv 15(Wh) | Production Power Inv 15(W) | KWh/KWp (%) Inv 15 | Production Energy Inv 16(Wh) | Production Power Inv 16(W) | KWh/KWp (%) Inv 16 | Production Energy Inv 17(Wh) | Production Power Inv 17(W) | KWh/KWp (%) Inv 17 | Production Energy Inv 18(Wh) | Production Power Inv 18(W) | KWh/KWp (%) Inv 18 | Production Energy Inv 19(Wh) | Production Power Inv 19(W) | KWh/KWp (%) Inv 19 | Production Energy Inv 20(Wh) | Production Power Inv 20(W) | KWh/KWp (%) Inv 20 | Production Energy Inv 21(Wh) | Production Power Inv 21(W) | KWh/KWp (%) Inv 21 | Production Energy Inv 22(Wh) | Production Power Inv 22(W) | KWh/KWp (%) Inv 22 | Production Energy Inv 23(Wh) | Production Power Inv 23(W) | KWh/KWp (%) Inv 23 | Production Energy Inv 24(Wh) | Production Power Inv 24(W) | KWh/KWp (%) Inv 24 | Production Energy Inv 25(Wh) | Production Power Inv 25(W) | KWh/KWp (%) Inv 25 | Production Energy Inv 26 (Wh) | Production Power Inv 26(W) | KWh/KWp (%) Inv 26,1176,1176,0,%m/%d/%Y %H:%M:1176,2025-01-25 06:00:00,2025-01-31 19:55:00,5 minutes,ROW_DATE_RANGE_CHECK expected_about_1896_parsed_1176_duplicate_timestamps_0,,combined/model dataset,PV/production markers; weather markers; NASA POWER markers; split/model marker; combined/dataset marker,LABELLED_SPLIT_DO_NOT_USE_FOR_TRAINING
data/raw/Data to be used/Data to be used/Data Cleaned/Weather_Ver1.csv,304836,.csv,c7c83a7e213b9a45095982567d4c628527b1e6979482d5b130d571d89ec1dfed,Year | Month | Day | Hour,22608,22608,0,separate date parts:22608,2022-01-01 00:00:00,2024-07-30 23:00:00,60 minutes,OK,,weather,weather markers,
data/raw/Data to be used/Data to be used/Data Cleaned/Weather_Ver2.csv,1230923,.csv,b16184b84c3747631e2d566f97614a636ebd818cc82360d25846560eaf07a442,DateTime | All Sky Surface Shortwave Downward Irradiance (Wh/m2) | All Sky Surface Shortwave Downward Direct Normal Irradiance (Wh/m2) | All Sky Surface Shortwave Diffuse Irradiance | All Sky Insolation Clearness Index (dimensionless) | Temperature at 2 Meters (C) | Relative Humidity at 2 Meters (%) | Wind Speed at 10 Meters (m/s),22608,22608,0,isoformat:22608,2022-01-01 00:00:00,2024-07-30 23:00:00,60 minutes,OK,,NASA POWER,weather markers; NASA POWER markers,
data/raw/Data to be used/Data to be used/Draft Codes.docx,23848,.docx,33a65c0f6dd64e9d1b300ce6f4b69cc0cb6887c66263d4f39baa2a50092501c6,,,,,,,,,,Not inspected: non-CSV file (metadata retained).,template/other,no recognised source markers,
data/raw/Data to be used/Data to be used/Draft2.docx,25810,.docx,d9339c49669b8918f571a5c61d1395c522a8f2ec943f60509fe240b9c07bfe8b,,,,,,,,,,Not inspected: non-CSV file (metadata retained).,template/other,no recognised source markers,
data/raw/Data to be used/Data to be used/Final Data/Ideal_solar_Day.csv,9722,.csv,5973e1ba470e03150f0cda65002a7956990163dfcb554b0116837ef9897acaaa,Datetime | DI | DDNI | Dif_I | ICI | Temp2m | RH2m | WS10m | Production_power_Inv_20,140,140,0,%m/%d/%Y %H:%M:140,2024-02-18 07:00:00,2024-02-18 18:35:00,5 minutes,OK,,PV/production,PV/production markers,
data/raw/Data to be used/Data to be used/Final Data/Jan_Production_Ver1.csv,138271,.csv,8cc4dbc44de1793a045f2a1691727f244fded6b1f79e40eb51e7d12d49377e72,Datetime | production_powerInv_1 | production_powerInv_2 | production_powerInv_3 | production_powerInv_4 | production_powerInv_5 | production_powerInv_6 | production_powerInv_7 | production_powerInv_8 | production_powerInv_9 | production_powerInv_10 | production_powerInv_11 | production_powerInv_12 | production_powerInv_13 | production_powerInv_14 | production_powerInv_15 | production_powerInv_16 | production_powerInv_17 | production_powerInv_18 | production_powerInv_19 | production_powerInv_20 | production_powerInv_21 | production_powerInv_22 | production_powerInv_23 | production_powerInv_24 | production_powerInv_25 | production_powerInv_26 | Aggregated_power,1003,1002,1,%m/%d/%Y %H:%M:1002,2025-01-25 06:50:00,2025-01-31 19:55:00,5 minutes,ROW_DATE_RANGE_CHECK expected_about_1886_parsed_1002_duplicate_timestamps_0,,PV/production,PV/production markers,
data/raw/Data to be used/Data to be used/Final Data/One_day Data.xlsx,40455,.xlsx,377152dbe75d54eeac307674c7276641236d88e7d46ae9d4d14a8233d90de46c,,,,,,,,,,Not inspected: non-CSV file (metadata retained).,template/other,no recognised source markers,
data/raw/Data to be used/Data to be used/Final Data/Production_dataset_ver1.csv,30415,.csv,f9046e850de49d9ade6baf23eebebdc6256e553fb03cc877e75caccf1a4fa34b,Datetime | production_powerInv_20 | production_powerInv_21 | combined_power,1002,1002,0,%m/%d/%Y %H:%M:1002,2025-01-25 06:50:00,2025-01-31 19:55:00,5 minutes,ROW_DATE_RANGE_CHECK expected_about_1886_parsed_1002_duplicate_timestamps_0,,combined/model dataset,PV/production markers; combined/dataset marker,
data/raw/Data to be used/Data to be used/Final Data/Test datasets/arima_predictions.csv,1549802,.csv,b3012fb8d55879320d52dcb8e1e1a2d38768d834079edf46aee31d25d62797aa,Datetime | combined_power,54451,54451,0,%m/%d/%Y %H:%M:54451,2023-12-30 07:05:00,2025-01-24 18:45:00,5 minutes,ROW_DATE_RANGE_CHECK expected_about_112749_parsed_54451_duplicate_timestamps_0,,combined/model dataset,split/model marker; combined/dataset marker,LABELLED_SPLIT_DO_NOT_USE_FOR_TRAINING
data/raw/Data to be used/Data to be used/Final Data/Test datasets/Chapter 4 and 5/Dissertation_oct.docx,2139251,.docx,68513a23ca9720b7fc96d990380a684f9a35620bd36609df6abc3b438c1f49c8,,,,,,,,,,Not inspected: non-CSV file (metadata retained).,combined/model dataset,split/model marker; combined/dataset marker,LABELLED_SPLIT_DO_NOT_USE_FOR_TRAINING
data/raw/Data to be used/Data to be used/Final Data/Test datasets/Chapter 4 and 5/~$ssertation_oct.docx,162,.docx,f14aedafeb8655d389285a9656bd3a18d63de959f338e23cad3ea3750cc3c68c,,,,,,,,,,Not inspected: non-CSV file (metadata retained).,combined/model dataset,split/model marker; combined/dataset marker,LABELLED_SPLIT_DO_NOT_USE_FOR_TRAINING
data/raw/Data to be used/Data to be used/Final Data/Test datasets/Training_dataset_ver1.csv,4560866,.csv,c3f6658a9e8755a11abfaa55e8bb495baa4352e0f65006c6eab24e74338811fe,Datetime | DI | DDNI | Dif_I | ICI | Temp2m | RH2m | WS10m | production_powerInv_20 | production_powerInv_21 | combined_power,54451,54451,0,%m/%d/%Y %H:%M:54451,2023-12-30 07:05:00,2025-01-24 18:45:00,5 minutes,ROW_DATE_RANGE_CHECK expected_about_112749_parsed_54451_duplicate_timestamps_0,,combined/model dataset,PV/production markers; split/model marker; combined/dataset marker,LABELLED_SPLIT_DO_NOT_USE_FOR_TRAINING
data/raw/Data to be used/Data to be used/Final Data/Test datasets/weather_ dataset_ver1.csv,61041,.csv,4aea5c67e804e2958b1de3784538764dadebdbc69c19254891646b19715489b0,Datetime | DI | DDNI | Dif_I | ICI | Temp2m | RH2m | WS10m,1002,1002,0,%m/%d/%Y %H:%M:1002,2025-01-25 06:50:00,2025-01-31 19:55:00,5 minutes,ROW_DATE_RANGE_CHECK expected_about_1886_parsed_1002_duplicate_timestamps_0,,combined/model dataset,weather markers; split/model marker; combined/dataset marker,LABELLED_SPLIT_DO_NOT_USE_FOR_TRAINING
data/raw/Data to be used/Data to be used/Final Data/Time Format.csv,19669,.csv,f797a06b61cae629d0041d3da2499e70714f30f2180db007aa30160e6a43a801,DateTime,1176,1176,0,%m/%d/%Y %H:%M:1176,2025-01-25 06:00:00,2025-01-31 19:55:00,5 minutes,ROW_DATE_RANGE_CHECK expected_about_1896_parsed_1176_duplicate_timestamps_0,,template/other,no recognised source markers,
data/raw/Data to be used/Data to be used/Final Data/Time Format.xlsx,20884,.xlsx,3dd405fb460014c8d1d60368762bc35d717eb36c851b00465ed7b3a3ecd0ab88,,,,,,,,,,Not inspected: non-CSV file (metadata retained).,template/other,no recognised source markers,
data/raw/Data to be used/Data to be used/Final Data/Training_Dataset.csv,37198123,.csv,edaaf3c9abdfa648d29259ac15899ee276c4d389d16972d08a911c2bd5615117,DateTime | All Sky Surface Shortwave Downward Irradiance (Wh/m2) | All Sky Surface Shortwave Downward Direct Normal Irradiance (Wh/m2) | All Sky Surface Shortwave Diffuse Irradiance | All Sky Insolation Clearness Index (dimensionless) | Temperature at 2 Meters (C) | Relative Humidity at 2 Meters (%) | Wind Speed at 10 Meters (m/s) | Production Energy Inv 1(Wh) | Production Power Inv 1(W) | KWh/KWp (%) Inv1 | Production Energy Inv 2(Wh) | Production Power Inv 2(W) | KWh/KWp (%) Inv 2 | Production Energy Inv 3(Wh) | Production Power Inv 3(W) | KWh/KWp (%) Inv 3 | Production Energy Inv 4(Wh) | Production Power Inv 4(W) | KWh/KWp (%) Inv 4 | Production Energy Inv 5(Wh) | Production Power Inv 5(W) | KWh/KWp (%) Inv 5 | Production Energy Inv 6(Wh) | Production Power Inv 6(W) | KWh/KWp (%) Inv 6 | Production Energy Inv 7(Wh) | Production Power Inv 7(W) | KWh/KWp (%) Inv 7 | Production Energy Inv 8(Wh) | Production Power Inv 8(W) | KWh/KWp (%) Inv 8 | Production Energy Inv 9(Wh) | Production Power Inv 9(W) | KWh/KWp (%) Inv 9 | Production Energy Inv 10(Wh) | Production Power Inv 10(W) | KWh/KWp (%) Inv 10 | Production Energy Inv 11(Wh) | Production Power Inv 11(W) | KWh/KWp (%) Inv 11 | Production Energy Inv 12(Wh) | Production Power Inv 12(W) | KWh/KWp (%) Inv 12 | Production Energy Inv 13(Wh) | Production Power Inv 13(W) | KWh/KWp (%) Inv 13 | Production Energy Inv 14(Wh) | Production Power Inv 14(W) | KWh/KWp (%) Inv 14 | Production Energy Inv 15(Wh) | Production Power Inv 15(W) | KWh/KWp (%) Inv 15 | Production Energy Inv 16(Wh) | Production Power Inv 16(W) | KWh/KWp (%) Inv 16 | Production Energy Inv 17(Wh) | Production Power Inv 17(W) | KWh/KWp (%) Inv 17 | Production Energy Inv 18(Wh) | Production Power Inv 18(W) | KWh/KWp (%) Inv 18 | Production Energy Inv 19(Wh) | Production Power Inv 19(W) | KWh/KWp (%) Inv 19 | Production Energy Inv 20(Wh) | Production Power Inv 20(W) | KWh/KWp (%) Inv 20 | Production Energy Inv 21(Wh) | Production Power Inv 21(W) | KWh/KWp (%) Inv 21 | Production Energy Inv 22(Wh) | Production Power Inv 22(W) | KWh/KWp (%) Inv 22 | Production Energy Inv 23(Wh) | Production Power Inv 23(W) | KWh/KWp (%) Inv 23 | Production Energy Inv 24(Wh) | Production Power Inv 24(W) | KWh/KWp (%) Inv 24 | Production Energy Inv 25(Wh) | Production Power Inv 25(W) | KWh/KWp (%) Inv 25 | Production Energy Inv 26 (Wh) | Production Power Inv 26(W) | KWh/KWp (%) Inv 26,110671,110670,1,%m/%d/%Y %H:%M:110670,2023-12-30 06:30:00,2025-01-24 23:55:00,5 minutes,OK,,combined/model dataset,PV/production markers; weather markers; NASA POWER markers; split/model marker; combined/dataset marker,LABELLED_SPLIT_DO_NOT_USE_FOR_TRAINING
data/raw/Data to be used/Data to be used/Final Data/Training_Dataset_ver1.csv,12959375,.csv,455e2029bf8a2b44537746a9cfec35a1af756962755c826dfdc88b5134de29a5,DateTime | All Sky Surface Shortwave Downward Irradiance (Wh/m2) | All Sky Surface Shortwave Downward Direct Normal Irradiance (Wh/m2) | All Sky Surface Shortwave Diffuse Irradiance | All Sky Insolation Clearness Index (dimensionless) | Temperature at 2 Meters (C) | Relative Humidity at 2 Meters (%) | Wind Speed at 10 Meters (m/s) | Production Power Inv 1(W) | Production Power Inv 2(W) | Production Power Inv 3(W) | Production Power Inv 4(W) | Production Power Inv 5(W) | Production Power Inv 6(W) | Production Power Inv 7(W) | Production Power Inv 8(W) | Production Power Inv 9(W) | Production Power Inv 10(W) | Production Power Inv 11(W) | Production Power Inv 12(W) | Production Power Inv 13(W) | Production Power Inv 14(W) | Production Power Inv 15(W) | Production Power Inv 16(W) | Production Power Inv 17(W) | Production Power Inv 18(W) | Production Power Inv 19(W) | Production Power Inv 20(W) | Production Power Inv 21(W) | Production Power Inv 22(W) | Production Power Inv 23(W) | Production Power Inv 24(W) | Production Power Inv 25(W) | Production Power Inv 26(W),110670,110670,0,%m/%d/%Y %H:%M:110670,2023-12-30 06:30:00,2025-01-24 23:55:00,5 minutes,OK,,combined/model dataset,PV/production markers; weather markers; NASA POWER markers; split/model marker; combined/dataset marker,LABELLED_SPLIT_DO_NOT_USE_FOR_TRAINING
data/raw/Data to be used/Data to be used/Final Data/Training_Dataset_ver2.csv,21917618,.csv,592c62eb84d1ab789b37c04a8c7acedf5db10df6e07285d932c9dc4c3a9de8c6,DateTime | DI (Wh/m2) | DDNI (Wh/m2) | Dif I (Wh/m2) | ICI (Dimensonless) | Temp2m (C) | RH2m (%) | WS10m (m/s) | Production Power Inv 1(W) | Production Power Inv 2(W) | Production Power Inv 3(W) | Production Power Inv 4(W) | Production Power Inv 5(W) | Production Power Inv 6(W) | Production Power Inv 7(W) | Production Power Inv 8(W) | Production Power Inv 9(W) | Production Power Inv 10(W) | Production Power Inv 11(W) | Production Power Inv 12(W) | Production Power Inv 13(W) | Production Power Inv 14(W) | Production Power Inv 15(W) | Production Power Inv 16(W) | Production Power Inv 17(W) | Production Power Inv 18(W) | Production Power Inv 19(W) | Production Power Inv 20(W) | Production Power Inv 21(W) | Production Power Inv 22(W) | Production Power Inv 23(W) | Production Power Inv 24(W) | Production Power Inv 25(W) | Production Power Inv 26(W) | Aggregated Power (W),110670,110670,0,%m/%d/%Y %H:%M:110670,2023-12-30 06:30:00,2025-01-24 23:55:00,5 minutes,OK,,combined/model dataset,PV/production markers; split/model marker; combined/dataset marker,LABELLED_SPLIT_DO_NOT_USE_FOR_TRAINING
data/raw/Data to be used/Data to be used/Final Data/Training_dataset_ver3.csv,15108669,.csv,cb1043f9a97ae431e1e417366a7eb54e84169479e26dc18397b343480f1381af,Datetime | DI | DDNI | Dif_I | ICI | Temp2m | RH2m | WS10m | production_powerInv_1 | production_powerInv_2 | production_powerInv_3 | production_powerInv_4 | production_powerInv_5 | production_powerInv_6 | production_powerInv_7 | production_powerInv_8 | production_powerInv_9 | production_powerInv_10 | production_powerInv_11 | production_powerInv_12 | production_powerInv_13 | production_powerInv_14 | production_powerInv_15 | production_powerInv_16 | production_powerInv_17 | production_powerInv_18 | production_powerInv_19 | production_powerInv_20 | production_powerInv_21 | production_powerInv_22 | production_powerInv_23 | production_powerInv_24 | production_powerInv_25 | production_powerInv_26 | Aggregated_power,54451,54451,0,%m/%d/%Y %H:%M:54451,2023-12-30 07:05:00,2025-01-24 18:45:00,5 minutes,ROW_DATE_RANGE_CHECK expected_about_112749_parsed_54451_duplicate_timestamps_0,,combined/model dataset,PV/production markers; split/model marker; combined/dataset marker,LABELLED_SPLIT_DO_NOT_USE_FOR_TRAINING
data/raw/Data to be used/Data to be used/Final Data/Training_dataset_ver4.csv,4279645,.csv,536de3a140ec479b44d33246592fc2a8ae2544efc7124624a98a0bd9fe53cd14,Datetime | DI | DDNI | Dif_I | ICI | Temp2m | RH2m | WS10m | production_powerInv_20 | production_powerInv_21,54451,54451,0,%m/%d/%Y %H:%M:54451,2023-12-30 07:05:00,2025-01-24 18:45:00,5 minutes,ROW_DATE_RANGE_CHECK expected_about_112749_parsed_54451_duplicate_timestamps_0,,combined/model dataset,PV/production markers; split/model marker; combined/dataset marker,LABELLED_SPLIT_DO_NOT_USE_FOR_TRAINING
data/raw/Data to be used/Data to be used/Final Data/Validation_ Dataset.csv,561438,.csv,88cd0514a43f9c2f1cf8cb34f6181d10b9a4a0cbd2fd9a3924fb216562c7b931,DateTime | All Sky Surface Shortwave Downward Irradiance (Wh/m2) | All Sky Surface Shortwave Downward Direct Normal Irradiance (Wh/m2) | All Sky Surface Shortwave Diffuse Irradiance | All Sky Insolation Clearness Index (dimensionless) | Temperature at 2 Meters (C) | Relative Humidity at 2 Meters (%) | Wind Speed at 10 Meters (m/s) | Production Energy Inv 1(Wh) | Production Power Inv 1(W) | KWh/KWp (%) Inv1 | Production Energy Inv 2(Wh) | Production Power Inv 2(W) | KWh/KWp (%) Inv 2 | Production Energy Inv 3(Wh) | Production Power Inv 3(W) | KWh/KWp (%) Inv 3 | Production Energy Inv 4(Wh) | Production Power Inv 4(W) | KWh/KWp (%) Inv 4 | Production Energy Inv 5(Wh) | Production Power Inv 5(W) | KWh/KWp (%) Inv 5 | Production Energy Inv 6(Wh) | Production Power Inv 6(W) | KWh/KWp (%) Inv 6 | Production Energy Inv 7(Wh) | Production Power Inv 7(W) | KWh/KWp (%) Inv 7 | Production Energy Inv 8(Wh) | Production Power Inv 8(W) | KWh/KWp (%) Inv 8 | Production Energy Inv 9(Wh) | Production Power Inv 9(W) | KWh/KWp (%) Inv 9 | Production Energy Inv 10(Wh) | Production Power Inv 10(W) | KWh/KWp (%) Inv 10 | Production Energy Inv 11(Wh) | Production Power Inv 11(W) | KWh/KWp (%) Inv 11 | Production Energy Inv 12(Wh) | Production Power Inv 12(W) | KWh/KWp (%) Inv 12 | Production Energy Inv 13(Wh) | Production Power Inv 13(W) | KWh/KWp (%) Inv 13 | Production Energy Inv 14(Wh) | Production Power Inv 14(W) | KWh/KWp (%) Inv 14 | Production Energy Inv 15(Wh) | Production Power Inv 15(W) | KWh/KWp (%) Inv 15 | Production Energy Inv 16(Wh) | Production Power Inv 16(W) | KWh/KWp (%) Inv 16 | Production Energy Inv 17(Wh) | Production Power Inv 17(W) | KWh/KWp (%) Inv 17 | Production Energy Inv 18(Wh) | Production Power Inv 18(W) | KWh/KWp (%) Inv 18 | Production Energy Inv 19(Wh) | Production Power Inv 19(W) | KWh/KWp (%) Inv 19 | Production Energy Inv 20(Wh) | Production Power Inv 20(W) | KWh/KWp (%) Inv 20 | Production Energy Inv 21(Wh) | Production Power Inv 21(W) | KWh/KWp (%) Inv 21 | Production Energy Inv 22(Wh) | Production Power Inv 22(W) | KWh/KWp (%) Inv 22 | Production Energy Inv 23(Wh) | Production Power Inv 23(W) | KWh/KWp (%) Inv 23 | Production Energy Inv 24(Wh) | Production Power Inv 24(W) | KWh/KWp (%) Inv 24 | Production Energy Inv 25(Wh) | Production Power Inv 25(W) | KWh/KWp (%) Inv 25 | Production Energy Inv 26 (Wh) | Production Power Inv 26(W) | KWh/KWp (%) Inv 26,1176,1176,0,%m/%d/%Y %H:%M:1176,2025-01-25 06:00:00,2025-01-31 19:55:00,5 minutes,ROW_DATE_RANGE_CHECK expected_about_1896_parsed_1176_duplicate_timestamps_0,,combined/model dataset,PV/production markers; weather markers; NASA POWER markers; split/model marker; combined/dataset marker,LABELLED_SPLIT_DO_NOT_USE_FOR_TRAINING; EXACT_DUPLICATE_OF=data/raw/Data to be used/Data to be used/Data Cleaned/Validation_ Dataset.csv
data/raw/Data to be used/Data to be used/Final Data/Validation_ Dataset_Ver1.csv,183221,.csv,9d99b7ef41d50118d807779eff38aec3cdd0f5999cf2a185565f990f87ae9450,DateTime | All Sky Surface Shortwave Downward Irradiance (Wh/m2) | All Sky Surface Shortwave Downward Direct Normal Irradiance (Wh/m2) | All Sky Surface Shortwave Diffuse Irradiance | All Sky Insolation Clearness Index (dimensionless) | Temperature at 2 Meters (C) | Relative Humidity at 2 Meters (%) | Wind Speed at 10 Meters (m/s) | Production Power Inv 1(W) | Production Power Inv 2(W) | Production Power Inv 3(W) | Production Power Inv 4(W) | Production Power Inv 5(W) | Production Power Inv 6(W) | Production Power Inv 7(W) | Production Power Inv 8(W) | Production Power Inv 9(W) | Production Power Inv 10(W) | Production Power Inv 11(W) | Production Power Inv 12(W) | Production Power Inv 13(W) | Production Power Inv 14(W) | Production Power Inv 15(W) | Production Power Inv 16(W) | Production Power Inv 17(W) | Production Power Inv 18(W) | Production Power Inv 19(W) | Production Power Inv 20(W) | Production Power Inv 21(W) | Production Power Inv 22(W) | Production Power Inv 23(W) | Production Power Inv 24(W) | Production Power Inv 25(W) | Production Power Inv 26(W),1176,1176,0,%m/%d/%Y %H:%M:1176,2025-01-25 06:00:00,2025-01-31 19:55:00,5 minutes,ROW_DATE_RANGE_CHECK expected_about_1896_parsed_1176_duplicate_timestamps_0,,combined/model dataset,PV/production markers; weather markers; NASA POWER markers; split/model marker; combined/dataset marker,LABELLED_SPLIT_DO_NOT_USE_FOR_TRAINING
data/raw/Data to be used/Data to be used/Final Data/Validation_ Dataset_Ver2.csv,178724,.csv,8e22527ac255b3b58255f74ffa660ee1eb2fdb9c4721544d6b337c54971778ff,DateTime | DI (Wh/m2) | DDNI (Wh/m2) | Dif I (Wh/m2) | ICI (Dimensonless) | Temp2m (C) | RH2m (%) | WS10m (m/s) | Production Power Inv 1(W) | Production Power Inv 2(W) | Production Power Inv 3(W) | Production Power Inv 4(W) | Production Power Inv 5(W) | Production Power Inv 6(W) | Production Power Inv 7(W) | Production Power Inv 8(W) | Production Power Inv 9(W) | Production Power Inv 10(W) | Production Power Inv 11(W) | Production Power Inv 12(W) | Production Power Inv 13(W) | Production Power Inv 14(W) | Production Power Inv 15(W) | Production Power Inv 16(W) | Production Power Inv 17(W) | Production Power Inv 18(W) | Production Power Inv 19(W) | Production Power Inv 20(W) | Production Power Inv 21(W) | Production Power Inv 22(W) | Production Power Inv 23(W) | Production Power Inv 24(W) | Production Power Inv 25(W) | Production Power Inv 26(W) | Aggregated Power (W),1002,1002,0,%m/%d/%Y %H:%M:1002,2025-01-25 06:50:00,2025-01-31 19:55:00,5 minutes,ROW_DATE_RANGE_CHECK expected_about_1886_parsed_1002_duplicate_timestamps_0,,combined/model dataset,PV/production markers; split/model marker; combined/dataset marker,LABELLED_SPLIT_DO_NOT_USE_FOR_TRAINING
data/raw/Data to be used/Data to be used/Final Data/Validation_ dataset_Ver3.csv,182534,.csv,f068299cea99511e1fd45f1c974d9c5383970202162ff40637e1fd848266df23,Datetime | DI | DDNI | Dif_I | ICI | Temp2m | RH2m | WS10m | production_powerInv_1 | production_powerInv_2 | production_powerInv_3 | production_powerInv_4 | production_powerInv_5 | production_powerInv_6 | production_powerInv_7 | production_powerInv_8 | production_powerInv_9 | production_powerInv_10 | production_powerInv_11 | production_powerInv_12 | production_powerInv_13 | production_powerInv_14 | production_powerInv_15 | production_powerInv_16 | production_powerInv_17 | production_powerInv_18 | production_powerInv_19 | production_powerInv_20 | production_powerInv_21 | production_powerInv_22 | production_powerInv_23 | production_powerInv_24 | production_powerInv_25 | production_powerInv_26 | Aggregated_power,1003,1002,1,%m/%d/%Y %H:%M:1002,2025-01-25 06:50:00,2025-01-31 19:55:00,5 minutes,ROW_DATE_RANGE_CHECK expected_about_1886_parsed_1002_duplicate_timestamps_0,,combined/model dataset,PV/production markers; split/model marker; combined/dataset marker,LABELLED_SPLIT_DO_NOT_USE_FOR_TRAINING
data/raw/Data to be used/Data to be used/Final Data/validation_ dataset_ver4.csv,69971,.csv,f109078546e9d4eee71debf463feb601a7681b8ed35d342f03a81d540bc792c6,Datetime | DI | DDNI | Dif_I | ICI | Temp2m | RH2m | WS10m | production_powerInv_20 | production_powerInv_21,1003,1002,1,%m/%d/%Y %H:%M:1002,2025-01-25 06:50:00,2025-01-31 19:55:00,5 minutes,ROW_DATE_RANGE_CHECK expected_about_1886_parsed_1002_duplicate_timestamps_0,,combined/model dataset,PV/production markers; split/model marker; combined/dataset marker,LABELLED_SPLIT_DO_NOT_USE_FOR_TRAINING
data/raw/Data to be used/Data to be used/Final Data/weather_ dataset_ver4.csv,61041,.csv,4aea5c67e804e2958b1de3784538764dadebdbc69c19254891646b19715489b0,Datetime | DI | DDNI | Dif_I | ICI | Temp2m | RH2m | WS10m,1002,1002,0,%m/%d/%Y %H:%M:1002,2025-01-25 06:50:00,2025-01-31 19:55:00,5 minutes,ROW_DATE_RANGE_CHECK expected_about_1886_parsed_1002_duplicate_timestamps_0,,combined/model dataset,weather markers; combined/dataset marker,EXACT_DUPLICATE_OF=data/raw/Data to be used/Data to be used/Final Data/Test datasets/weather_ dataset_ver1.csv
data/raw/Data to be used/Data to be used/Final Data/weather_validation_period.csv,61045,.csv,10aee71c1a7a7621facfdcef2aeb7674871f441ede9d1ae6c35916ed63bd1b4c,Datetime | DI | DDNI | Dif_I | ICI | Temp2m | RH2m | WS10m,1002,1002,0,%m/%d/%Y %H:%M:1002,2025-01-25 06:50:00,2025-01-31 19:55:00,5 minutes,ROW_DATE_RANGE_CHECK expected_about_1886_parsed_1002_duplicate_timestamps_0,,combined/model dataset,weather markers; split/model marker,LABELLED_SPLIT_DO_NOT_USE_FOR_TRAINING
data/raw/Data to be used/Data to be used/Latest Data/Combined_2024/Combined_2024.csv,3683736,.csv,361a6f4231f9a0aa2ebba3556fed2d3cc02eea55bcc57a1cae5d2110f6b2d1f7,Time | power_plant | ,121085,121083,2,"%m/%d/%y, %I:%M %p:121083",2023-12-30 00:00:00,2025-01-04 23:00:00,5 minutes,ROW_DATE_RANGE_CHECK expected_about_107125_parsed_121083_duplicate_timestamps_17016,,combined/model dataset,combined/dataset marker,
data/raw/Data to be used/Data to be used/Latest Data/production/2024/Chart 2024_prod_week_1 03_21_2025 01_19 PM.csv,50691,.csv,20f6c6600989707b67f90d825030845602db194a81d1c0db1fd44bb8b78d6340,Time | Strathmore University- Production - Power (W),2016,2016,0,"%m/%d/%y, %I:%M %p:2016",2023-12-30 00:00:00,2024-01-05 23:55:00,5 minutes,OK,,PV/production,PV/production markers,
data/raw/Data to be used/Data to be used/Latest Data/production/2024/Chart 2024_prod_week_10 03_21_2025 01_25 PM.csv,61466,.csv,65548509460592de692e563b671618dd7ceab072bdb7f3e39eba7311603b4503,Time | Strathmore University- Production - Power (W) | Strathmore University- Production - Energy (Wh),2016,2016,0,"%m/%d/%y, %I:%M %p:2016",2024-02-27 00:00:00,2024-03-04 23:55:00,5 minutes,OK,,PV/production,PV/production markers,
data/raw/Data to be used/Data to be used/Latest Data/production/2024/Chart 2024_prod_week_11 03_21_2025 01_26 PM.csv,61038,.csv,c726f1f119ee9830f9b8096b77b716708d1ae2ee231dac025296d89bf8be28b4,Time | Strathmore University- Production - Power (W) | Strathmore University- Production - Energy (Wh),2016,2016,0,"%m/%d/%y, %I:%M %p:2016",2024-03-04 00:00:00,2024-03-10 23:55:00,5 minutes,OK,,PV/production,PV/production markers,
data/raw/Data to be used/Data to be used/Latest Data/production/2024/Chart 2024_prod_week_12 03_21_2025 01_26 PM.csv,62676,.csv,1093faf21ee51de49ea18c0e65973726060191418ac33704fc115550edce027c,Time | Strathmore University- Production - Power (W) | Strathmore University- Production - Energy (Wh),2016,2016,0,"%m/%d/%y, %I:%M %p:2016",2024-03-10 00:00:00,2024-03-16 23:55:00,5 minutes,OK,,PV/production,PV/production markers,
data/raw/Data to be used/Data to be used/Latest Data/production/2024/Chart 2024_prod_week_13 03_21_2025 01_27 PM.csv,62695,.csv,0077113c78bcc3242e54b3a8af1d59c5e11eb8d888cfe32c9eb1d65f81f6b32a,Time | Strathmore University- Production - Power (W) | Strathmore University- Production - Energy (Wh),2016,2016,0,"%m/%d/%y, %I:%M %p:2016",2024-03-16 00:00:00,2024-03-22 23:55:00,5 minutes,OK,,PV/production,PV/production markers,
data/raw/Data to be used/Data to be used/Latest Data/production/2024/Chart 2024_prod_week_14 03_21_2025 01_27 PM.csv,62479,.csv,fe1df1f1e80f0631dad0bbb186708c3bac75db87fd5329bb6d73d50ba194f13d,Time | Strathmore University- Production - Power (W) | Strathmore University- Production - Energy (Wh),2016,2016,0,"%m/%d/%y, %I:%M %p:2016",2024-03-22 00:00:00,2024-03-28 23:55:00,5 minutes,OK,,PV/production,PV/production markers,
data/raw/Data to be used/Data to be used/Latest Data/production/2024/Chart 2024_prod_week_15 03_21_2025 01_28 PM.csv,61505,.csv,46593c175413ca3cdd89c2d3122bc0d2f6c1cfcd1fedede891f8b27f0a52e148,Time | Strathmore University- Production - Power (W) | Strathmore University- Production - Energy (Wh),2016,2016,0,"%m/%d/%y, %I:%M %p:2016",2024-03-28 00:00:00,2024-04-03 23:55:00,5 minutes,OK,,PV/production,PV/production markers,
data/raw/Data to be used/Data to be used/Latest Data/production/2024/Chart 2024_prod_week_16 03_21_2025 01_28 PM.csv,60409,.csv,b0ce754785ebac7d6c25df0e38edc98bb70ed98c85be050ee727522624e3c2e1,Time | Strathmore University- Production - Energy (Wh) | Strathmore University- Production - Power (W),2016,2016,0,"%m/%d/%y, %I:%M %p:2016",2024-04-03 00:00:00,2024-04-09 23:55:00,5 minutes,OK,,PV/production,PV/production markers,
data/raw/Data to be used/Data to be used/Latest Data/production/2024/Chart 2024_prod_week_17 03_21_2025 01_30 PM.csv,61959,.csv,effaccb295c0a179701883ee116f1df1d7db994c153942bf3cb4eeabd39042a8,Time | Strathmore University- Production - Power (W) | Strathmore University- Production - Energy (Wh),2016,2016,0,"%m/%d/%y, %I:%M %p:2016",2024-04-09 00:00:00,2024-04-15 23:55:00,5 minutes,OK,,PV/production,PV/production markers,
data/raw/Data to be used/Data to be used/Latest Data/production/2024/Chart 2024_prod_week_18 03_21_2025 01_30 PM.csv,63040,.csv,21320fc6785fe41f58f9d590e0f675f1bc50d167f305faaf247e49ece09fdbf0,Time | Strathmore University- Production - Power (W) | Strathmore University- Production - Energy (Wh),2016,2016,0,"%m/%d/%y, %I:%M %p:2016",2024-04-15 00:00:00,2024-04-21 23:55:00,5 minutes,OK,,PV/production,PV/production markers,
data/raw/Data to be used/Data to be used/Latest Data/production/2024/Chart 2024_prod_week_19 03_21_2025 01_31 PM.csv,61938,.csv,11325c7cd4e0edc3fe31fe2f37721104e013142b3386482574b52d165e58af83,Time | Strathmore University- Production - Energy (Wh) | Strathmore University- Production - Power (W),2016,2016,0,"%m/%d/%y, %I:%M %p:2016",2024-04-21 00:00:00,2024-04-27 23:55:00,5 minutes,OK,,PV/production,PV/production markers,
data/raw/Data to be used/Data to be used/Latest Data/production/2024/Chart 2024_prod_week_2 03_21_2025 01_20 PM.csv,61366,.csv,d35fbc8a5239a7fff11326fc69522ee69a8b3ad27edeafe1e931414eda6eff4a,Time | Strathmore University- Production - Power (W) | Strathmore University- Production - Energy (Wh),2016,2016,0,"%m/%d/%y, %I:%M %p:2016",2024-01-06 00:00:00,2024-01-12 23:55:00,5 minutes,OK,,PV/production,PV/production markers,
data/raw/Data to be used/Data to be used/Latest Data/production/2024/Chart 2024_prod_week_20 03_21_2025 01_32 PM.csv,61909,.csv,e5fe335ed95f1ddf6e05a6a32ba7478a5239794ced1fb86f3d02e40ba4622d42,Time | Strathmore University- Production - Power (W) | Strathmore University- Production - Energy (Wh),2016,2016,0,"%m/%d/%y, %I:%M %p:2016",2024-04-27 00:00:00,2024-05-03 23:55:00,5 minutes,OK,,PV/production,PV/production markers,
data/raw/Data to be used/Data to be used/Latest Data/production/2024/Chart 2024_prod_week_21 03_21_2025 01_32 PM.csv,60461,.csv,454dcf1f88dd540ccbf04363c6e6c043a0de8021ee9541a51bc2da0937c7f288,Time | Strathmore University- Production - Power (W) | Strathmore University- Production - Energy (Wh),2016,2016,0,"%m/%d/%y, %I:%M %p:2016",2024-05-03 00:00:00,2024-05-09 23:55:00,5 minutes,OK,,PV/production,PV/production markers,
data/raw/Data to be used/Data to be used/Latest Data/production/2024/Chart 2024_prod_week_22 03_21_2025 01_33 PM.csv,61936,.csv,c2883eeb9877eaf748da31edd2c233cd0eb4ba22459715335c284232ba9f5e83,Time | Strathmore University- Production - Power (W) | Strathmore University- Production - Energy (Wh),2016,2016,0,"%m/%d/%y, %I:%M %p:2016",2024-05-09 00:00:00,2024-05-15 23:55:00,5 minutes,OK,,PV/production,PV/production markers,
data/raw/Data to be used/Data to be used/Latest Data/production/2024/Chart 2024_prod_week_23 03_21_2025 01_33 PM.csv,62430,.csv,380aee3479f8a94d74040cbbfee69514bba327d176771ef7a1c4187ece73062f,Time | Strathmore University- Production - Energy (Wh) | Strathmore University- Production - Power (W),2016,2016,0,"%m/%d/%y, %I:%M %p:2016",2024-05-15 00:00:00,2024-05-21 23:55:00,5 minutes,OK,,PV/production,PV/production markers,
data/raw/Data to be used/Data to be used/Latest Data/production/2024/Chart 2024_prod_week_24 03_21_2025 01_34 PM.csv,62356,.csv,504352e14573e5a29b9c897853594fe780d1105dc6dc97af4cf4b10650e0a55a,Time | Strathmore University- Production - Energy (Wh) | Strathmore University- Production - Power (W),2016,2016,0,"%m/%d/%y, %I:%M %p:2016",2024-05-21 00:00:00,2024-05-27 23:55:00,5 minutes,OK,,PV/production,PV/production markers,
data/raw/Data to be used/Data to be used/Latest Data/production/2024/Chart 2024_prod_week_25 03_21_2025 01_34 PM.csv,61886,.csv,0a9e0c559cb8a8c28d9bfb62b89c5f0db021c966c62d1b46dd1447fc5a13f649,Time | Strathmore University- Production - Power (W) | Strathmore University- Production - Energy (Wh),2016,2016,0,"%m/%d/%y, %I:%M %p:2016",2024-05-27 00:00:00,2024-06-02 23:55:00,5 minutes,OK,,PV/production,PV/production markers,
data/raw/Data to be used/Data to be used/Latest Data/production/2024/Chart 2024_prod_week_26 03_21_2025 01_34 PM.csv,60098,.csv,e5ec0f3437e961be5afb57c2f1f6d3fa68800eb6174733626f6c8358a08b0dbe,Time | Strathmore University- Production - Energy (Wh) | Strathmore University- Production - Power (W),2016,2016,0,"%m/%d/%y, %I:%M %p:2016",2024-06-02 00:00:00,2024-06-08 23:55:00,5 minutes,OK,,PV/production,PV/production markers,
data/raw/Data to be used/Data to be used/Latest Data/production/2024/Chart 2024_prod_week_27 03_21_2025 01_35 PM.csv,62010,.csv,78efc1304060ada51dc8402e005973268378bc2a069c99313f323c126fe7da69,Time | Strathmore University- Production - Energy (Wh) | Strathmore University- Production - Power (W),2016,2016,0,"%m/%d/%y, %I:%M %p:2016",2024-06-08 00:00:00,2024-06-14 23:55:00,5 minutes,OK,,PV/production,PV/production markers,
data/raw/Data to be used/Data to be used/Latest Data/production/2024/Chart 2024_prod_week_28 03_21_2025 01_35 PM.csv,61995,.csv,728a889a756e56b7170a54395b9f7f809aa39e07d2da4085aee6223feb628fb5,Time | Strathmore University- Production - Power (W) | Strathmore University- Production - Energy (Wh),2016,2016,0,"%m/%d/%y, %I:%M %p:2016",2024-06-14 00:00:00,2024-06-20 23:55:00,5 minutes,OK,,PV/production,PV/production markers,
data/raw/Data to be used/Data to be used/Latest Data/production/2024/Chart 2024_prod_week_29 03_21_2025 01_36 PM.csv,62236,.csv,53081607449f3560dd6c622f87ae94eab6ac7690abff8819996718b2ec817b8e,Time | Strathmore University- Production - Power (W) | Strathmore University- Production - Energy (Wh),2016,2016,0,"%m/%d/%y, %I:%M %p:2016",2024-06-20 00:00:00,2024-06-26 23:55:00,5 minutes,OK,,PV/production,PV/production markers,
data/raw/Data to be used/Data to be used/Latest Data/production/2024/Chart 2024_prod_week_3 03_21_2025 01_21 PM.csv,62557,.csv,6d648db9e86653f84502fad65cf2d56fbe3a70837278360969fd2a770589eba1,Time | Strathmore University- Production - Power (W) | Strathmore University- Production - Energy (Wh),2016,2016,0,"%m/%d/%y, %I:%M %p:2016",2024-01-13 00:00:00,2024-01-19 23:55:00,5 minutes,OK,,PV/production,PV/production markers,
data/raw/Data to be used/Data to be used/Latest Data/production/2024/Chart 2024_prod_week_30 03_21_2025 01_36 PM (1).csv,61194,.csv,b64fba47265639190115710dda820e01b46815a5062f3037603bd92e95c98455,Time | Strathmore University- Production - Power (W) | Strathmore University- Production - Energy (Wh),2016,2016,0,"%m/%d/%y, %I:%M %p:2016",2024-06-26 00:00:00,2024-07-02 23:55:00,5 minutes,OK,,PV/production,PV/production markers,
data/raw/Data to be used/Data to be used/Latest Data/production/2024/Chart 2024_prod_week_30 03_21_2025 01_36 PM.csv,61194,.csv,b64fba47265639190115710dda820e01b46815a5062f3037603bd92e95c98455,Time | Strathmore University- Production - Power (W) | Strathmore University- Production - Energy (Wh),2016,2016,0,"%m/%d/%y, %I:%M %p:2016",2024-06-26 00:00:00,2024-07-02 23:55:00,5 minutes,OK,,PV/production,PV/production markers,EXACT_DUPLICATE_OF=data/raw/Data to be used/Data to be used/Latest Data/production/2024/Chart 2024_prod_week_30 03_21_2025 01_36 PM (1).csv
data/raw/Data to be used/Data to be used/Latest Data/production/2024/Chart 2024_prod_week_32 03_21_2025 01_37 PM.csv,59522,.csv,92ef471681eeaf4fd3136ee91441946bd4a7c54f12abc77b39135cd0393e9e4e,Time | Strathmore University- Production - Power (W) | Strathmore University- Production - Energy (Wh),2016,2016,0,"%m/%d/%y, %I:%M %p:2016",2024-07-02 00:00:00,2024-07-08 23:55:00,5 minutes,OK,,PV/production,PV/production markers,
data/raw/Data to be used/Data to be used/Latest Data/production/2024/Chart 2024_prod_week_32 03_21_2025 01_38 PM.csv,59522,.csv,92ef471681eeaf4fd3136ee91441946bd4a7c54f12abc77b39135cd0393e9e4e,Time | Strathmore University- Production - Power (W) | Strathmore University- Production - Energy (Wh),2016,2016,0,"%m/%d/%y, %I:%M %p:2016",2024-07-02 00:00:00,2024-07-08 23:55:00,5 minutes,OK,,PV/production,PV/production markers,EXACT_DUPLICATE_OF=data/raw/Data to be used/Data to be used/Latest Data/production/2024/Chart 2024_prod_week_32 03_21_2025 01_37 PM.csv
data/raw/Data to be used/Data to be used/Latest Data/production/2024/Chart 2024_prod_week_33 03_21_2025 01_38 PM.csv,61091,.csv,0585430d6a9c7a72abfa2ee8ab0d040b4b576e0e22f7589b860452086c7ab205,Time | Strathmore University- Production - Power (W) | Strathmore University- Production - Energy (Wh),2016,2016,0,"%m/%d/%y, %I:%M %p:2016",2024-07-08 00:00:00,2024-07-14 23:55:00,5 minutes,OK,,PV/production,PV/production markers,
data/raw/Data to be used/Data to be used/Latest Data/production/2024/Chart 2024_prod_week_34 03_21_2025 01_39 PM.csv,61816,.csv,be8e2c870db76046a39b4ec2dfd1d28f2593d97b3510be5dd866b68dc241fa8e,Time | Strathmore University- Production - Power (W) | Strathmore University- Production - Energy (Wh),2016,2016,0,"%m/%d/%y, %I:%M %p:2016",2024-07-14 00:00:00,2024-07-20 23:55:00,5 minutes,OK,,PV/production,PV/production markers,
data/raw/Data to be used/Data to be used/Latest Data/production/2024/Chart 2024_prod_week_35 03_21_2025 01_39 PM.csv,61803,.csv,ca0202e3d4644a19a12bb18616ee9c073661d43565bb2625c12da32680c66a1e,Time | Strathmore University- Production - Power (W) | Strathmore University- Production - Energy (Wh),2016,2016,0,"%m/%d/%y, %I:%M %p:2016",2024-07-20 00:00:00,2024-07-26 23:55:00,5 minutes,OK,,PV/production,PV/production markers,
data/raw/Data to be used/Data to be used/Latest Data/production/2024/Chart 2024_prod_week_36 03_21_2025 01_40 PM.csv,61482,.csv,20d11105f2146da102ff3bd31be9d83b68ed34fe8e106de8ff7b8583024f1014,Time | Strathmore University- Production - Power (W) | Strathmore University- Production - Energy (Wh),2016,2016,0,"%m/%d/%y, %I:%M %p:2016",2024-07-26 00:00:00,2024-08-01 23:55:00,5 minutes,OK,,PV/production,PV/production markers,
data/raw/Data to be used/Data to be used/Latest Data/production/2024/Chart 2024_prod_week_37 03_21_2025 01_40 PM.csv,60065,.csv,96c6bdb5914c7fc26a89d08afb86403a7405b6cb071cafe88b380ea1a33ccd79,Time | Strathmore University- Production - Power (W) | Strathmore University- Production - Energy (Wh),2016,2016,0,"%m/%d/%y, %I:%M %p:2016",2024-08-01 00:00:00,2024-08-07 23:55:00,5 minutes,OK,,PV/production,PV/production markers,
data/raw/Data to be used/Data to be used/Latest Data/production/2024/Chart 2024_prod_week_38 03_21_2025 01_41 PM.csv,60772,.csv,9279f432407b4d00b066f15e290097d75bef5b98abd987aa00448883afac9f8d,Time | Strathmore University- Production - Power (W) | Strathmore University- Production - Energy (Wh),2016,2016,0,"%m/%d/%y, %I:%M %p:2016",2024-08-07 00:00:00,2024-08-13 23:55:00,5 minutes,OK,,PV/production,PV/production markers,
data/raw/Data to be used/Data to be used/Latest Data/production/2024/Chart 2024_prod_week_39 03_21_2025 01_41 PM.csv,62314,.csv,a020d77e0b519af4851860b118a054f68fd19cf0e9ce779943fc0eed5d38a17f,Time | Strathmore University- Production - Power (W) | Strathmore University- Production - Energy (Wh),2016,2016,0,"%m/%d/%y, %I:%M %p:2016",2024-08-13 00:00:00,2024-08-19 23:55:00,5 minutes,OK,,PV/production,PV/production markers,
data/raw/Data to be used/Data to be used/Latest Data/production/2024/Chart 2024_prod_week_4 03_21_2025 01_21 PM.csv,62345,.csv,6c75c7369774b56da05ddea441b412895d96b16727aab9ab53801de06fc4682e,Time | Strathmore University- Production - Power (W) | Strathmore University- Production - Energy (Wh),2016,2016,0,"%m/%d/%y, %I:%M %p:2016",2024-01-20 00:00:00,2024-01-26 23:55:00,5 minutes,OK,,PV/production,PV/production markers,
data/raw/Data to be used/Data to be used/Latest Data/production/2024/Chart 2024_prod_week_40 03_21_2025 01_41 PM.csv,62314,.csv,e5d1693b10502184ece768f61eab2345ba06cd56480b9c0b1e67420644858786,Time | Strathmore University- Production - Energy (Wh) | Strathmore University- Production - Power (W),2016,2016,0,"%m/%d/%y, %I:%M %p:2016",2024-08-13 00:00:00,2024-08-19 23:55:00,5 minutes,OK,,PV/production,PV/production markers,
data/raw/Data to be used/Data to be used/Latest Data/production/2024/Chart 2024_prod_week_41 03_21_2025 01_42 PM.csv,62712,.csv,6b6ddcb7d0ae657556686746c730a394f33f75633dc369820f6e358afa528f14,Time | Strathmore University- Production - Power (W) | Strathmore University- Production - Energy (Wh),2016,2016,0,"%m/%d/%y, %I:%M %p:2016",2024-08-19 00:00:00,2024-08-25 23:55:00,5 minutes,OK,,PV/production,PV/production markers,
data/raw/Data to be used/Data to be used/Latest Data/production/2024/Chart 2024_prod_week_42 03_21_2025 01_42 PM.csv,62218,.csv,aabbb7bc782d9ba594050fde94ae5ad5bdf628f2ca47076c90381e0cfc8d030d,Time | Strathmore University- Production - Power (W) | Strathmore University- Production - Energy (Wh),2016,2016,0,"%m/%d/%y, %I:%M %p:2016",2024-08-25 00:00:00,2024-08-31 23:55:00,5 minutes,OK,,PV/production,PV/production markers,
data/raw/Data to be used/Data to be used/Latest Data/production/2024/Chart 2024_prod_week_43 03_21_2025 01_43 PM.csv,60047,.csv,7238481429ac4a044fb0deced9a4946d32e678884408cbcda1b66abe6b19e009,Time | Strathmore University- Production - Power (W) | Strathmore University- Production - Energy (Wh),2016,2016,0,"%m/%d/%y, %I:%M %p:2016",2024-08-31 00:00:00,2024-09-06 23:55:00,5 minutes,OK,,PV/production,PV/production markers,
data/raw/Data to be used/Data to be used/Latest Data/production/2024/Chart 2024_prod_week_44 03_21_2025 01_43 PM.csv,61507,.csv,89c2bd69ecf093ddc0a58a570b2b9e68e0868958d7a557934a5d7abdbb8eaf00,Time | Strathmore University- Production - Energy (Wh) | Strathmore University- Production - Power (W),2016,2016,0,"%m/%d/%y, %I:%M %p:2016",2024-09-06 00:00:00,2024-09-12 23:55:00,5 minutes,OK,,PV/production,PV/production markers,
data/raw/Data to be used/Data to be used/Latest Data/production/2024/Chart 2024_prod_week_45 03_21_2025 01_44 PM.csv,63133,.csv,d38d20ace7933a0a4dbf43f3fc4930f33f0afb2d2833784f912a20145346df34,Time | Strathmore University- Production - Power (W) | Strathmore University- Production - Energy (Wh),2016,2016,0,"%m/%d/%y, %I:%M %p:2016",2024-09-12 00:00:00,2024-09-18 23:55:00,5 minutes,OK,,PV/production,PV/production markers,
data/raw/Data to be used/Data to be used/Latest Data/production/2024/Chart 2024_prod_week_46 03_21_2025 01_44 PM.csv,62982,.csv,bdf320fab5da1d6fc2c6858efa5499af19fedbe1569afd2fb05e2a1bf5e232f7,Time | Strathmore University- Production - Power (W) | Strathmore University- Production - Energy (Wh),2016,2016,0,"%m/%d/%y, %I:%M %p:2016",2024-09-18 00:00:00,2024-09-24 23:55:00,5 minutes,OK,,PV/production,PV/production markers,
data/raw/Data to be used/Data to be used/Latest Data/production/2024/Chart 2024_prod_week_47 03_21_2025 01_44 PM.csv,62317,.csv,b7b36378856c1a7719c31f8548d3f614131a68a26dcc84fcea720c876726e5b5,Time | Strathmore University- Production - Energy (Wh) | Strathmore University- Production - Power (W),2016,2016,0,"%m/%d/%y, %I:%M %p:2016",2024-09-24 00:00:00,2024-09-30 23:55:00,5 minutes,OK,,PV/production,PV/production markers,
data/raw/Data to be used/Data to be used/Latest Data/production/2024/Chart 2024_prod_week_48 03_21_2025 01_45 PM.csv,62473,.csv,e2a70dc20249bc6c8e7c46e42e0884702e06660779b8323d483d32654775d279,Time | Strathmore University- Production - Power (W) | Strathmore University- Production - Energy (Wh),2016,2016,0,"%m/%d/%y, %I:%M %p:2016",2024-09-30 00:00:00,2024-10-06 23:55:00,5 minutes,OK,,PV/production,PV/production markers,
data/raw/Data to be used/Data to be used/Latest Data/production/2024/Chart 2024_prod_week_49 03_21_2025 01_45 PM.csv,63341,.csv,4ff8932bec27bebc7186f43a4b971c37205e30a402d79c92fa427b86f556da5e,Time | Strathmore University- Production - Power (W) | Strathmore University- Production - Energy (Wh),2016,2016,0,"%m/%d/%y, %I:%M %p:2016",2024-10-06 00:00:00,2024-10-12 23:55:00,5 minutes,OK,,PV/production,PV/production markers,
data/raw/Data to be used/Data to be used/Latest Data/production/2024/Chart 2024_prod_week_5 03_21_2025 01_22 PM.csv,61838,.csv,162b84b4ef72b91ef0903fd4680ce0d1ab3e9cd54601a7b7711df9a239cd4783,Time | Strathmore University- Production - Power (W) | Strathmore University- Production - Energy (Wh),2016,2016,0,"%m/%d/%y, %I:%M %p:2016",2024-01-27 00:00:00,2024-02-02 23:55:00,5 minutes,OK,,PV/production,PV/production markers,
data/raw/Data to be used/Data to be used/Latest Data/production/2024/Chart 2024_prod_week_50 03_21_2025 01_46 PM.csv,64213,.csv,a65a51f5a081ce7a882e071aac885750e9c7928a3381ad5c5188094835d596e8,Time | Strathmore University- Production - Energy (Wh) | Strathmore University- Production - Power (W),2016,2016,0,"%m/%d/%y, %I:%M %p:2016",2024-10-12 00:00:00,2024-10-18 23:55:00,5 minutes,OK,,PV/production,PV/production markers,
data/raw/Data to be used/Data to be used/Latest Data/production/2024/Chart 2024_prod_week_51 03_21_2025 01_46 PM.csv,64304,.csv,8453f62a7acecbe73d3f433ab4f81484c47113559f8d055a2b260ac227117584,Time | Strathmore University- Production - Energy (Wh) | Strathmore University- Production - Power (W),2016,2016,0,"%m/%d/%y, %I:%M %p:2016",2024-10-18 00:00:00,2024-10-24 23:55:00,5 minutes,OK,,PV/production,PV/production markers,
data/raw/Data to be used/Data to be used/Latest Data/production/2024/Chart 2024_prod_week_52 03_21_2025 01_47 PM.csv,64757,.csv,f2fde31cecc6c0dd5ebb9a6fed6453e3a71182687047329c800264f0b3490c2c,Time | Strathmore University- Production - Power (W) | Strathmore University- Production - Energy (Wh),2016,2016,0,"%m/%d/%y, %I:%M %p:2016",2024-10-24 00:00:00,2024-10-30 23:55:00,5 minutes,OK,,PV/production,PV/production markers,
data/raw/Data to be used/Data to be used/Latest Data/production/2024/Chart 2024_prod_week_53 03_21_2025 01_47 PM.csv,63324,.csv,e8864e2815c78e4cafaf174d7b32a3959eff599c1ad529510a3b1a6542da3f8e,Time | Strathmore University- Production - Energy (Wh) | Strathmore University- Production - Power (W),2016,2016,0,"%m/%d/%y, %I:%M %p:2016",2024-10-30 00:00:00,2024-11-05 23:55:00,5 minutes,OK,,PV/production,PV/production markers,
data/raw/Data to be used/Data to be used/Latest Data/production/2024/Chart 2024_prod_week_54 03_21_2025 01_48 PM.csv,63155,.csv,00c05e6f064a9223bd7aad474976f5bcdecd1382418fba0f6cba230a2b6a465c,Time | Strathmore University- Production - Power (W) | Strathmore University- Production - Energy (Wh),2016,2016,0,"%m/%d/%y, %I:%M %p:2016",2024-11-05 00:00:00,2024-11-11 23:55:00,5 minutes,OK,,PV/production,PV/production markers,
data/raw/Data to be used/Data to be used/Latest Data/production/2024/Chart 2024_prod_week_55 03_21_2025 01_48 PM.csv,64357,.csv,2b3c9adff06e52861bda32d63a3a2abd461fa842b4f8eac1206bb0232b3f850a,Time | Strathmore University- Production - Power (W) | Strathmore University- Production - Energy (Wh),2016,2016,0,"%m/%d/%y, %I:%M %p:2016",2024-11-11 00:00:00,2024-11-17 23:55:00,5 minutes,OK,,PV/production,PV/production markers,
data/raw/Data to be used/Data to be used/Latest Data/production/2024/Chart 2024_prod_week_56 03_21_2025 01_49 PM.csv,64657,.csv,1cbd428a5eb8fcf67c44c44393ad850b811354b4d960c8ca5ef68666581faae7,Time | Strathmore University- Production - Power (W) | Strathmore University- Production - Energy (Wh),2016,2016,0,"%m/%d/%y, %I:%M %p:2016",2024-11-17 00:00:00,2024-11-23 23:55:00,5 minutes,OK,,PV/production,PV/production markers,
data/raw/Data to be used/Data to be used/Latest Data/production/2024/Chart 2024_prod_week_57 03_21_2025 01_50 PM.csv,64295,.csv,031fb42cf27c3352ba1944c198bfeb0cdc424f345c79dc8a07b5c062da6fbb38,Time | Strathmore University- Production - Power (W) | Strathmore University- Production - Energy (Wh),2016,2016,0,"%m/%d/%y, %I:%M %p:2016",2024-11-23 00:00:00,2024-11-29 23:55:00,5 minutes,OK,,PV/production,PV/production markers,
data/raw/Data to be used/Data to be used/Latest Data/production/2024/Chart 2024_prod_week_58 03_21_2025 01_50 PM.csv,63138,.csv,402a41ce0b99e27a3831585713ce3863e62d83d2092946d4a2bc75eefaa71c15,Time | Strathmore University- Production - Energy (Wh) | Strathmore University- Production - Power (W),2016,2016,0,"%m/%d/%y, %I:%M %p:2016",2024-11-29 00:00:00,2024-12-05 23:55:00,5 minutes,OK,,PV/production,PV/production markers,
data/raw/Data to be used/Data to be used/Latest Data/production/2024/Chart 2024_prod_week_59 03_21_2025 01_51 PM.csv,63493,.csv,382f9615ed29603f0f140ed7aaa94a14b10f071d339f7afc143e9de40ab0de10,Time | Strathmore University- Production - Power (W) | Strathmore University- Production - Energy (Wh),2016,2016,0,"%m/%d/%y, %I:%M %p:2016",2024-12-05 00:00:00,2024-12-11 23:55:00,5 minutes,OK,,PV/production,PV/production markers,
data/raw/Data to be used/Data to be used/Latest Data/production/2024/Chart 2024_prod_week_6 03_21_2025 01_22 PM.csv,60801,.csv,50c8310268b91e2b3acf690cdf8ee491b9e030c7581d438a55e63accd9df3aa7,Time | Strathmore University- Production - Power (W) | Strathmore University- Production - Energy (Wh),2016,2016,0,"%m/%d/%y, %I:%M %p:2016",2024-02-03 00:00:00,2024-02-09 23:55:00,5 minutes,OK,,PV/production,PV/production markers,
data/raw/Data to be used/Data to be used/Latest Data/production/2024/Chart 2024_prod_week_60 03_21_2025 01_52 PM.csv,64884,.csv,6e68908ebe7067eec27fc9e15b9f80dd68c0937d0cda1b86a1689bfca9145839,Time | Strathmore University- Production - Power (W) | Strathmore University- Production - Energy (Wh),2016,2016,0,"%m/%d/%y, %I:%M %p:2016",2024-12-11 00:00:00,2024-12-17 23:55:00,5 minutes,OK,,PV/production,PV/production markers,
data/raw/Data to be used/Data to be used/Latest Data/production/2024/Chart 2024_prod_week_61 03_21_2025 01_52 PM.csv,64233,.csv,0d369817caf6c82f3dd281047b1471e6be33e48669a8e66ea34cf01da066454c,Time | Strathmore University- Production - Power (W) | Strathmore University- Production - Energy (Wh),2016,2016,0,"%m/%d/%y, %I:%M %p:2016",2024-12-17 00:00:00,2024-12-23 23:55:00,5 minutes,OK,,PV/production,PV/production markers,
data/raw/Data to be used/Data to be used/Latest Data/production/2024/Chart 2024_prod_week_62 03_21_2025 01_53 PM.csv,64846,.csv,af5ab91ba11c03596fa1f2b793d0c9569e0cf172870ea3836d66aa6436281e6c,Time | Strathmore University- Production - Power (W) | Strathmore University- Production - Energy (Wh),2016,2016,0,"%m/%d/%y, %I:%M %p:2016",2024-12-23 00:00:00,2024-12-29 23:55:00,5 minutes,OK,,PV/production,PV/production markers,
data/raw/Data to be used/Data to be used/Latest Data/production/2024/Chart 2024_prod_week_65 03_21_2025 01_53 PM.csv,5473,.csv,e58fda1d3c24bbbb66cc884d2de4b0b88e5b51c76ef88c1394b92085fdb8854b,Time | Strathmore University- Production - Power (W) | Strathmore University- Production - Energy (Wh),168,168,0,"%m/%d/%y, %I:%M %p:168",2024-12-29 00:00:00,2025-01-04 23:00:00,60 minutes,OK,,PV/production,PV/production markers,
data/raw/Data to be used/Data to be used/Latest Data/production/2024/Chart 2024_prod_week_7 03_21_2025 01_24 PM.csv,62489,.csv,989b4c1ef34b238d0fc6a2f5222f1bf387ea7d225089946e0ddcde35403edc36,Time | Strathmore University- Production - Power (W) | Strathmore University- Production - Energy (Wh),2016,2016,0,"%m/%d/%y, %I:%M %p:2016",2024-02-09 00:00:00,2024-02-15 23:55:00,5 minutes,OK,,PV/production,PV/production markers,
data/raw/Data to be used/Data to be used/Latest Data/production/2024/Chart 2024_prod_week_8 03_21_2025 01_24 PM.csv,62715,.csv,8d7f049bfc4edc092e6f27b4f8872f7cb2900b58de2544302821c3da2eaef10a,Time | Strathmore University- Production - Power (W) | Strathmore University- Production - Energy (Wh),2016,2016,0,"%m/%d/%y, %I:%M %p:2016",2024-02-15 00:00:00,2024-02-21 23:55:00,5 minutes,OK,,PV/production,PV/production markers,
data/raw/Data to be used/Data to be used/Latest Data/production/2024/Chart 2024_prod_week_9 03_21_2025 01_25 PM.csv,62281,.csv,5edcf28c292f5d0c95984e5de99434fbb2a6203a38c0469dddd8a1e4cb9ac249,Time | Strathmore University- Production - Energy (Wh) | Strathmore University- Production - Power (W),2016,2016,0,"%m/%d/%y, %I:%M %p:2016",2024-02-21 00:00:00,2024-02-27 23:55:00,5 minutes,OK,,PV/production,PV/production markers,
data/raw/Data to be used/Data to be used/Latest Data/production/2025/Chart Feb_week_1_prod 03_21_2025 01_16 PM.csv,470004,.csv,431b7873884b6325cfc99630ac87a6deb6f49dc1ba637de6a34dbfb832bb0293,Time | Inv1- AC Production - Energy (Wh) | Inv1- AC Production - Power (W) | Inv2- AC Production - Energy (Wh) | Inv2- AC Production - Power (W) | Inv3- AC Production - Energy (Wh) | Inv3- AC Production - Power (W) | Inv4- AC Production - Energy (Wh) | Inv4- AC Production - Power (W) | Inv5- AC Production - Energy (Wh) | Inv5- AC Production - Power (W) | Inv6- AC Production - Energy (Wh) | Inv6- AC Production - Power (W) | Inv7- AC Production - Energy (Wh) | Inv7- AC Production - Power (W) | Inv8- AC Production - Energy (Wh) | Inv8- AC Production - Power (W) | Inv9- AC Production - Energy (Wh) | Inv9- AC Production - Power (W) | Inv10- AC Production - Energy (Wh) | Inv10- AC Production - Power (W) | Inv11- AC Production - Energy (Wh) | Inv11- AC Production - Power (W) | Inv12- AC Production - Energy (Wh) | Inv12- AC Production - Power (W) | Inv13- AC Production - Energy (Wh) | Inv13- AC Production - Power (W) | Inv14- AC Production - Energy (Wh) | Inv14- AC Production - Power (W) | Inv15- AC Production - Energy (Wh) | Inv15- AC Production - Power (W) | Inv16- AC Production - Energy (Wh) | Inv16- AC Production - Power (W) | Inv17- AC Production - Energy (Wh) | Inv17- AC Production - Power (W) | Inv18- AC Production - Energy (Wh) | Inv18- AC Production - Power (W) | Inv19- AC Production - Energy (Wh) | Inv19- AC Production - Power (W) | Inv20- AC Production - Energy (Wh) | Inv20- AC Production - Power (W) | Inv21- AC Production - Energy (Wh) | Inv21- AC Production - Power (W) | Inv22- AC Production - Energy (Wh) | Inv22- AC Production - Power (W) | Inv23- AC Production - Energy (Wh) | Inv23- AC Production - Power (W) | Inv24- AC Production - Energy (Wh) | Inv24- AC Production - Power (W) | Inv25- AC Production - Energy (Wh) | Inv25- AC Production - Power (W) | Inv26- AC Production - Energy (Wh) | Inv26- AC Production - Power (W),2016,2016,0,"%m/%d/%y, %I:%M %p:2016",2025-02-01 00:00:00,2025-02-07 23:55:00,5 minutes,OK,,PV/production,PV/production markers,
data/raw/Data to be used/Data to be used/Latest Data/production/2025/Chart Feb_week_2_prod 03_21_2025 01_16 PM.csv,468320,.csv,b9f88577b022e26027a245b86997b783bc4eddd4681758bacdfe41b14a2b60a9,Time | Inv1- AC Production - Energy (Wh) | Inv1- AC Production - Power (W) | Inv2- AC Production - Energy (Wh) | Inv2- AC Production - Power (W) | Inv3- AC Production - Energy (Wh) | Inv3- AC Production - Power (W) | Inv4- AC Production - Energy (Wh) | Inv4- AC Production - Power (W) | Inv5- AC Production - Energy (Wh) | Inv5- AC Production - Power (W) | Inv6- AC Production - Energy (Wh) | Inv6- AC Production - Power (W) | Inv7- AC Production - Energy (Wh) | Inv7- AC Production - Power (W) | Inv8- AC Production - Energy (Wh) | Inv8- AC Production - Power (W) | Inv9- AC Production - Energy (Wh) | Inv9- AC Production - Power (W) | Inv10- AC Production - Energy (Wh) | Inv10- AC Production - Power (W) | Inv11- AC Production - Energy (Wh) | Inv11- AC Production - Power (W) | Inv12- AC Production - Energy (Wh) | Inv12- AC Production - Power (W) | Inv13- AC Production - Energy (Wh) | Inv13- AC Production - Power (W) | Inv14- AC Production - Energy (Wh) | Inv14- AC Production - Power (W) | Inv15- AC Production - Energy (Wh) | Inv15- AC Production - Power (W) | Inv16- AC Production - Energy (Wh) | Inv16- AC Production - Power (W) | Inv17- AC Production - Energy (Wh) | Inv17- AC Production - Power (W) | Inv18- AC Production - Energy (Wh) | Inv18- AC Production - Power (W) | Inv19- AC Production - Energy (Wh) | Inv19- AC Production - Power (W) | Inv20- AC Production - Energy (Wh) | Inv20- AC Production - Power (W) | Inv21- AC Production - Energy (Wh) | Inv21- AC Production - Power (W) | Inv22- AC Production - Energy (Wh) | Inv22- AC Production - Power (W) | Inv23- AC Production - Energy (Wh) | Inv23- AC Production - Power (W) | Inv24- AC Production - Energy (Wh) | Inv24- AC Production - Power (W) | Inv25- AC Production - Energy (Wh) | Inv25- AC Production - Power (W) | Inv26- AC Production - Energy (Wh) | Inv26- AC Production - Power (W),2016,2016,0,"%m/%d/%y, %I:%M %p:2016",2025-02-08 00:00:00,2025-02-14 23:55:00,5 minutes,OK,,PV/production,PV/production markers,
data/raw/Data to be used/Data to be used/Latest Data/production/2025/Chart Feb_week_3_prod 03_21_2025 01_15 PM.csv,336360,.csv,a6171596817f16fe11cf927f6c22ffd22903b79175933b571ed338679c8dd84f,Time | Inv1- AC Production - Power (W) | Inv1- AC Production - Energy (Wh) | Inv2- AC Production - Power (W) | Inv2- AC Production - Energy (Wh) | Inv3- AC Production - Power (W) | Inv3- AC Production - Energy (Wh) | Inv4- AC Production - Power (W) | Inv4- AC Production - Energy (Wh) | Inv5- AC Production - Power (W) | Inv5- AC Production - Energy (Wh) | Inv6- AC Production - Power (W) | Inv6- AC Production - Energy (Wh) | Inv7- AC Production - Power (W) | Inv7- AC Production - Energy (Wh) | Inv8- AC Production - Power (W) | Inv8- AC Production - Energy (Wh) | Inv9- AC Production - Power (W) | Inv9- AC Production - Energy (Wh) | Inv10- AC Production - Power (W) | Inv10- AC Production - Energy (Wh) | Inv11- AC Production - Power (W) | Inv11- AC Production - Energy (Wh) | Inv12- AC Production - Power (W) | Inv12- AC Production - Energy (Wh) | Inv13- AC Production - Power (W) | Inv13- AC Production - Energy (Wh) | Inv14- AC Production - Power (W) | Inv14- AC Production - Energy (Wh) | Inv15- AC Production - Power (W) | Inv15- AC Production - Energy (Wh) | Inv16- AC Production - Power (W) | Inv16- AC Production - Energy (Wh) | Inv17- AC Production - Power (W) | Inv17- AC Production - Energy (Wh) | Inv18- AC Production - Power (W) | Inv18- AC Production - Energy (Wh) | Inv19- AC Production - Power (W) | Inv19- AC Production - Energy (Wh) | Inv20- AC Production - Power (W) | Inv20- AC Production - Energy (Wh) | Inv21- AC Production - Power (W) | Inv21- AC Production - Energy (Wh) | Inv22- AC Production - Power (W) | Inv22- AC Production - Energy (Wh) | Inv23- AC Production - Power (W) | Inv23- AC Production - Energy (Wh) | Inv24- AC Production - Power (W) | Inv24- AC Production - Energy (Wh) | Inv25- AC Production - Power (W) | Inv25- AC Production - Energy (Wh) | Inv26- AC Production - Power (W) | Inv26- AC Production - Energy (Wh),2016,2016,0,"%m/%d/%y, %I:%M %p:2016",2025-02-15 00:00:00,2025-02-21 23:55:00,5 minutes,OK,,PV/production,PV/production markers,
data/raw/Data to be used/Data to be used/Latest Data/production/2025/Chart Feb_week_4_prod 03_21_2025 01_15 PM.csv,444362,.csv,34ea9b574e3f20e2f564156352b8e5eadecec67e4ccc4f8e920d834b438212c2,Time | Inv1- AC Production - Energy (Wh) | Inv1- AC Production - Power (W) | Inv2- AC Production - Energy (Wh) | Inv2- AC Production - Power (W) | Inv3- AC Production - Energy (Wh) | Inv3- AC Production - Power (W) | Inv4- AC Production - Energy (Wh) | Inv4- AC Production - Power (W) | Inv5- AC Production - Energy (Wh) | Inv5- AC Production - Power (W) | Inv6- AC Production - Energy (Wh) | Inv6- AC Production - Power (W) | Inv7- AC Production - Energy (Wh) | Inv7- AC Production - Power (W) | Inv8- AC Production - Energy (Wh) | Inv8- AC Production - Power (W) | Inv9- AC Production - Energy (Wh) | Inv9- AC Production - Power (W) | Inv10- AC Production - Energy (Wh) | Inv10- AC Production - Power (W) | Inv11- AC Production - Energy (Wh) | Inv11- AC Production - Power (W) | Inv12- AC Production - Energy (Wh) | Inv12- AC Production - Power (W) | Inv13- AC Production - Energy (Wh) | Inv13- AC Production - Power (W) | Inv14- AC Production - Energy (Wh) | Inv14- AC Production - Power (W) | Inv15- AC Production - Energy (Wh) | Inv15- AC Production - Power (W) | Inv16- AC Production - Energy (Wh) | Inv16- AC Production - Power (W) | Inv17- AC Production - Energy (Wh) | Inv17- AC Production - Power (W) | Inv18- AC Production - Energy (Wh) | Inv18- AC Production - Power (W) | Inv19- AC Production - Energy (Wh) | Inv19- AC Production - Power (W) | Inv20- AC Production - Energy (Wh) | Inv20- AC Production - Power (W) | Inv21- AC Production - Energy (Wh) | Inv21- AC Production - Power (W) | Inv22- AC Production - Energy (Wh) | Inv22- AC Production - Power (W) | Inv23- AC Production - Energy (Wh) | Inv23- AC Production - Power (W) | Inv24- AC Production - Energy (Wh) | Inv24- AC Production - Power (W) | Inv25- AC Production - Energy (Wh) | Inv25- AC Production - Power (W) | Inv26- AC Production - Energy (Wh) | Inv26- AC Production - Power (W),2016,2016,0,"%m/%d/%y, %I:%M %p:2016",2025-02-22 00:00:00,2025-02-28 23:55:00,5 minutes,OK,,PV/production,PV/production markers,
data/raw/Data to be used/Data to be used/Latest Data/production/2025/Chart March_week_1_prod 03_21_2025 01_14 PM.csv,448910,.csv,4bc97916d1388bcb2d1a375b8b80bc493a07f4710ff0c9fcc08a717bb2c5322b,Time | Inv1- AC Production - Energy (Wh) | Inv1- AC Production - Power (W) | Inv2- AC Production - Energy (Wh) | Inv2- AC Production - Power (W) | Inv3- AC Production - Energy (Wh) | Inv3- AC Production - Power (W) | Inv4- AC Production - Energy (Wh) | Inv4- AC Production - Power (W) | Inv5- AC Production - Energy (Wh) | Inv5- AC Production - Power (W) | Inv6- AC Production - Energy (Wh) | Inv6- AC Production - Power (W) | Inv7- AC Production - Energy (Wh) | Inv7- AC Production - Power (W) | Inv8- AC Production - Energy (Wh) | Inv8- AC Production - Power (W) | Inv9- AC Production - Energy (Wh) | Inv9- AC Production - Power (W) | Inv10- AC Production - Energy (Wh) | Inv10- AC Production - Power (W) | Inv11- AC Production - Energy (Wh) | Inv11- AC Production - Power (W) | Inv12- AC Production - Energy (Wh) | Inv12- AC Production - Power (W) | Inv13- AC Production - Energy (Wh) | Inv13- AC Production - Power (W) | Inv14- AC Production - Energy (Wh) | Inv14- AC Production - Power (W) | Inv15- AC Production - Energy (Wh) | Inv15- AC Production - Power (W) | Inv16- AC Production - Energy (Wh) | Inv16- AC Production - Power (W) | Inv17- AC Production - Energy (Wh) | Inv17- AC Production - Power (W) | Inv18- AC Production - Energy (Wh) | Inv18- AC Production - Power (W) | Inv19- AC Production - Energy (Wh) | Inv19- AC Production - Power (W) | Inv20- AC Production - Energy (Wh) | Inv20- AC Production - Power (W) | Inv21- AC Production - Energy (Wh) | Inv21- AC Production - Power (W) | Inv22- AC Production - Energy (Wh) | Inv22- AC Production - Power (W) | Inv23- AC Production - Energy (Wh) | Inv23- AC Production - Power (W) | Inv24- AC Production - Energy (Wh) | Inv24- AC Production - Power (W) | Inv25- AC Production - Energy (Wh) | Inv25- AC Production - Power (W) | Inv26- AC Production - Energy (Wh) | Inv26- AC Production - Power (W),2016,2016,0,"%m/%d/%y, %I:%M %p:2016",2025-03-01 00:00:00,2025-03-07 23:55:00,5 minutes,OK,,PV/production,PV/production markers,CONTAINS_MARCH_2025_DO_NOT_USE_FOR_TRAINING
data/raw/Data to be used/Data to be used/Latest Data/production/2025/Chart March_week_2_prod 03_21_2025 01_13 PM.csv,430441,.csv,13f34b7af888d18d45908435ecd73bf46fc26fadcb0ea65bc60c3a0f37856447,Time | Inv1- AC Production - Power (W) | Inv1- AC Production - Energy (Wh) | Inv2- AC Production - Power (W) | Inv2- AC Production - Energy (Wh) | Inv3- AC Production - Power (W) | Inv3- AC Production - Energy (Wh) | Inv4- AC Production - Power (W) | Inv4- AC Production - Energy (Wh) | Inv5- AC Production - Power (W) | Inv5- AC Production - Energy (Wh) | Inv6- AC Production - Power (W) | Inv6- AC Production - Energy (Wh) | Inv7- AC Production - Power (W) | Inv7- AC Production - Energy (Wh) | Inv8- AC Production - Power (W) | Inv8- AC Production - Energy (Wh) | Inv9- AC Production - Power (W) | Inv9- AC Production - Energy (Wh) | Inv10- AC Production - Power (W) | Inv10- AC Production - Energy (Wh) | Inv11- AC Production - Power (W) | Inv11- AC Production - Energy (Wh) | Inv12- AC Production - Power (W) | Inv12- AC Production - Energy (Wh) | Inv13- AC Production - Power (W) | Inv13- AC Production - Energy (Wh) | Inv14- AC Production - Power (W) | Inv14- AC Production - Energy (Wh) | Inv15- AC Production - Power (W) | Inv15- AC Production - Energy (Wh) | Inv16- AC Production - Power (W) | Inv16- AC Production - Energy (Wh) | Inv17- AC Production - Power (W) | Inv17- AC Production - Energy (Wh) | Inv18- AC Production - Power (W) | Inv18- AC Production - Energy (Wh) | Inv19- AC Production - Power (W) | Inv19- AC Production - Energy (Wh) | Inv20- AC Production - Power (W) | Inv20- AC Production - Energy (Wh) | Inv21- AC Production - Power (W) | Inv21- AC Production - Energy (Wh) | Inv22- AC Production - Power (W) | Inv22- AC Production - Energy (Wh) | Inv23- AC Production - Power (W) | Inv23- AC Production - Energy (Wh) | Inv24- AC Production - Power (W) | Inv24- AC Production - Energy (Wh) | Inv25- AC Production - Power (W) | Inv25- AC Production - Energy (Wh) | Inv26- AC Production - Power (W) | Inv26- AC Production - Energy (Wh),2016,2016,0,"%m/%d/%y, %I:%M %p:2016",2025-03-08 00:00:00,2025-03-14 23:55:00,5 minutes,OK,,PV/production,PV/production markers,CONTAINS_MARCH_2025_DO_NOT_USE_FOR_TRAINING
data/raw/Data to be used/Data to be used/Latest Data/production/2025/Chart March_week_3_prod 03_21_2025 01_13 PM.csv,430058,.csv,309b97b9558054e14452aebf84b892b7da3751f54e097fc7eb402414dd3cf801,Time | Inv1- AC Production - Power (W) | Inv1- AC Production - Energy (Wh) | Inv2- AC Production - Power (W) | Inv2- AC Production - Energy (Wh) | Inv3- AC Production - Power (W) | Inv3- AC Production - Energy (Wh) | Inv4- AC Production - Power (W) | Inv4- AC Production - Energy (Wh) | Inv5- AC Production - Power (W) | Inv5- AC Production - Energy (Wh) | Inv6- AC Production - Power (W) | Inv6- AC Production - Energy (Wh) | Inv7- AC Production - Power (W) | Inv7- AC Production - Energy (Wh) | Inv8- AC Production - Power (W) | Inv8- AC Production - Energy (Wh) | Inv9- AC Production - Power (W) | Inv9- AC Production - Energy (Wh) | Inv10- AC Production - Power (W) | Inv10- AC Production - Energy (Wh) | Inv11- AC Production - Power (W) | Inv11- AC Production - Energy (Wh) | Inv12- AC Production - Power (W) | Inv12- AC Production - Energy (Wh) | Inv13- AC Production - Power (W) | Inv13- AC Production - Energy (Wh) | Inv14- AC Production - Power (W) | Inv14- AC Production - Energy (Wh) | Inv15- AC Production - Power (W) | Inv15- AC Production - Energy (Wh) | Inv16- AC Production - Power (W) | Inv16- AC Production - Energy (Wh) | Inv17- AC Production - Power (W) | Inv17- AC Production - Energy (Wh) | Inv18- AC Production - Power (W) | Inv18- AC Production - Energy (Wh) | Inv19- AC Production - Power (W) | Inv19- AC Production - Energy (Wh) | Inv20- AC Production - Power (W) | Inv20- AC Production - Energy (Wh) | Inv21- AC Production - Power (W) | Inv21- AC Production - Energy (Wh) | Inv22- AC Production - Power (W) | Inv22- AC Production - Energy (Wh) | Inv23- AC Production - Power (W) | Inv23- AC Production - Energy (Wh) | Inv24- AC Production - Power (W) | Inv24- AC Production - Energy (Wh) | Inv25- AC Production - Power (W) | Inv25- AC Production - Energy (Wh) | Inv26- AC Production - Power (W) | Inv26- AC Production - Energy (Wh),2016,2016,0,"%m/%d/%y, %I:%M %p:2016",2025-03-15 00:00:00,2025-03-21 23:55:00,5 minutes,OK,,PV/production,PV/production markers,CONTAINS_MARCH_2025_DO_NOT_USE_FOR_TRAINING
data/raw/Data to be used/Data to be used/Latest Data/production/2025/Chart production_week-6 03_21_2025 01_07 PM.csv,60776,.csv,d3e8789d478c8c30ed8368f0e3ef800097d56baad8271f41b2e695262f023c2c,Time | Strathmore University- Production - Power (W) | Strathmore University- Production - Energy (Wh),2016,2016,0,"%m/%d/%y, %I:%M %p:2016",2025-02-01 00:00:00,2025-02-07 23:55:00,5 minutes,OK,,PV/production,PV/production markers,
data/raw/Data to be used/Data to be used/Latest Data/production/2025/Chart production_week_10 03_21_2025 01_09 PM.csv,60638,.csv,0f62634d29e862f8e2368f4d1bf13c50f742905f5fac91c70891a7b5990658ec,Time | Strathmore University- Production - Power (W) | Strathmore University- Production - Energy (Wh),2016,2016,0,"%m/%d/%y, %I:%M %p:2016",2025-03-01 00:00:00,2025-03-07 23:55:00,5 minutes,OK,,PV/production,PV/production markers,CONTAINS_MARCH_2025_DO_NOT_USE_FOR_TRAINING
data/raw/Data to be used/Data to be used/Latest Data/production/2025/Chart production_week_11 03_21_2025 01_10 PM.csv,64952,.csv,acab352723bdd865ccd69b885bc6e5dd0eb8864fb94645868ae195e03839c5f8,Time | Strathmore University- Production - Power (W) | Strathmore University- Production - Energy (Wh),2016,2016,0,"%m/%d/%y, %I:%M %p:2016",2025-03-08 00:00:00,2025-03-14 23:55:00,5 minutes,OK,,PV/production,PV/production markers,CONTAINS_MARCH_2025_DO_NOT_USE_FOR_TRAINING
data/raw/Data to be used/Data to be used/Latest Data/production/2025/Chart production_week_12 03_21_2025 01_11 PM.csv,62021,.csv,483b31f2e24bf0cdb51453bdc84479f419eaffa7eb1cee26850e42b37c623567,Time | Strathmore University- Production - Power (W) | Strathmore University- Production - Energy (Wh),2016,2016,0,"%m/%d/%y, %I:%M %p:2016",2025-03-15 00:00:00,2025-03-21 23:55:00,5 minutes,OK,,PV/production,PV/production markers,CONTAINS_MARCH_2025_DO_NOT_USE_FOR_TRAINING
data/raw/Data to be used/Data to be used/Latest Data/production/2025/Chart Production_week_2 03_21_2025 01_01 PM (1).csv,60988,.csv,34e7cca04ed5f410ec8d836c05ad7c3dd9451f5ea0e9c39dfceefdfbf9508c22,Time | Strathmore University- Production - Energy (Wh) | Strathmore University- Production - Power (W),2016,2016,0,"%m/%d/%y, %I:%M %p:2016",2025-01-04 00:00:00,2025-01-10 23:55:00,5 minutes,OK,,PV/production,PV/production markers,
data/raw/Data to be used/Data to be used/Latest Data/production/2025/Chart Production_week_3 03_21_2025 01_05 PM.csv,62776,.csv,63ee15767ca0d314e63689ab69ae8682e6a8f24475a4bc2a5465061188f8577c,Time | Strathmore University- Production - Power (W) | Strathmore University- Production - Energy (Wh),2016,2016,0,"%m/%d/%y, %I:%M %p:2016",2025-01-11 00:00:00,2025-01-17 23:55:00,5 minutes,OK,,PV/production,PV/production markers,
data/raw/Data to be used/Data to be used/Latest Data/production/2025/Chart production_week_4 03_21_2025 01_02 PM.csv,62863,.csv,cb6042cb07766bc7f82d27a7383a6588600425c3866bc4588f27de83fb41fe86,Time | Strathmore University- Production - Power (W) | Strathmore University- Production - Energy (Wh),2016,2016,0,"%m/%d/%y, %I:%M %p:2016",2025-01-18 00:00:00,2025-01-24 23:55:00,5 minutes,OK,,PV/production,PV/production markers,
data/raw/Data to be used/Data to be used/Latest Data/production/2025/Chart production_week_5 03_21_2025 01_03 PM.csv,61691,.csv,1a6aafab709ac36ba626be8f48ae3421abbe4e4ea60dcc735dc1bbcabb0eeb75,Time | Strathmore University- Production - Power (W) | Strathmore University- Production - Energy (Wh),2016,2016,0,"%m/%d/%y, %I:%M %p:2016",2025-01-25 00:00:00,2025-01-31 23:55:00,5 minutes,OK,,PV/production,PV/production markers,
data/raw/Data to be used/Data to be used/Latest Data/production/2025/Chart production_week_7 03_21_2025 01_07 PM.csv,62182,.csv,34646d63598a0e55915f1057bbf7497bb17e003d71be42b1d96bfc28d86de57a,Time | Strathmore University- Production - Power (W) | Strathmore University- Production - Energy (Wh),2016,2016,0,"%m/%d/%y, %I:%M %p:2016",2025-02-08 00:00:00,2025-02-14 23:55:00,5 minutes,OK,,PV/production,PV/production markers,
data/raw/Data to be used/Data to be used/Latest Data/production/2025/Chart production_week_8 03_21_2025 01_08 PM.csv,62748,.csv,1ea0b13a5ec7d943e16eacaeda71993f600b9b1baca2a84e0fba26c2c1de1d84,Time | Strathmore University- Production - Power (W) | Strathmore University- Production - Energy (Wh),2016,2016,0,"%m/%d/%y, %I:%M %p:2016",2025-02-15 00:00:00,2025-02-21 23:55:00,5 minutes,OK,,PV/production,PV/production markers,
data/raw/Data to be used/Data to be used/Latest Data/production/2025/Chart production_week_9 03_21_2025 01_08 PM.csv,62650,.csv,15812e99aa7a29c6a6956fc931f18cae3563f308bec0f72a12a716293bd33607,Time | Strathmore University- Production - Power (W) | Strathmore University- Production - Energy (Wh),2016,2016,0,"%m/%d/%y, %I:%M %p:2016",2025-02-22 00:00:00,2025-02-28 23:55:00,5 minutes,OK,,PV/production,PV/production markers,
data/raw/Data to be used/Data to be used/Latest Data/production/2025/Production_combined_2025.csv,677274,.csv,2dd82f281732341efbd2828b360faac631f7a35904e7f2915f1f55468320cc23,Time | Strathmore University- Production - Energy (Wh) | Strathmore University- Production - Power (W),22176,22176,0,"%m/%d/%y, %I:%M %p:22176",2024-12-28 00:00:00,2025-03-21 23:55:00,5 minutes,ROW_DATE_RANGE_CHECK expected_about_24192_parsed_22176_duplicate_timestamps_0,,combined/model dataset,PV/production markers; combined/dataset marker,CONTAINS_MARCH_2025_DO_NOT_USE_FOR_TRAINING
data/raw/Data to be used/Data to be used/Latest Data/production/2025/Production_combined_power_2025.csv,561971,.csv,b07bf1d538fcfb5415aa9318dd728c091bf7dabd7e13070b06b56c133b4ae178,Time | Strathmore University- Production - Power (W),22176,22176,0,"%m/%d/%y, %I:%M %p:22176",2024-12-28 00:00:00,2025-03-21 23:55:00,5 minutes,ROW_DATE_RANGE_CHECK expected_about_24192_parsed_22176_duplicate_timestamps_0,,combined/model dataset,PV/production markers; combined/dataset marker,CONTAINS_MARCH_2025_DO_NOT_USE_FOR_TRAINING
data/raw/Data to be used/Data to be used/Latest Data/production/2025/Production_feb_2025.csv,2669767,.csv,20bdc2f17da4c376753b9c5d41dfe89f152477fd46e5b8ba1c2ca0fa8d64075f,Time | Inv1- AC Production - Energy (Wh) | Inv1- AC Production - Power (W) | Inv2- AC Production - Energy (Wh) | Inv2- AC Production - Power (W) | Inv3- AC Production - Energy (Wh) | Inv3- AC Production - Power (W) | Inv4- AC Production - Energy (Wh) | Inv4- AC Production - Power (W) | Inv5- AC Production - Energy (Wh) | Inv5- AC Production - Power (W) | Inv6- AC Production - Energy (Wh) | Inv6- AC Production - Power (W) | Inv7- AC Production - Energy (Wh) | Inv7- AC Production - Power (W) | Inv8- AC Production - Energy (Wh) | Inv8- AC Production - Power (W) | Inv9- AC Production - Energy (Wh) | Inv9- AC Production - Power (W) | Inv10- AC Production - Energy (Wh) | Inv10- AC Production - Power (W) | Inv11- AC Production - Energy (Wh) | Inv11- AC Production - Power (W) | Inv12- AC Production - Energy (Wh) | Inv12- AC Production - Power (W) | Inv13- AC Production - Energy (Wh) | Inv13- AC Production - Power (W) | Inv14- AC Production - Energy (Wh) | Inv14- AC Production - Power (W) | Inv15- AC Production - Energy (Wh) | Inv15- AC Production - Power (W) | Inv16- AC Production - Energy (Wh) | Inv16- AC Production - Power (W) | Inv17- AC Production - Energy (Wh) | Inv17- AC Production - Power (W) | Inv18- AC Production - Energy (Wh) | Inv18- AC Production - Power (W) | Inv19- AC Production - Energy (Wh) | Inv19- AC Production - Power (W) | Inv20- AC Production - Energy (Wh) | Inv20- AC Production - Power (W) | Inv21- AC Production - Energy (Wh) | Inv21- AC Production - Power (W) | Inv22- AC Production - Energy (Wh) | Inv22- AC Production - Power (W) | Inv23- AC Production - Energy (Wh) | Inv23- AC Production - Power (W) | Inv24- AC Production - Energy (Wh) | Inv24- AC Production - Power (W) | Inv25- AC Production - Energy (Wh) | Inv25- AC Production - Power (W) | Inv26- AC Production - Energy (Wh) | Inv26- AC Production - Power (W),14113,14112,1,"%m/%d/%y, %I:%M %p:14112",2025-02-01 00:00:00,2025-03-21 23:55:00,5 minutes,OK,,PV/production,PV/production markers,CONTAINS_MARCH_2025_DO_NOT_USE_FOR_TRAINING
data/raw/Data to be used/Data to be used/Latest Data/production/2025/production_power_2025.csv,1424951,.csv,376e827153a8f0be966e74f8baaa19276fcd43862396a31931638fda819f927d,Time | Inv1- AC Production - Power (W) | Inv2- AC Production - Power (W) | Inv3- AC Production - Power (W) | Inv4- AC Production - Power (W) | Inv5- AC Production - Power (W) | Inv6- AC Production - Power (W) | Inv7- AC Production - Power (W) | Inv8- AC Production - Power (W) | Inv9- AC Production - Power (W) | Inv10- AC Production - Power (W) | Inv11- AC Production - Power (W) | Inv12- AC Production - Power (W) | Inv13- AC Production - Power (W) | Inv14- AC Production - Power (W) | Inv15- AC Production - Power (W) | Inv16- AC Production - Power (W) | Inv17- AC Production - Power (W) | Inv18- AC Production - Power (W) | Inv19- AC Production - Power (W) | Inv20- AC Production - Power (W) | Inv21- AC Production - Power (W) | Inv22- AC Production - Power (W) | Inv23- AC Production - Power (W) | Inv24- AC Production - Power (W) | Inv25- AC Production - Power (W) | Inv26- AC Production - Power (W),14113,14112,1,"%m/%d/%y, %I:%M %p:14112",2025-02-01 00:00:00,2025-03-21 23:55:00,5 minutes,OK,,PV/production,PV/production markers,CONTAINS_MARCH_2025_DO_NOT_USE_FOR_TRAINING
data/raw/Data to be used/Data to be used/Latest Data/Weather/February/Chart weather_feb_week2 03_21_2025 02_11 PM.csv,45748,.csv,0d8ee782c62be10c83d111fee94f4d3c9b3d572a7f0bf95aecdebb37556091d6,Time | Weather- Temperature (C) | Weather- Humidity (%),2016,2016,0,"%m/%d/%y, %I:%M %p:2016",2025-02-08 00:00:00,2025-02-14 23:55:00,5 minutes,OK,,weather,weather markers,
data/raw/Data to be used/Data to be used/Latest Data/Weather/February/Chart weather_feb_week_1 03_21_2025 02_12 PM.csv,44288,.csv,8fb5caec3d286ad1c7bda78bddedd1be83c312fc006c2650f05bbc1121e286d7,Time | Weather- Humidity (%) | Weather- Temperature (C),2016,2016,0,"%m/%d/%y, %I:%M %p:2016",2025-02-01 00:00:00,2025-02-07 23:55:00,5 minutes,OK,,weather,weather markers,
data/raw/Data to be used/Data to be used/Latest Data/Weather/February/Chart weather_feb_week_1_wind 03_21_2025 02_08 PM.csv,4056,.csv,8eeb7237062dd279b8de8714b8e36556f52724692db3470e091261068a5ca93c,Time | Weather- Wind Speed (Km/h),168,168,0,"%m/%d/%y, %I:%M %p:168",2025-02-01 00:00:00,2025-02-07 23:00:00,60 minutes,OK,,weather,weather markers,
data/raw/Data to be used/Data to be used/Latest Data/Weather/February/Chart weather_feb_week_2_wind 03_21_2025 02_09 PM.csv,42941,.csv,c177150758eb20d9316b97a8f246426ed1407117d242e4f76eab8fa9de7a6591,Time | Weather- Wind Speed (Km/h),2016,2016,0,"%m/%d/%y, %I:%M %p:2016",2025-02-08 00:00:00,2025-02-14 23:55:00,5 minutes,OK,,weather,weather markers,
data/raw/Data to be used/Data to be used/Latest Data/Weather/February/Chart weather_feb_week_3 03_21_2025 02_11 PM.csv,46288,.csv,b8ed40d25c338be39e7db46a44b79c93b078c89a2da3bcedc36659b2b4847e5a,Time | Weather- Humidity (%) | Weather- Temperature (C),2016,2016,0,"%m/%d/%y, %I:%M %p:2016",2025-02-15 00:00:00,2025-02-21 23:55:00,5 minutes,OK,,weather,weather markers,
data/raw/Data to be used/Data to be used/Latest Data/Weather/February/Chart weather_feb_week_3_wind 03_21_2025 02_09 PM.csv,43501,.csv,47e059afbd8a62c84fadb81086e4f2dc1b0abf3d09d52080687b6304d7acc3d2,Time | Weather- Wind Speed (Km/h),2016,2016,0,"%m/%d/%y, %I:%M %p:2016",2025-02-15 00:00:00,2025-02-21 23:55:00,5 minutes,OK,,weather,weather markers,
data/raw/Data to be used/Data to be used/Latest Data/Weather/February/Chart weather_feb_week_4 03_21_2025 02_10 PM.csv,46320,.csv,60ee8928e3954d3351a1d7c5f3dd099e3346e377d868734dc9a723802a57346d,Time | Weather- Temperature (C) | Weather- Humidity (%),2016,2016,0,"%m/%d/%y, %I:%M %p:2016",2025-02-22 00:00:00,2025-02-28 23:55:00,5 minutes,OK,,weather,weather markers,
data/raw/Data to be used/Data to be used/Latest Data/Weather/February/Chart weather_feb_week_4_wind 03_21_2025 02_10 PM.csv,43532,.csv,6fa5bcde74b245cc4dedebcc9e03196d929d796f93895807691eef202cec691b,Time | Weather- Wind Speed (Km/h),2016,2016,0,"%m/%d/%y, %I:%M %p:2016",2025-02-22 00:00:00,2025-02-28 23:55:00,5 minutes,OK,,weather,weather markers,
data/raw/Data to be used/Data to be used/Latest Data/Weather/March/Chart weather_march_week_1 03_21_2025 02_05 PM.csv,44303,.csv,7820aa60b28a05e242b58ee053ae4004adf749a83502f6e6966935f12f8b97db,Time | Weather- Humidity (%) | Weather- Temperature (C),2016,2016,0,"%m/%d/%y, %I:%M %p:2016",2025-03-01 00:00:00,2025-03-07 23:55:00,5 minutes,OK,,weather,weather markers,CONTAINS_MARCH_2025_DO_NOT_USE_FOR_TRAINING
data/raw/Data to be used/Data to be used/Latest Data/Weather/March/Chart weather_march_week_1_1 03_21_2025 02_07 PM.csv,41424,.csv,0e408f3e894af5b55beeec8fa9c8e40cf1366107d56fc7e47d30a987e5e68ebb,Time | Weather- Wind Speed (Km/h),2016,2016,0,"%m/%d/%y, %I:%M %p:2016",2025-03-01 00:00:00,2025-03-07 23:55:00,5 minutes,OK,,weather,weather markers,CONTAINS_MARCH_2025_DO_NOT_USE_FOR_TRAINING
data/raw/Data to be used/Data to be used/Latest Data/Weather/March/Chart weather_march_week_2 03_21_2025 02_05 PM.csv,45730,.csv,3119421a078f0c4bd6d58be684968374fccab40caa6e424f9603f78b10a8a2d6,Time | Weather- Humidity (%) | Weather- Temperature (C),2016,2016,0,"%m/%d/%y, %I:%M %p:2016",2025-03-08 00:00:00,2025-03-14 23:55:00,5 minutes,OK,,weather,weather markers,CONTAINS_MARCH_2025_DO_NOT_USE_FOR_TRAINING
data/raw/Data to be used/Data to be used/Latest Data/Weather/March/Chart weather_march_week_2_1 03_21_2025 02_07 PM.csv,42848,.csv,2d4deebb78bac73ae357f166b3fe159aed38acbd7402500c30c51a7bd0f74b6e,Time | Weather- Wind Speed (Km/h),2016,2016,0,"%m/%d/%y, %I:%M %p:2016",2025-03-08 00:00:00,2025-03-14 23:55:00,5 minutes,OK,,weather,weather markers,CONTAINS_MARCH_2025_DO_NOT_USE_FOR_TRAINING
data/raw/Data to be used/Data to be used/Latest Data/Weather/March/Chart Weather_march_week_3 03_21_2025 02_03 PM.csv,46255,.csv,237498a37de12f604043e2f80967e1821821f5c6b8c023a06734f1cf10561b01,Time | Weather- Humidity (%) | Weather- Temperature (C),2016,2016,0,"%m/%d/%y, %I:%M %p:2016",2025-03-15 00:00:00,2025-03-21 23:55:00,5 minutes,OK,,weather,weather markers,CONTAINS_MARCH_2025_DO_NOT_USE_FOR_TRAINING
data/raw/Data to be used/Data to be used/Latest Data/Weather/March/Chart weather_march_week_3_1 03_21_2025 02_04 PM.csv,43383,.csv,8a684c79e62e1546663815c3fd2df4f3c0f2c6cec8d7dc4b255138ae64e09940,Time | Weather- Wind Speed (Km/h),2016,2016,0,"%m/%d/%y, %I:%M %p:2016",2025-03-15 00:00:00,2025-03-21 23:55:00,5 minutes,OK,,weather,weather markers,CONTAINS_MARCH_2025_DO_NOT_USE_FOR_TRAINING
data/raw/Data to be used/Data to be used/New folder/2024_2025.csv,40985458,.csv,f367e7975071c108724400a5a6bd73228395a36d8e73c955fea3c0965b43d482,Time | Production Energy (Wh) | Production Power (W) | Consumption Energy (Wh) | Consumption Power (W) | KWh/KWp (%) Inv1 | Production Energy (Wh) | Production Power (W) | Consumption Energy (Wh) | Consumption Power (W) | KWh/KWp (%) Inv 2 | Production Energy (Wh) | Production Power (W) | Consumption Energy (Wh) | Consumption Power (W) | KWh/KWp (%) Inv 3 | Production Energy (Wh) | Production Power (W) | Consumption Energy (Wh) | Consumption Power (W) | KWh/KWp (%) Inv 4 | Production Energy (Wh) | Production Power (W) | Consumption Energy (Wh) | Consumption Power (W) | KWh/KWp (%) Inv 5 | Production Energy (Wh) | Production Power (W) | Consumption Energy (Wh) | Consumption Power (W) | KWh/KWp (%) Inv 6 | Production Energy (Wh) | Production Power (W) | Consumption Energy (Wh) | Consumption Power (W) | KWh/KWp (%) Inv 7 | Production Energy (Wh) | Production Power (W) | Consumption Energy (Wh) | Consumption Power (W) | KWh/KWp (%) Inv 8 | Production Energy (Wh) | Production Power (W) | Consumption Energy (Wh) | Consumption Power (W) | KWh/KWp (%) Inv 9 | Production Energy (Wh) | Production Power (W) | Consumption Energy (Wh) | Consumption Power (W) | KWh/KWp (%) Inv 10 | Production Energy (Wh) | Production Power (W) | Consumption Energy (Wh) | Consumption Power (W) | KWh/KWp (%) Inv 11 | Production Energy (Wh) | Production Power (W) | Consumption Energy (Wh) | Consumption Power (W) | KWh/KWp (%) Inv 12 | Production Energy (Wh) | Production Power (W) | Consumption Energy (Wh) | Consumption Power (W) | KWh/KWp (%) Inv 13 | Production Energy (Wh) | Production Power (W) | Consumption Energy (Wh) | Consumption Power (W) | KWh/KWp (%) Inv 14 | Production Energy (Wh) | Production Power (W) | Consumption Energy (Wh) | Consumption Power (W) | KWh/KWp (%) Inv 15 | Production Energy (Wh) | Production Power (W) | Consumption Energy (Wh) | Consumption Power (W) | KWh/KWp (%) Inv 16 | Production Energy (Wh) | Production Power (W) | Consumption Energy (Wh) | Consumption Power (W) | KWh/KWp (%) Inv 17 | Production Energy (Wh) | Production Power (W) | Consumption Energy (Wh) | Consumption Power (W) | KWh/KWp (%) Inv 18 | Production Energy (Wh) | Production Power (W) | Consumption Energy (Wh) | Consumption Power (W) | KWh/KWp (%) Inv 19 | Production Energy (Wh) | Production Power (W) | Consumption Energy (Wh) | Consumption Power (W) | KWh/KWp (%) Inv 20 | Production Energy (Wh) | Production Power (W) | Consumption Energy (Wh) | Consumption Power (W) | KWh/KWp (%) Inv 21 | Production Energy (Wh) | Production Power (W) | Consumption Energy (Wh) | Consumption Power (W) | KWh/KWp (%) Inv 22 | Production Energy (Wh) | Production Power (W) | Consumption Energy (Wh) | Consumption Power (W) | KWh/KWp (%) Inv 23 | Production Energy (Wh) | Production Power (W) | Consumption Energy (Wh) | Consumption Power (W) | KWh/KWp (%) Inv 24 | Production Energy (Wh) | Production Power (W) | Consumption Energy (Wh) | Consumption Power (W) | KWh/KWp (%) Inv 25 | Production Energy (Wh) | Production Power (W) | Consumption Energy (Wh) | Consumption Power (W) | KWh/KWp (%) Inv 26 |  |  | ,112897,112896,1,"%m/%d/%y, %I:%M %p:112896",2023-12-30 00:00:00,2025-01-31 23:55:00,5 minutes,OK,,PV/production,PV/production markers,
data/raw/Data to be used/Data to be used/New folder/2024_2025_template.csv,16338196,.csv,3f3806bc01792728f6ee97d1157909a53d8e4d75e1d897beeeb70ab72f63c241,Time | Production Energy (Wh) | Production Power (W) | KWh/KWp (%) Inv 2 |  |  |  |  |  |  |  |  |  |  |  |  |  |  |  |  |  |  |  |  |  |  |  |  |  |  |  |  |  |  |  |  |  |  |  |  |  |  |  |  |  |  |  |  |  |  |  |  |  |  |  |  |  |  |  |  |  |  |  |  |  |  |  |  |  |  |  |  |  |  |  |  |  |  |  |  |  |  |  |  |  |  |  |  |  |  |  |  |  |  |  |  |  |  |  |  |  |  |  |  |  |  |  |  |  |  |  |  |  |  |  |  |  |  |  |  |  |  |  |  |  |  | ,112815,60624,52191,"%m/%d/%y, %I:%M %p:60624",2023-12-30 06:50:00,2025-01-31 23:55:00,5 minutes,ROW_DATE_RANGE_CHECK expected_about_114830_parsed_60624_duplicate_timestamps_0,,template/other,PV/production markers; template/example marker,
data/raw/Data to be used/Data to be used/New folder/Production_2024_2025.csv,34061691,.csv,da91ca11469dcc13454a941f0a9ef67c2b8191145db3c00fa636aca38c4d2e50,Year | Month | Day | Hour | Production Energy (Wh) | Production Power (W) | KWh/KWp (%) Inv1 | Production Energy (Wh) | Production Power (W) | KWh/KWp (%) Inv 2 | Production Energy (Wh) | Production Power (W) | KWh/KWp (%) Inv 3 | Production Energy (Wh) | Production Power (W) | KWh/KWp (%) Inv 4 | Production Energy (Wh) | Production Power (W) | KWh/KWp (%) Inv 5 | Production Energy (Wh) | Production Power (W) | KWh/KWp (%) Inv 6 | Production Energy (Wh) | Production Power (W) | KWh/KWp (%) Inv 7 | Production Energy (Wh) | Production Power (W) | KWh/KWp (%) Inv 8 | Production Energy (Wh) | Production Power (W) | KWh/KWp (%) Inv 9 | Production Energy (Wh) | Production Power (W) | KWh/KWp (%) Inv 10 | Production Energy (Wh) | Production Power (W) | KWh/KWp (%) Inv 11 | Production Energy (Wh) | Production Power (W) | KWh/KWp (%) Inv 12 | Production Energy (Wh) | Production Power (W) | KWh/KWp (%) Inv 13 | Production Energy (Wh) | Production Power (W) | KWh/KWp (%) Inv 14 | Production Energy (Wh) | Production Power (W) | KWh/KWp (%) Inv 15 | Production Energy (Wh) | Production Power (W) | KWh/KWp (%) Inv 16 | Production Energy (Wh) | Production Power (W) | KWh/KWp (%) Inv 17 | Production Energy (Wh) | Production Power (W) | KWh/KWp (%) Inv 18 | Production Energy (Wh) | Production Power (W) | KWh/KWp (%) Inv 19 | Production Energy (Wh) | Production Power (W) | KWh/KWp (%) Inv 20 | Production Energy (Wh) | Production Power (W) | KWh/KWp (%) Inv 21 | Production Energy (Wh) | Production Power (W) | KWh/KWp (%) Inv 22 | Production Energy (Wh) | Production Power (W) | KWh/KWp (%) Inv 23 | Production Energy (Wh) | Production Power (W) | KWh/KWp (%) Inv 24 | Production Energy (Wh) | Production Power (W) | KWh/KWp (%) Inv 25 | Production Energy (Wh) | Production Power (W) | KWh/KWp (%) Inv 26 |  |  | ,112687,112686,1,separate date parts:112686,2023-12-30 06:00:00,2025-01-31 23:00:00,60 minutes,ROW_DATE_RANGE_CHECK expected_about_9570_parsed_112686_duplicate_timestamps_103294,,PV/production,PV/production markers,
data/raw/Data to be used/Data to be used/New folder/Production_2024_2025_Ver1.csv,29138143,.csv,e9415bcf83693ad8d991353e38bc6c19bc091d194532505c9a9c234bf3b72202,Year | Month | Day | Hour | Production Energy Inv 1(Wh) | Production Power Inv 1(W) | KWh/KWp (%) Inv1 | Production Energy Inv 2(Wh) | Production Power Inv 2(W) | KWh/KWp (%) Inv 2 | Production Energy Inv 3(Wh) | Production Power Inv 3(W) | KWh/KWp (%) Inv 3 | Production Energy Inv 4(Wh) | Production Power Inv 4(W) | KWh/KWp (%) Inv 4 | Production Energy Inv 5(Wh) | Production Power Inv 5(W) | KWh/KWp (%) Inv 5 | Production Energy Inv 6(Wh) | Production Power Inv 6(W) | KWh/KWp (%) Inv 6 | Production Energy Inv 7(Wh) | Production Power Inv 7(W) | KWh/KWp (%) Inv 7 | Production Energy Inv 8(Wh) | Production Power Inv 8(W) | KWh/KWp (%) Inv 8 | Production Energy Inv 9(Wh) | Production Power Inv 9(W) | KWh/KWp (%) Inv 9 | Production Energy Inv 10(Wh) | Production Power Inv 10(W) | KWh/KWp (%) Inv 10 | Production Energy Inv 11(Wh) | Production Power Inv 11(W) | KWh/KWp (%) Inv 11 | Production Energy Inv 12(Wh) | Production Power Inv 12(W) | KWh/KWp (%) Inv 12 | Production Energy Inv 13(Wh) | Production Power Inv 13(W) | KWh/KWp (%) Inv 13 | Production Energy Inv 14(Wh) | Production Power Inv 14(W) | KWh/KWp (%) Inv 14 | Production Energy Inv 15(Wh) | Production Power Inv 15(W) | KWh/KWp (%) Inv 15 | Production Energy Inv 16(Wh) | Production Power Inv 16(W) | KWh/KWp (%) Inv 16 | Production Energy Inv 17(Wh) | Production Power Inv 17(W) | KWh/KWp (%) Inv 17 | Production Energy Inv 18(Wh) | Production Power Inv 18(W) | KWh/KWp (%) Inv 18 | Production Energy Inv 19(Wh) | Production Power Inv 19(W) | KWh/KWp (%) Inv 19 | Production Energy Inv 20(Wh) | Production Power Inv 20(W) | KWh/KWp (%) Inv 20 | Production Energy Inv 21(Wh) | Production Power Inv 21(W) | KWh/KWp (%) Inv 21 | Production Energy Inv 22(Wh) | Production Power Inv 22(W) | KWh/KWp (%) Inv 22 | Production Energy Inv 23(Wh) | Production Power Inv 23(W) | KWh/KWp (%) Inv 23 | Production Energy Inv 24(Wh) | Production Power Inv 24(W) | KWh/KWp (%) Inv 24 | Production Energy Inv 25(Wh) | Production Power Inv 25(W) | KWh/KWp (%) Inv 25 | Production Energy Inv 26 (Wh) | Production Power Inv 26(W) | KWh/KWp (%) Inv 26 |  |  | ,64779,64778,1,separate date parts:64778,2023-12-30 06:00:00,2025-01-24 19:00:00,60 minutes,ROW_DATE_RANGE_CHECK expected_about_9398_parsed_64778_duplicate_timestamps_59378,,PV/production,PV/production markers,
data/raw/Data to be used/Data to be used/New folder/Training_Data.csv,29138143,.csv,e9415bcf83693ad8d991353e38bc6c19bc091d194532505c9a9c234bf3b72202,Year | Month | Day | Hour | Production Energy Inv 1(Wh) | Production Power Inv 1(W) | KWh/KWp (%) Inv1 | Production Energy Inv 2(Wh) | Production Power Inv 2(W) | KWh/KWp (%) Inv 2 | Production Energy Inv 3(Wh) | Production Power Inv 3(W) | KWh/KWp (%) Inv 3 | Production Energy Inv 4(Wh) | Production Power Inv 4(W) | KWh/KWp (%) Inv 4 | Production Energy Inv 5(Wh) | Production Power Inv 5(W) | KWh/KWp (%) Inv 5 | Production Energy Inv 6(Wh) | Production Power Inv 6(W) | KWh/KWp (%) Inv 6 | Production Energy Inv 7(Wh) | Production Power Inv 7(W) | KWh/KWp (%) Inv 7 | Production Energy Inv 8(Wh) | Production Power Inv 8(W) | KWh/KWp (%) Inv 8 | Production Energy Inv 9(Wh) | Production Power Inv 9(W) | KWh/KWp (%) Inv 9 | Production Energy Inv 10(Wh) | Production Power Inv 10(W) | KWh/KWp (%) Inv 10 | Production Energy Inv 11(Wh) | Production Power Inv 11(W) | KWh/KWp (%) Inv 11 | Production Energy Inv 12(Wh) | Production Power Inv 12(W) | KWh/KWp (%) Inv 12 | Production Energy Inv 13(Wh) | Production Power Inv 13(W) | KWh/KWp (%) Inv 13 | Production Energy Inv 14(Wh) | Production Power Inv 14(W) | KWh/KWp (%) Inv 14 | Production Energy Inv 15(Wh) | Production Power Inv 15(W) | KWh/KWp (%) Inv 15 | Production Energy Inv 16(Wh) | Production Power Inv 16(W) | KWh/KWp (%) Inv 16 | Production Energy Inv 17(Wh) | Production Power Inv 17(W) | KWh/KWp (%) Inv 17 | Production Energy Inv 18(Wh) | Production Power Inv 18(W) | KWh/KWp (%) Inv 18 | Production Energy Inv 19(Wh) | Production Power Inv 19(W) | KWh/KWp (%) Inv 19 | Production Energy Inv 20(Wh) | Production Power Inv 20(W) | KWh/KWp (%) Inv 20 | Production Energy Inv 21(Wh) | Production Power Inv 21(W) | KWh/KWp (%) Inv 21 | Production Energy Inv 22(Wh) | Production Power Inv 22(W) | KWh/KWp (%) Inv 22 | Production Energy Inv 23(Wh) | Production Power Inv 23(W) | KWh/KWp (%) Inv 23 | Production Energy Inv 24(Wh) | Production Power Inv 24(W) | KWh/KWp (%) Inv 24 | Production Energy Inv 25(Wh) | Production Power Inv 25(W) | KWh/KWp (%) Inv 25 | Production Energy Inv 26 (Wh) | Production Power Inv 26(W) | KWh/KWp (%) Inv 26 |  |  | ,64779,64778,1,separate date parts:64778,2023-12-30 06:00:00,2025-01-24 19:00:00,60 minutes,ROW_DATE_RANGE_CHECK expected_about_9398_parsed_64778_duplicate_timestamps_59378,,combined/model dataset,PV/production markers; split/model marker,LABELLED_SPLIT_DO_NOT_USE_FOR_TRAINING; EXACT_DUPLICATE_OF=data/raw/Data to be used/Data to be used/New folder/Production_2024_2025_Ver1.csv
data/raw/Data to be used/Data to be used/New folder/Validation to Convert/Book2.csv,16152,.csv,2dc3b7cef799de22dcebb91108e561aa50daa8784cff5d94374169104ceae84d,Year | Month | Day | Hour,1176,1176,0,separate date parts:1176,2025-01-25 06:00:00,2025-01-31 19:00:00,60 minutes,ROW_DATE_RANGE_CHECK expected_about_158_parsed_1176_duplicate_timestamps_1078,,template/other,split/model marker; template/example marker,LABELLED_SPLIT_DO_NOT_USE_FOR_TRAINING
data/raw/Data to be used/Data to be used/New folder/Validation to Convert/Book3.csv,2180796,.csv,2ec82c265ec1d079dff298d28f8170c835a795d4fedc1acee08950412f602acb,Year | Month | Day | Hour | iso_datetime,64779,64778,1,isoformat:64778,2023-12-30 06:30:00,2025-01-24 19:55:00,5 minutes,ROW_DATE_RANGE_CHECK expected_about_112770_parsed_64778_duplicate_timestamps_0,,template/other,split/model marker; template/example marker,LABELLED_SPLIT_DO_NOT_USE_FOR_TRAINING
data/raw/Data to be used/Data to be used/New folder/Validation to Convert/Book4.csv,1525356,.csv,b00eef83a26fe2182d2911890c440a8bbb510a29b03c08198c470baf21539697,Year | Month | Day | Hour,112687,112686,1,separate date parts:112686,2023-12-30 06:00:00,2025-01-31 23:00:00,60 minutes,ROW_DATE_RANGE_CHECK expected_about_9570_parsed_112686_duplicate_timestamps_103294,,template/other,split/model marker; template/example marker,LABELLED_SPLIT_DO_NOT_USE_FOR_TRAINING
data/raw/Data to be used/Data to be used/New folder/Validation to Convert/Production_timeslots_all.csv,2324085,.csv,cec5dc693775076c983dc14b83650c3fe1906b8951eec997f861dbc740b57b29,Datetime,110671,110670,1,isoformat:110670,2023-12-30 06:30:00,2025-01-24 23:55:00,5 minutes,OK,,combined/model dataset,PV/production markers; split/model marker,LABELLED_SPLIT_DO_NOT_USE_FOR_TRAINING
data/raw/Data to be used/Data to be used/New folder/Validation to Convert/Weather_timeslots_all.csv,474781,.csv,4c0afae85a3a34ed8aaf03a7c15ffe53ba9fc9b8808de4ab1d1ccb12aa0f089f,DateTime,22608,22608,0,isoformat:22608,2022-01-01 00:00:00,2024-07-30 23:00:00,60 minutes,OK,,combined/model dataset,weather markers; split/model marker,LABELLED_SPLIT_DO_NOT_USE_FOR_TRAINING
data/raw/Data to be used/Data to be used/New folder/Validation_ Data.csv,507493,.csv,a5c6f15f6156da9a654e6c1008e1ee4049e9561efc23cc7d89679ea0f7b6993c,Year | Month | Day | Hour | Production Energy Inv 1(Wh) | Production Power Inv 1(W) | KWh/KWp (%) Inv1 | Production Energy Inv 2(Wh) | Production Power Inv 2(W) | KWh/KWp (%) Inv 2 | Production Energy Inv 3(Wh) | Production Power Inv 3(W) | KWh/KWp (%) Inv 3 | Production Energy Inv 4(Wh) | Production Power Inv 4(W) | KWh/KWp (%) Inv 4 | Production Energy Inv 5(Wh) | Production Power Inv 5(W) | KWh/KWp (%) Inv 5 | Production Energy Inv 6(Wh) | Production Power Inv 6(W) | KWh/KWp (%) Inv 6 | Production Energy Inv 7(Wh) | Production Power Inv 7(W) | KWh/KWp (%) Inv 7 | Production Energy Inv 8(Wh) | Production Power Inv 8(W) | KWh/KWp (%) Inv 8 | Production Energy Inv 9(Wh) | Production Power Inv 9(W) | KWh/KWp (%) Inv 9 | Production Energy Inv 10(Wh) | Production Power Inv 10(W) | KWh/KWp (%) Inv 10 | Production Energy Inv 11(Wh) | Production Power Inv 11(W) | KWh/KWp (%) Inv 11 | Production Energy Inv 12(Wh) | Production Power Inv 12(W) | KWh/KWp (%) Inv 12 | Production Energy Inv 13(Wh) | Production Power Inv 13(W) | KWh/KWp (%) Inv 13 | Production Energy Inv 14(Wh) | Production Power Inv 14(W) | KWh/KWp (%) Inv 14 | Production Energy Inv 15(Wh) | Production Power Inv 15(W) | KWh/KWp (%) Inv 15 | Production Energy Inv 16(Wh) | Production Power Inv 16(W) | KWh/KWp (%) Inv 16 | Production Energy Inv 17(Wh) | Production Power Inv 17(W) | KWh/KWp (%) Inv 17 | Production Energy Inv 18(Wh) | Production Power Inv 18(W) | KWh/KWp (%) Inv 18 | Production Energy Inv 19(Wh) | Production Power Inv 19(W) | KWh/KWp (%) Inv 19 | Production Energy Inv 20(Wh) | Production Power Inv 20(W) | KWh/KWp (%) Inv 20 | Production Energy Inv 21(Wh) | Production Power Inv 21(W) | KWh/KWp (%) Inv 21 | Production Energy Inv 22(Wh) | Production Power Inv 22(W) | KWh/KWp (%) Inv 22 | Production Energy Inv 23(Wh) | Production Power Inv 23(W) | KWh/KWp (%) Inv 23 | Production Energy Inv 24(Wh) | Production Power Inv 24(W) | KWh/KWp (%) Inv 24 | Production Energy Inv 25(Wh) | Production Power Inv 25(W) | KWh/KWp (%) Inv 25 | Production Energy Inv 26 (Wh) | Production Power Inv 26(W) | KWh/KWp (%) Inv 26,1176,1176,0,separate date parts:1176,2025-01-25 06:00:00,2025-01-31 19:00:00,60 minutes,ROW_DATE_RANGE_CHECK expected_about_158_parsed_1176_duplicate_timestamps_1078,,combined/model dataset,PV/production markers; split/model marker,LABELLED_SPLIT_DO_NOT_USE_FOR_TRAINING
data/raw/Data to be used/Data to be used/New folder/Validation_ Data.xlsx,562102,.xlsx,ddfa5abc95143c6e2203c954b9f7d0f73ac01fab058ddf18108abbdbc09715e5,,,,,,,,,,Not inspected: non-CSV file (metadata retained).,combined/model dataset,split/model marker,LABELLED_SPLIT_DO_NOT_USE_FOR_TRAINING
data/raw/Data to be used/Data to be used/New folder/Weather Data_NASA.csv,1060978,.csv,b99105341b60e26b59313b1a7a5f6a8c5d55bb9c22883b1680f0947a82167187,Year | Month | Day | Hour | All Sky Surface Shortwave Downward Irradiance (Wh/m2) | All Sky Surface Shortwave Downward Direct Normal Irradiance (Wh/m2) | All Sky Surface Shortwave Diffuse Irradiance | All Sky Insolation Clearness Index (dimensionless) | Temperature at 2 Meters (C) | Relative Humidity at 2 Meters (%) | Wind Speed at 10 Meters (m/s),22608,22608,0,separate date parts:22608,2022-01-01 00:00:00,2024-07-30 23:00:00,60 minutes,OK,,NASA POWER,weather markers; NASA POWER markers,
data/raw/Data to be used/Data to be used/New folder/Weather Data_NASA_Final.csv,1944836,.csv,f77e3a7076983714ffe39d8a49e20c9e78f3e0147fcdfb2ffcf362be463e7497,Year | Month | Day | Hour | All Sky Surface Shortwave Downward Irradiance (Wh/m2) | Clear Sky Surface Shortwave Downward Irradiance (Wh/m2) | All Sky Surface Shortwave Downward Direct Normal Irradiance (Wh/m2) | All Sky Surface Shortwave Diffuse Irradiance | All Sky Insolation Clearness Index (dimensionless) | All Sky Surface Albedo (dimensionless) | Temperature at 2 Meters (C) | Dew/Frost Point at 2 Meters (C) | Wet Bulb Temperature at 2 Meters (C) | Specific Humidity at 2 Meters (g/kg) | Relative Humidity at 2 Meters (%) | Precipitation Corrected (mm/hour) | Wind Speed at 10 Meters (m/s) | Wind Speed at 50 Meters (m/s) | Solar Zenith Angle (Degrees),22608,22608,0,separate date parts:22608,2022-01-01 00:00:00,2024-07-30 23:00:00,60 minutes,OK,,NASA POWER,weather markers; NASA POWER markers,
data/raw/Data to be used/Data to be used/New folder/Weather Data_NASA_Final2.csv,1944839,.csv,45e10ce3fa85918748c65403bed294590ff2600a134d01ac376fbd866b56dc04,Year | Month | Day | Hour | All Sky Surface Shortwave Downward Irradiance (Wh/m2) | Clear Sky Surface Shortwave Downward Irradiance (Wh/m2) | All Sky Surface Shortwave Downward Direct Normal Irradiance (Wh/m2) | All Sky Surface Shortwave Diffuse Irradiance | All Sky Insolation Clearness Index (dimensionless) | All Sky Surface Albedo (dimensionless) | Temperature at 2 Meters (C) | Dew/Frost Point at 2 Meters (C) | Wet Bulb Temperature at 2 Meters (C) | Specific Humidity at 2 Meters (g/kg) | Relative Humidity at 2 Meters (%) | Precipitation Corrected (mm/hour) | Wind Speed at 10 Meters (m/s) | Wind Speed at 50 Meters (m/s) | Solar Zenith Angle (Degrees),22608,22608,0,separate date parts:22608,2022-01-01 00:00:00,2024-07-30 23:00:00,60 minutes,OK,,NASA POWER,weather markers; NASA POWER markers,
data/raw/Data to be used/Data to be used/Power/AC_production_Consumption 01_28_2025 15_45 PM.csv,18317,.csv,4e0fe4c8fe890a6d822334dbf0e4ede0fb153e66dba025175ecb99a539f2c13a,Time | Optimizer 1.0.19 Production - Energy (WH) | Inv1 AC Production - Power (W) | Inv1 AC Consumption - Power (W) | Inv1 AC Production - Energy (WH) | Inv1 AC Consumption - Energy (WH) | Inv2 AC Consumption - Power (W) | Inv2 AC Production - Energy (WH) | Inv2 AC Production - Power (W) | Inv2 AC Consumption - Energy (WH) | Inv3 AC Consumption - Power (W) | Inv3 AC Production - Power (W) | Inv3 AC Production - Energy (WH) | Inv3 AC Consumption - Energy (WH) | Inv4 AC Consumption - Energy (WH) | Inv4 AC Production - Power (W) | Inv4 AC Production - Energy (WH) | Inv4 AC Consumption - Power (W) | Inv5 AC Production - Power (W) | Inv5 AC Consumption - Energy (WH) | Inv5 AC Production - Energy (WH) | Inv5 AC Consumption - Power (W) | Inv6 AC Consumption - Energy (WH) | Inv6 AC Production - Power (W) | Inv6 AC Consumption - Power (W) | Inv6 AC Production - Energy (WH) | Inv7 AC Production - Energy (WH) | Inv7 AC Production - Power (W) | Inv7 AC Consumption - Power (W) | Inv7 AC Consumption - Energy (WH) | Inv8 AC Production - Energy (WH) | Inv8 AC Production - Power (W) | Inv8 AC Consumption - Energy (WH) | Inv8 AC Consumption - Power (W) | Inv9 AC Production - Energy (WH) | Inv9 AC Consumption - Energy (WH) | Inv9 AC Production - Power (W) | Inv9 AC Consumption - Power (W) | Inv10 AC Production - Energy (WH) | Inv10 AC Consumption - Power (W) | Inv10 AC Consumption - Energy (WH) | Inv10 AC Production - Power (W) | Inv11 AC Production - Energy (WH) | Inv11 AC Consumption - Energy (WH) | Inv11 AC Production - Power (W) | Inv11 AC Consumption - Power (W) | Inv12 AC Production - Energy (WH) | Inv12 AC Consumption - Energy (WH) | Inv12 AC Consumption - Power (W) | Inv12 AC Production - Power (W) | Inv13 AC Production - Energy (WH) | Inv13 AC Consumption - Energy (WH) | Inv13 AC Production - Power (W) | Inv13 AC Consumption - Power (W) | Inv14 AC Production - Power (W) | Inv14 AC Consumption - Power (W) | Inv14 AC Consumption - Energy (WH) | Inv14 AC Production - Energy (WH) | Inv15 AC Consumption - Power (W) | Inv15 AC Production - Power (W) | Inv15 AC Production - Energy (WH) | Inv15 AC Consumption - Energy (WH) | Inv16 AC Production - Power (W) | Inv16 AC Consumption - Power (W) | Inv16 AC Consumption - Energy (WH) | Inv16 AC Production - Energy (WH) | Inv17 AC Production - Energy (WH) | Inv17 AC Consumption - Energy (WH) | Inv17 AC Consumption - Power (W) | Inv17 AC Production - Power (W) | Inv18 AC Consumption - Energy (WH) | Inv18 AC Consumption - Power (W) | Inv18 AC Production - Power (W) | Inv18 AC Production - Energy (WH) | Inv19 AC Production - Power (W) | Inv19 AC Consumption - Power (W) | Inv19 AC Production - Energy (WH) | Inv19 AC Consumption - Energy (WH) | Inv20 AC Production - Power (W) | Inv20 AC Consumption - Power (W) | Inv20 AC Production - Energy (WH) | Inv20 AC Consumption - Energy (WH) | Inv21 AC Production - Energy (WH) | Inv21 AC Production - Power (W) | Inv21 AC Consumption - Power (W) | Inv21 AC Consumption - Energy (WH) | Inv22 AC Production - Power (W) | Inv22 AC Consumption - Power (W) | Inv22 AC Production - Energy (WH) | Inv22 AC Consumption - Energy (WH) | Inv23 AC Production - Energy (WH) | Inv23 AC Consumption - Energy (WH) | Inv23 AC Consumption - Power (W) | Inv23 AC Production - Power (W) | Inv24 AC Consumption - Energy (WH) | Inv24 AC Production - Energy (WH) | Inv24 AC Production - Power (W) | Inv24 AC Consumption - Power (W) | Inv25 AC Production - Energy (WH) | Inv25 AC Production - Power (W) | Inv25 AC Consumption - Power (W) | Inv25 AC Consumption - Energy (WH) | Inv26 AC Production - Power (W) | Inv26 AC Consumption - Power (W) | Inv26 AC Production - Energy (WH) | Inv26 AC Consumption - Energy (WH),31,31,0,"%m/%d/%y, %I:%M %p:31",2024-12-01 00:00:00,2024-12-31 00:00:00,1440 minutes,OK,,PV/production,PV/production markers,
data/raw/Data to be used/Data to be used/Power/Chart 1 01_28_2025 01_05 PM.csv,83431,.csv,50b23676865347fdf023092d684d017003c4a87df3c4b810ac7ec89ec5156dcf,Time | Optimizer 1.0.19- Production - Energy (Wh) | Inv1- AC Production - Power (W) | Inv1- AC Consumption - Energy (Wh) | Inv2- AC Production - Power (W) | Inv2- AC Consumption - Energy (Wh) | Inv3- AC Production - Power (W) | Inv3- AC Consumption - Energy (Wh) | Inv4- AC Production - Power (W) | Inv4- AC Consumption - Energy (Wh) | Inv5- AC Production - Power (W) | Inv5- AC Consumption - Energy (Wh) | Inv6- AC Production - Power (W) | Inv6- AC Consumption - Energy (Wh) | Inv7- AC Production - Power (W) | Inv7- AC Consumption - Energy (Wh) | Inv8- AC Production - Power (W) | Inv8- AC Consumption - Energy (Wh) | Inv9- AC Production - Power (W) | Inv9- AC Consumption - Energy (Wh) | Inv10- AC Production - Power (W) | Inv10- AC Consumption - Energy (Wh) | Inv11- AC Production - Power (W) | Inv11- AC Consumption - Energy (Wh) | Inv12- AC Production - Power (W) | Inv12- AC Consumption - Energy (Wh) | Inv13- AC Production - Power (W) | Inv13- AC Consumption - Energy (Wh) | Inv14- AC Production - Power (W) | Inv14- AC Consumption - Energy (Wh) | Inv15- AC Production - Power (W) | Inv15- AC Consumption - Energy (Wh) | Inv16- AC Production - Power (W) | Inv16- AC Consumption - Energy (Wh) | Inv17- AC Production - Power (W) | Inv17- AC Consumption - Energy (Wh) | Inv18- AC Production - Power (W) | Inv18- AC Consumption - Energy (Wh) | Inv19- AC Production - Power (W) | Inv19- AC Consumption - Energy (Wh) | Inv20- AC Production - Power (W) | Inv20- AC Consumption - Energy (Wh) | Inv21- AC Production - Power (W) | Inv21- AC Consumption - Energy (Wh) | Inv22- AC Production - Power (W) | Inv22- AC Consumption - Energy (Wh) | Inv23- AC Production - Power (W) | Inv23- AC Consumption - Energy (Wh) | Inv24- AC Production - Power (W) | Inv24- AC Consumption - Energy (Wh) | Inv25- AC Production - Power (W) | Inv25- AC Consumption - Energy (Wh) | Inv26- AC Production - Power (W) | Inv26- AC Consumption - Energy (Wh),366,366,0,"%m/%d/%y, %I:%M %p:366",2024-01-01 00:00:00,2024-12-31 00:00:00,1440 minutes,OK,,PV/production,PV/production markers,
data/raw/Data to be used/Data to be used/Power/Chart 1 01_28_2025 10_05 AM.csv,13919,.csv,d28ce32c028bc90cd2ab8e9d01d992b3550a6da6e84d7288e98761e345685e51,Time | Weather- Humidity (%) | Weather- Wind Speed (Km/h),393,393,0,"%m/%d/%y, %I:%M %p:393",2024-01-01 00:00:00,2025-01-27 00:00:00,1440 minutes,OK,,weather,weather markers,
data/raw/Data to be used/Data to be used/Power/Chart 1 01_28_2025 10_06 AM.csv,2586189,.csv,860af72542fde33f15b0b70c7a4a9aa7b20e04b1059a8fb9a6d401afc35cbd79,Time | Weather- Humidity (%) | Weather- Wind Speed (Km/h),113184,113184,0,"%m/%d/%y, %I:%M %p:113184",2024-01-01 00:00:00,2025-01-27 23:55:00,5 minutes,OK,,weather,weather markers,
data/raw/Data to be used/Data to be used/Power/Chart 1 01_28_2025 12_00 PM (1).csv,20014,.csv,2515430113b50864d291fb577c83b49f138eb73cc223ea97fc9b57bf4a77cb00,Time | Inv1- DC Voltage (V) | Inv1- AC Voltage L1 (V) | Inv1- AC Voltage L2 (V) | Inv1- AC Voltage L3 (V) | Inv1- AC Current L1 (A) | Inv1- AC Current L2 (A) | Inv1- AC Current L3 (A),366,366,0,"%m/%d/%y, %I:%M %p:366",2024-01-29 00:00:00,2025-01-28 00:00:00,1440 minutes,OK,,PV/production,PV/production markers,
data/raw/Data to be used/Data to be used/Power/Chart 1 01_28_2025 12_00 PM.csv,20014,.csv,2515430113b50864d291fb577c83b49f138eb73cc223ea97fc9b57bf4a77cb00,Time | Inv1- DC Voltage (V) | Inv1- AC Voltage L1 (V) | Inv1- AC Voltage L2 (V) | Inv1- AC Voltage L3 (V) | Inv1- AC Current L1 (A) | Inv1- AC Current L2 (A) | Inv1- AC Current L3 (A),366,366,0,"%m/%d/%y, %I:%M %p:366",2024-01-29 00:00:00,2025-01-28 00:00:00,1440 minutes,OK,,PV/production,PV/production markers,EXACT_DUPLICATE_OF=data/raw/Data to be used/Data to be used/Power/Chart 1 01_28_2025 12_00 PM (1).csv
data/raw/Data to be used/Data to be used/Power/Chart AC_freq_Vol_jan2024 01_28_2025 12_17 PM (1).csv,2157708,.csv,5f6f0a9f39cced2abf96bbade2cf49bc08c633685b02a6efe8d02f8670f52e1a,Time | Inv1- AC Frequency L1 (Hz) | Inv1- AC Frequency L2 (Hz) | Inv1- AC Frequency L3 (Hz) | Inv1- AC Voltage L1 (V) | Inv1- AC Voltage L2 (V) | Inv1- AC Voltage L3 (V) | Inv2- AC Frequency L1 (Hz) | Inv2- AC Frequency L2 (Hz) | Inv2- AC Frequency L3 (Hz) | Inv2- AC Voltage L1 (V) | Inv2- AC Voltage L2 (V) | Inv2- AC Voltage L3 (V) | Inv3- AC Frequency L1 (Hz) | Inv3- AC Frequency L2 (Hz) | Inv3- AC Frequency L3 (Hz) | Inv3- AC Voltage L1 (V) | Inv3- AC Voltage L2 (V) | Inv3- AC Voltage L3 (V) | Inv4- AC Frequency L1 (Hz) | Inv4- AC Frequency L2 (Hz) | Inv4- AC Frequency L3 (Hz) | Inv4- AC Voltage L1 (V) | Inv4- AC Voltage L2 (V) | Inv4- AC Voltage L3 (V) | Inv5- AC Frequency L1 (Hz) | Inv5- AC Frequency L2 (Hz) | Inv5- AC Frequency L3 (Hz) | Inv5- AC Voltage L1 (V) | Inv5- AC Voltage L2 (V) | Inv5- AC Voltage L3 (V) | Inv6- AC Frequency L1 (Hz) | Inv6- AC Frequency L2 (Hz) | Inv6- AC Frequency L3 (Hz) | Inv6- AC Voltage L1 (V) | Inv6- AC Voltage L2 (V) | Inv6- AC Voltage L3 (V) | Inv7- AC Frequency L1 (Hz) | Inv7- AC Frequency L2 (Hz) | Inv7- AC Frequency L3 (Hz) | Inv7- AC Voltage L1 (V) | Inv7- AC Voltage L2 (V) | Inv7- AC Voltage L3 (V) | Inv8- AC Frequency L1 (Hz) | Inv8- AC Frequency L2 (Hz) | Inv8- AC Frequency L3 (Hz) | Inv8- AC Voltage L1 (V) | Inv8- AC Voltage L2 (V) | Inv8- AC Voltage L3 (V) | Inv9- AC Frequency L1 (Hz) | Inv9- AC Frequency L2 (Hz) | Inv9- AC Frequency L3 (Hz) | Inv9- AC Voltage L1 (V) | Inv9- AC Voltage L2 (V) | Inv9- AC Voltage L3 (V) | Inv10- AC Frequency L1 (Hz) | Inv10- AC Frequency L2 (Hz) | Inv10- AC Frequency L3 (Hz) | Inv10- AC Voltage L1 (V) | Inv10- AC Voltage L2 (V) | Inv10- AC Voltage L3 (V) | Inv11- AC Frequency L1 (Hz) | Inv11- AC Frequency L2 (Hz) | Inv11- AC Frequency L3 (Hz) | Inv11- AC Voltage L1 (V) | Inv11- AC Voltage L2 (V) | Inv11- AC Voltage L3 (V) | Inv12- AC Frequency L1 (Hz) | Inv12- AC Frequency L2 (Hz) | Inv12- AC Frequency L3 (Hz) | Inv12- AC Voltage L1 (V) | Inv12- AC Voltage L2 (V) | Inv12- AC Voltage L3 (V) | Inv13- AC Frequency L1 (Hz) | Inv13- AC Frequency L2 (Hz) | Inv13- AC Frequency L3 (Hz) | Inv13- AC Voltage L1 (V) | Inv13- AC Voltage L2 (V) | Inv13- AC Voltage L3 (V) | Inv14- AC Frequency L1 (Hz) | Inv14- AC Frequency L2 (Hz) | Inv14- AC Frequency L3 (Hz) | Inv14- AC Voltage L1 (V) | Inv14- AC Voltage L2 (V) | Inv14- AC Voltage L3 (V) | Inv15- AC Frequency L1 (Hz) | Inv15- AC Frequency L2 (Hz) | Inv15- AC Frequency L3 (Hz) | Inv15- AC Voltage L1 (V) | Inv15- AC Voltage L2 (V) | Inv15- AC Voltage L3 (V) | Inv16- AC Frequency L1 (Hz) | Inv16- AC Frequency L2 (Hz) | Inv16- AC Frequency L3 (Hz) | Inv16- AC Voltage L1 (V) | Inv16- AC Voltage L2 (V) | Inv16- AC Voltage L3 (V) | Inv17- AC Frequency L1 (Hz) | Inv17- AC Frequency L2 (Hz) | Inv17- AC Frequency L3 (Hz) | Inv17- AC Voltage L1 (V) | Inv17- AC Voltage L2 (V) | Inv17- AC Voltage L3 (V) | Inv18- AC Frequency L1 (Hz) | Inv18- AC Frequency L2 (Hz) | Inv18- AC Frequency L3 (Hz) | Inv18- AC Voltage L1 (V) | Inv18- AC Voltage L2 (V) | Inv18- AC Voltage L3 (V) | Inv19- AC Frequency L1 (Hz) | Inv19- AC Frequency L2 (Hz) | Inv19- AC Frequency L3 (Hz) | Inv19- AC Voltage L1 (V) | Inv19- AC Voltage L2 (V) | Inv19- AC Voltage L3 (V) | Inv20- AC Frequency L1 (Hz) | Inv20- AC Frequency L2 (Hz) | Inv20- AC Frequency L3 (Hz) | Inv20- AC Voltage L1 (V) | Inv20- AC Voltage L2 (V) | Inv20- AC Voltage L3 (V) | Inv21- AC Frequency L1 (Hz) | Inv21- AC Frequency L2 (Hz) | Inv21- AC Frequency L3 (Hz) | Inv21- AC Voltage L1 (V) | Inv21- AC Voltage L2 (V) | Inv21- AC Voltage L3 (V) | Inv22- AC Frequency L1 (Hz) | Inv22- AC Frequency L2 (Hz) | Inv22- AC Frequency L3 (Hz) | Inv22- AC Voltage L1 (V) | Inv22- AC Voltage L2 (V) | Inv22- AC Voltage L3 (V) | Inv23- AC Frequency L1 (Hz) | Inv23- AC Frequency L2 (Hz) | Inv23- AC Frequency L3 (Hz) | Inv23- AC Voltage L1 (V) | Inv23- AC Voltage L2 (V) | Inv23- AC Voltage L3 (V) | Inv24- AC Frequency L1 (Hz) | Inv24- AC Frequency L2 (Hz) | Inv24- AC Frequency L3 (Hz) | Inv24- AC Voltage L1 (V) | Inv24- AC Voltage L2 (V) | Inv24- AC Voltage L3 (V) | Inv25- AC Frequency L1 (Hz) | Inv25- AC Frequency L2 (Hz) | Inv25- AC Frequency L3 (Hz) | Inv25- AC Voltage L1 (V) | Inv25- AC Voltage L2 (V) | Inv25- AC Voltage L3 (V) | Inv26- AC Frequency L1 (Hz) | Inv26- AC Frequency L2 (Hz) | Inv26- AC Frequency L3 (Hz) | Inv26- AC Voltage L1 (V) | Inv26- AC Voltage L2 (V) | Inv26- AC Voltage L3 (V),2688,2688,0,"%m/%d/%y, %I:%M %p:2688",2025-01-01 00:00:00,2025-01-28 23:45:00,15 minutes,OK,,PV/production,PV/production markers,
data/raw/Data to be used/Data to be used/Power/Chart AC_freq_Vol_jan2024 01_28_2025 12_17 PM.csv,2157708,.csv,5f6f0a9f39cced2abf96bbade2cf49bc08c633685b02a6efe8d02f8670f52e1a,Time | Inv1- AC Frequency L1 (Hz) | Inv1- AC Frequency L2 (Hz) | Inv1- AC Frequency L3 (Hz) | Inv1- AC Voltage L1 (V) | Inv1- AC Voltage L2 (V) | Inv1- AC Voltage L3 (V) | Inv2- AC Frequency L1 (Hz) | Inv2- AC Frequency L2 (Hz) | Inv2- AC Frequency L3 (Hz) | Inv2- AC Voltage L1 (V) | Inv2- AC Voltage L2 (V) | Inv2- AC Voltage L3 (V) | Inv3- AC Frequency L1 (Hz) | Inv3- AC Frequency L2 (Hz) | Inv3- AC Frequency L3 (Hz) | Inv3- AC Voltage L1 (V) | Inv3- AC Voltage L2 (V) | Inv3- AC Voltage L3 (V) | Inv4- AC Frequency L1 (Hz) | Inv4- AC Frequency L2 (Hz) | Inv4- AC Frequency L3 (Hz) | Inv4- AC Voltage L1 (V) | Inv4- AC Voltage L2 (V) | Inv4- AC Voltage L3 (V) | Inv5- AC Frequency L1 (Hz) | Inv5- AC Frequency L2 (Hz) | Inv5- AC Frequency L3 (Hz) | Inv5- AC Voltage L1 (V) | Inv5- AC Voltage L2 (V) | Inv5- AC Voltage L3 (V) | Inv6- AC Frequency L1 (Hz) | Inv6- AC Frequency L2 (Hz) | Inv6- AC Frequency L3 (Hz) | Inv6- AC Voltage L1 (V) | Inv6- AC Voltage L2 (V) | Inv6- AC Voltage L3 (V) | Inv7- AC Frequency L1 (Hz) | Inv7- AC Frequency L2 (Hz) | Inv7- AC Frequency L3 (Hz) | Inv7- AC Voltage L1 (V) | Inv7- AC Voltage L2 (V) | Inv7- AC Voltage L3 (V) | Inv8- AC Frequency L1 (Hz) | Inv8- AC Frequency L2 (Hz) | Inv8- AC Frequency L3 (Hz) | Inv8- AC Voltage L1 (V) | Inv8- AC Voltage L2 (V) | Inv8- AC Voltage L3 (V) | Inv9- AC Frequency L1 (Hz) | Inv9- AC Frequency L2 (Hz) | Inv9- AC Frequency L3 (Hz) | Inv9- AC Voltage L1 (V) | Inv9- AC Voltage L2 (V) | Inv9- AC Voltage L3 (V) | Inv10- AC Frequency L1 (Hz) | Inv10- AC Frequency L2 (Hz) | Inv10- AC Frequency L3 (Hz) | Inv10- AC Voltage L1 (V) | Inv10- AC Voltage L2 (V) | Inv10- AC Voltage L3 (V) | Inv11- AC Frequency L1 (Hz) | Inv11- AC Frequency L2 (Hz) | Inv11- AC Frequency L3 (Hz) | Inv11- AC Voltage L1 (V) | Inv11- AC Voltage L2 (V) | Inv11- AC Voltage L3 (V) | Inv12- AC Frequency L1 (Hz) | Inv12- AC Frequency L2 (Hz) | Inv12- AC Frequency L3 (Hz) | Inv12- AC Voltage L1 (V) | Inv12- AC Voltage L2 (V) | Inv12- AC Voltage L3 (V) | Inv13- AC Frequency L1 (Hz) | Inv13- AC Frequency L2 (Hz) | Inv13- AC Frequency L3 (Hz) | Inv13- AC Voltage L1 (V) | Inv13- AC Voltage L2 (V) | Inv13- AC Voltage L3 (V) | Inv14- AC Frequency L1 (Hz) | Inv14- AC Frequency L2 (Hz) | Inv14- AC Frequency L3 (Hz) | Inv14- AC Voltage L1 (V) | Inv14- AC Voltage L2 (V) | Inv14- AC Voltage L3 (V) | Inv15- AC Frequency L1 (Hz) | Inv15- AC Frequency L2 (Hz) | Inv15- AC Frequency L3 (Hz) | Inv15- AC Voltage L1 (V) | Inv15- AC Voltage L2 (V) | Inv15- AC Voltage L3 (V) | Inv16- AC Frequency L1 (Hz) | Inv16- AC Frequency L2 (Hz) | Inv16- AC Frequency L3 (Hz) | Inv16- AC Voltage L1 (V) | Inv16- AC Voltage L2 (V) | Inv16- AC Voltage L3 (V) | Inv17- AC Frequency L1 (Hz) | Inv17- AC Frequency L2 (Hz) | Inv17- AC Frequency L3 (Hz) | Inv17- AC Voltage L1 (V) | Inv17- AC Voltage L2 (V) | Inv17- AC Voltage L3 (V) | Inv18- AC Frequency L1 (Hz) | Inv18- AC Frequency L2 (Hz) | Inv18- AC Frequency L3 (Hz) | Inv18- AC Voltage L1 (V) | Inv18- AC Voltage L2 (V) | Inv18- AC Voltage L3 (V) | Inv19- AC Frequency L1 (Hz) | Inv19- AC Frequency L2 (Hz) | Inv19- AC Frequency L3 (Hz) | Inv19- AC Voltage L1 (V) | Inv19- AC Voltage L2 (V) | Inv19- AC Voltage L3 (V) | Inv20- AC Frequency L1 (Hz) | Inv20- AC Frequency L2 (Hz) | Inv20- AC Frequency L3 (Hz) | Inv20- AC Voltage L1 (V) | Inv20- AC Voltage L2 (V) | Inv20- AC Voltage L3 (V) | Inv21- AC Frequency L1 (Hz) | Inv21- AC Frequency L2 (Hz) | Inv21- AC Frequency L3 (Hz) | Inv21- AC Voltage L1 (V) | Inv21- AC Voltage L2 (V) | Inv21- AC Voltage L3 (V) | Inv22- AC Frequency L1 (Hz) | Inv22- AC Frequency L2 (Hz) | Inv22- AC Frequency L3 (Hz) | Inv22- AC Voltage L1 (V) | Inv22- AC Voltage L2 (V) | Inv22- AC Voltage L3 (V) | Inv23- AC Frequency L1 (Hz) | Inv23- AC Frequency L2 (Hz) | Inv23- AC Frequency L3 (Hz) | Inv23- AC Voltage L1 (V) | Inv23- AC Voltage L2 (V) | Inv23- AC Voltage L3 (V) | Inv24- AC Frequency L1 (Hz) | Inv24- AC Frequency L2 (Hz) | Inv24- AC Frequency L3 (Hz) | Inv24- AC Voltage L1 (V) | Inv24- AC Voltage L2 (V) | Inv24- AC Voltage L3 (V) | Inv25- AC Frequency L1 (Hz) | Inv25- AC Frequency L2 (Hz) | Inv25- AC Frequency L3 (Hz) | Inv25- AC Voltage L1 (V) | Inv25- AC Voltage L2 (V) | Inv25- AC Voltage L3 (V) | Inv26- AC Frequency L1 (Hz) | Inv26- AC Frequency L2 (Hz) | Inv26- AC Frequency L3 (Hz) | Inv26- AC Voltage L1 (V) | Inv26- AC Voltage L2 (V) | Inv26- AC Voltage L3 (V),2688,2688,0,"%m/%d/%y, %I:%M %p:2688",2025-01-01 00:00:00,2025-01-28 23:45:00,15 minutes,OK,,PV/production,PV/production markers,EXACT_DUPLICATE_OF=data/raw/Data to be used/Data to be used/Power/Chart AC_freq_Vol_jan2024 01_28_2025 12_17 PM (1).csv
data/raw/Data to be used/Data to be used/Power/Chart AC_Production_energy 01_28_2025 12_52 PM.csv,71242,.csv,efe5b8c348558870ca98096f20f8316e7ce010735aad38dc26fbc5c31f2d560a,Time | Optimizer 1.0.19- Production - Energy (Wh) | Inv1- AC Production - Energy (Wh) | Inv2- AC Production - Energy (Wh) | Inv3- AC Production - Energy (Wh) | Inv4- AC Production - Energy (Wh) | Inv5- AC Production - Energy (Wh) | Inv6- AC Production - Energy (Wh) | Inv7- AC Production - Energy (Wh) | Inv8- AC Production - Energy (Wh) | Inv9- AC Production - Energy (Wh) | Inv10- AC Production - Energy (Wh) | Inv11- AC Production - Energy (Wh) | Inv12- AC Production - Energy (Wh) | Inv13- AC Production - Energy (Wh) | Inv14- AC Production - Energy (Wh) | Inv15- AC Production - Energy (Wh) | Inv16- AC Production - Energy (Wh) | Inv17- AC Production - Energy (Wh) | Inv18- AC Production - Energy (Wh) | Inv19- AC Production - Energy (Wh) | Inv20- AC Production - Energy (Wh) | Inv21- AC Production - Energy (Wh) | Inv22- AC Production - Energy (Wh) | Inv23- AC Production - Energy (Wh) | Inv24- AC Production - Energy (Wh) | Inv25- AC Production - Energy (Wh) | Inv26- AC Production - Energy (Wh),366,366,0,"%m/%d/%y, %I:%M %p:366",2024-01-01 00:00:00,2024-12-31 00:00:00,1440 minutes,OK,,PV/production,PV/production markers,
data/raw/Data to be used/Data to be used/Power/Chart DC_voltage_Jan2025 01_28_2025 12_07 PM.csv,378294,.csv,cdd9467b5a64cb6c35b8abacf9a41915c59db70827916fcbacafb681a88230fd,Time | Inv1- DC Voltage (V) | Inv2- DC Voltage (V) | Inv3- DC Voltage (V) | Inv4- DC Voltage (V) | Inv5- DC Voltage (V) | Inv6- DC Voltage (V) | Inv7- DC Voltage (V) | Inv8- DC Voltage (V) | Inv9- DC Voltage (V) | Inv10- DC Voltage (V) | Inv11- DC Voltage (V) | Inv12- DC Voltage (V) | Inv13- DC Voltage (V) | Inv14- DC Voltage (V) | Inv15- DC Voltage (V) | Inv16- DC Voltage (V) | Inv17- DC Voltage (V) | Inv18- DC Voltage (V) | Inv19- DC Voltage (V) | Inv20- DC Voltage (V) | Inv21- DC Voltage (V) | Inv22- DC Voltage (V) | Inv23- DC Voltage (V) | Inv24- DC Voltage (V) | Inv25- DC Voltage (V) | Inv26- DC Voltage (V),2688,2688,0,"%m/%d/%y, %I:%M %p:2688",2025-01-01 00:00:00,2025-01-28 23:45:00,15 minutes,OK,,PV/production,PV/production markers,
data/raw/Data to be used/Data to be used/Power/Chart Hum_Temp_jan2024 01_28_2025 10_19 AM.csv,71645,.csv,a1840cc322308544898ae2785c690a904411b9677aa47db2b409dbc37e3407b9,Time | Weather- Humidity (%) | Weather- Temperature (C),2976,2976,0,"%m/%d/%y, %I:%M %p:2976",2024-01-01 00:00:00,2024-01-31 23:45:00,15 minutes,OK,,weather,weather markers,
data/raw/Data to be used/Data to be used/Power/Chart kWp_kWH_AC current_jan_2025 01_28_2025 12_24 PM.csv,1392902,.csv,89e2dde58ce504bdd73a0a620e07f01d3e41cbfe99b28ddec421293cebba513a,Time | Inv1- KWh/KWp (%) | Inv1- AC Current L1 (A) | Inv1- AC Current L2 (A) | Inv1- AC Current L3 (A) | Inv2- KWh/KWp (%) | Inv2- AC Current L1 (A) | Inv2- AC Current L2 (A) | Inv2- AC Current L3 (A) | Inv3- KWh/KWp (%) | Inv3- AC Current L1 (A) | Inv3- AC Current L2 (A) | Inv3- AC Current L3 (A) | Inv4- KWh/KWp (%) | Inv4- AC Current L1 (A) | Inv4- AC Current L2 (A) | Inv4- AC Current L3 (A) | Inv5- KWh/KWp (%) | Inv5- AC Current L1 (A) | Inv5- AC Current L2 (A) | Inv5- AC Current L3 (A) | Inv6- KWh/KWp (%) | Inv6- AC Current L1 (A) | Inv6- AC Current L2 (A) | Inv6- AC Current L3 (A) | Inv7- KWh/KWp (%) | Inv7- AC Current L1 (A) | Inv7- AC Current L2 (A) | Inv7- AC Current L3 (A) | Inv8- KWh/KWp (%) | Inv8- AC Current L1 (A) | Inv8- AC Current L2 (A) | Inv8- AC Current L3 (A) | Inv9- KWh/KWp (%) | Inv9- AC Current L1 (A) | Inv9- AC Current L2 (A) | Inv9- AC Current L3 (A) | Inv10- KWh/KWp (%) | Inv10- AC Current L1 (A) | Inv10- AC Current L2 (A) | Inv10- AC Current L3 (A) | Inv11- KWh/KWp (%) | Inv11- AC Current L1 (A) | Inv11- AC Current L2 (A) | Inv11- AC Current L3 (A) | Inv12- KWh/KWp (%) | Inv12- AC Current L1 (A) | Inv12- AC Current L2 (A) | Inv12- AC Current L3 (A) | Inv13- KWh/KWp (%) | Inv13- AC Current L1 (A) | Inv13- AC Current L2 (A) | Inv13- AC Current L3 (A) | Inv14- KWh/KWp (%) | Inv14- AC Current L1 (A) | Inv14- AC Current L2 (A) | Inv14- AC Current L3 (A) | Inv15- KWh/KWp (%) | Inv15- AC Current L1 (A) | Inv15- AC Current L2 (A) | Inv15- AC Current L3 (A) | Inv16- KWh/KWp (%) | Inv16- AC Current L1 (A) | Inv16- AC Current L2 (A) | Inv16- AC Current L3 (A) | Inv17- KWh/KWp (%) | Inv17- AC Current L1 (A) | Inv17- AC Current L2 (A) | Inv17- AC Current L3 (A) | Inv18- KWh/KWp (%) | Inv18- AC Current L1 (A) | Inv18- AC Current L2 (A) | Inv18- AC Current L3 (A) | Inv19- KWh/KWp (%) | Inv19- AC Current L1 (A) | Inv19- AC Current L2 (A) | Inv19- AC Current L3 (A) | Inv20- KWh/KWp (%) | Inv20- AC Current L1 (A) | Inv20- AC Current L2 (A) | Inv20- AC Current L3 (A) | Inv21- KWh/KWp (%) | Inv21- AC Current L1 (A) | Inv21- AC Current L2 (A) | Inv21- AC Current L3 (A) | Inv22- KWh/KWp (%) | Inv22- AC Current L1 (A) | Inv22- AC Current L2 (A) | Inv22- AC Current L3 (A) | Inv23- KWh/KWp (%) | Inv23- AC Current L1 (A) | Inv23- AC Current L2 (A) | Inv23- AC Current L3 (A) | Inv24- KWh/KWp (%) | Inv24- AC Current L1 (A) | Inv24- AC Current L2 (A) | Inv24- AC Current L3 (A) | Inv25- KWh/KWp (%) | Inv25- AC Current L1 (A) | Inv25- AC Current L2 (A) | Inv25- AC Current L3 (A) | Inv26- KWh/KWp (%) | Inv26- AC Current L1 (A) | Inv26- AC Current L2 (A) | Inv26- AC Current L3 (A),2688,2688,0,"%m/%d/%y, %I:%M %p:2688",2025-01-01 00:00:00,2025-01-28 23:45:00,15 minutes,OK,,PV/production,PV/production markers,
data/raw/Data to be used/Data to be used/Power/solar_generation.csv,81149,.csv,5159b4634173fbfc327403bb60df1448d20f28f71f68b89fc1b669a347195327,Time | Optimizer 1.0.19- Production - Energy (Wh) | Inv1- AC Production - Power (W) | Inv1- AC Consumption - Energy (Wh) | Inv2- AC Production - Power (W) | Inv2- AC Consumption - Energy (Wh) | Inv3- AC Production - Power (W) | Inv3- AC Consumption - Energy (Wh) | Inv4- AC Production - Power (W) | Inv4- AC Consumption - Energy (Wh) | Inv5- AC Production - Power (W) | Inv5- AC Consumption - Energy (Wh) | Inv6- AC Production - Power (W) | Inv6- AC Consumption - Energy (Wh) | Inv7- AC Production - Power (W) | Inv7- AC Consumption - Energy (Wh) | Inv8- AC Production - Power (W) | Inv8- AC Consumption - Energy (Wh) | Inv9- AC Production - Power (W) | Inv9- AC Consumption - Energy (Wh) | Inv10- AC Production - Power (W) | Inv10- AC Consumption - Energy (Wh) | Inv11- AC Production - Power (W) | Inv11- AC Consumption - Energy (Wh) | Inv12- AC Production - Power (W) | Inv12- AC Consumption - Energy (Wh) | Inv13- AC Production - Power (W) | Inv13- AC Consumption - Energy (Wh) | Inv14- AC Production - Power (W) | Inv14- AC Consumption - Energy (Wh) | Inv15- AC Production - Power (W) | Inv15- AC Consumption - Energy (Wh) | Inv16- AC Production - Power (W) | Inv16- AC Consumption - Energy (Wh) | Inv17- AC Production - Power (W) | Inv17- AC Consumption - Energy (Wh) | Inv18- AC Production - Power (W) | Inv18- AC Consumption - Energy (Wh) | Inv19- AC Production - Power (W) | Inv19- AC Consumption - Energy (Wh) | Inv20- AC Production - Power (W) | Inv20- AC Consumption - Energy (Wh) | Inv21- AC Production - Power (W) | Inv21- AC Consumption - Energy (Wh) | Inv22- AC Production - Power (W) | Inv22- AC Consumption - Energy (Wh) | Inv23- AC Production - Power (W) | Inv23- AC Consumption - Energy (Wh) | Inv24- AC Production - Power (W) | Inv24- AC Consumption - Energy (Wh) | Inv25- AC Production - Power (W) | Inv25- AC Consumption - Energy (Wh) | Inv26- AC Production - Power (W) | Inv26- AC Consumption - Energy (Wh),366,366,0,"%m/%d/%y, %I:%M %p:366",2024-01-01 00:00:00,2024-12-31 00:00:00,1440 minutes,OK,,PV/production,PV/production markers,
data/raw/Data to be used/Data to be used/Power/Weekly Data/AC_power_energy/2024/Chart AC_power_Energy_2024_week_1 01_31_2025 01_44 PM.csv,686347,.csv,1ebfbb1e9273561161a299d4ce33f6107785bd0402b3abf3291cb45176bdf868,Time | Production Energy (Wh) | Production Power (W) | Consumption Energy (Wh) | Consumption Power (W) | KWh/KWp (%) Inv1 | Production Energy (Wh) | Production Power (W) | Consumption Energy (Wh) | Consumption Power (W) | KWh/KWp (%) Inv 2 | Production Energy (Wh) | Production Power (W) | Consumption Energy (Wh) | Consumption Power (W) | KWh/KWp (%) Inv 3 | Production Energy (Wh) | Production Power (W) | Consumption Energy (Wh) | Consumption Power (W) | KWh/KWp (%) Inv 4 | Production Energy (Wh) | Production Power (W) | Consumption Energy (Wh) | Consumption Power (W) | KWh/KWp (%) Inv 5 | Production Energy (Wh) | Production Power (W) | Consumption Energy (Wh) | Consumption Power (W) | KWh/KWp (%) Inv 6 | Production Energy (Wh) | Production Power (W) | Consumption Energy (Wh) | Consumption Power (W) | KWh/KWp (%) Inv 7 | Production Energy (Wh) | Production Power (W) | Consumption Energy (Wh) | Consumption Power (W) | KWh/KWp (%) Inv 8 | Production Energy (Wh) | Production Power (W) | Consumption Energy (Wh) | Consumption Power (W) | KWh/KWp (%) Inv 9 | Production Energy (Wh) | Production Power (W) | Consumption Energy (Wh) | Consumption Power (W) | KWh/KWp (%) Inv 10 | Production Energy (Wh) | Production Power (W) | Consumption Energy (Wh) | Consumption Power (W) | KWh/KWp (%) Inv 11 | Production Energy (Wh) | Production Power (W) | Consumption Energy (Wh) | Consumption Power (W) | KWh/KWp (%) Inv 12 | Production Energy (Wh) | Production Power (W) | Consumption Energy (Wh) | Consumption Power (W) | KWh/KWp (%) Inv 13 | Production Energy (Wh) | Production Power (W) | Consumption Energy (Wh) | Consumption Power (W) | KWh/KWp (%) Inv 14 | Production Energy (Wh) | Production Power (W) | Consumption Energy (Wh) | Consumption Power (W) | KWh/KWp (%) Inv 15 | Production Energy (Wh) | Production Power (W) | Consumption Energy (Wh) | Consumption Power (W) | KWh/KWp (%) Inv 16 | Production Energy (Wh) | Production Power (W) | Consumption Energy (Wh) | Consumption Power (W) | KWh/KWp (%) Inv 17 | Production Energy (Wh) | Production Power (W) | Consumption Energy (Wh) | Consumption Power (W) | KWh/KWp (%) Inv 18 | Production Energy (Wh) | Production Power (W) | Consumption Energy (Wh) | Consumption Power (W) | KWh/KWp (%) Inv 19 | Production Energy (Wh) | Production Power (W) | Consumption Energy (Wh) | Consumption Power (W) | KWh/KWp (%) Inv 20 | Production Energy (Wh) | Production Power (W) | Consumption Energy (Wh) | Consumption Power (W) | KWh/KWp (%) Inv 21 | Production Energy (Wh) | Production Power (W) | Consumption Energy (Wh) | Consumption Power (W) | KWh/KWp (%) Inv 22 | Production Energy (Wh) | Production Power (W) | Consumption Energy (Wh) | Consumption Power (W) | KWh/KWp (%) Inv 23 | Production Energy (Wh) | Production Power (W) | Consumption Energy (Wh) | Consumption Power (W) | KWh/KWp (%) Inv 24 | Production Energy (Wh) | Production Power (W) | Consumption Energy (Wh) | Consumption Power (W) | KWh/KWp (%) Inv 25 | Production Energy (Wh) | Production Power (W) | Consumption Energy (Wh) | Consumption Power (W) | KWh/KWp (%) Inv 26,2016,2016,0,"%m/%d/%y, %I:%M %p:2016",2023-12-30 00:00:00,2024-01-05 23:55:00,5 minutes,OK,,PV/production,PV/production markers,
data/raw/Data to be used/Data to be used/Power/Weekly Data/AC_power_energy/2024/Chart AC_power_Energy_2024_week_10 01_31_2025 01_48 PM.csv,492048,.csv,3a31a28ec88a9941f26099ebae8c3adf4229ec5c421e9ea662d3669eb7f22a5c,Time | Inv1- AC Production - Energy (Wh) | Inv1- AC Production - Power (W) | Inv1- AC Consumption - Energy (Wh) | Inv1- AC Consumption - Power (W) | Inv2- AC Production - Energy (Wh) | Inv2- AC Production - Power (W) | Inv2- AC Consumption - Energy (Wh) | Inv2- AC Consumption - Power (W) | Inv3- AC Production - Energy (Wh) | Inv3- AC Production - Power (W) | Inv3- AC Consumption - Energy (Wh) | Inv3- AC Consumption - Power (W) | Inv4- AC Production - Energy (Wh) | Inv4- AC Production - Power (W) | Inv4- AC Consumption - Energy (Wh) | Inv4- AC Consumption - Power (W) | Inv5- AC Production - Energy (Wh) | Inv5- AC Production - Power (W) | Inv5- AC Consumption - Energy (Wh) | Inv5- AC Consumption - Power (W) | Inv6- AC Production - Energy (Wh) | Inv6- AC Production - Power (W) | Inv6- AC Consumption - Energy (Wh) | Inv6- AC Consumption - Power (W) | Inv7- AC Production - Energy (Wh) | Inv7- AC Production - Power (W) | Inv7- AC Consumption - Energy (Wh) | Inv7- AC Consumption - Power (W) | Inv8- AC Production - Energy (Wh) | Inv8- AC Production - Power (W) | Inv8- AC Consumption - Energy (Wh) | Inv8- AC Consumption - Power (W) | Inv9- AC Production - Energy (Wh) | Inv9- AC Production - Power (W) | Inv9- AC Consumption - Energy (Wh) | Inv9- AC Consumption - Power (W) | Inv10- AC Production - Energy (Wh) | Inv10- AC Production - Power (W) | Inv10- AC Consumption - Energy (Wh) | Inv10- AC Consumption - Power (W) | Inv11- AC Production - Energy (Wh) | Inv11- AC Production - Power (W) | Inv11- AC Consumption - Energy (Wh) | Inv11- AC Consumption - Power (W) | Inv12- AC Production - Energy (Wh) | Inv12- AC Production - Power (W) | Inv12- AC Consumption - Energy (Wh) | Inv12- AC Consumption - Power (W) | Inv13- AC Production - Energy (Wh) | Inv13- AC Production - Power (W) | Inv13- AC Consumption - Energy (Wh) | Inv13- AC Consumption - Power (W) | Inv14- AC Production - Energy (Wh) | Inv14- AC Production - Power (W) | Inv14- AC Consumption - Energy (Wh) | Inv14- AC Consumption - Power (W) | Inv15- AC Production - Energy (Wh) | Inv15- AC Production - Power (W) | Inv15- AC Consumption - Energy (Wh) | Inv15- AC Consumption - Power (W) | Inv16- AC Production - Energy (Wh) | Inv16- AC Production - Power (W) | Inv16- AC Consumption - Energy (Wh) | Inv16- AC Consumption - Power (W) | Inv17- AC Production - Energy (Wh) | Inv17- AC Production - Power (W) | Inv17- AC Consumption - Energy (Wh) | Inv17- AC Consumption - Power (W) | Inv18- AC Production - Energy (Wh) | Inv18- AC Production - Power (W) | Inv18- AC Consumption - Energy (Wh) | Inv18- AC Consumption - Power (W) | Inv19- AC Production - Energy (Wh) | Inv19- AC Production - Power (W) | Inv19- AC Consumption - Energy (Wh) | Inv19- AC Consumption - Power (W) | Inv20- AC Production - Energy (Wh) | Inv20- AC Production - Power (W) | Inv20- AC Consumption - Energy (Wh) | Inv20- AC Consumption - Power (W) | Inv21- AC Production - Energy (Wh) | Inv21- AC Production - Power (W) | Inv21- AC Consumption - Energy (Wh) | Inv21- AC Consumption - Power (W) | Inv22- AC Production - Energy (Wh) | Inv22- AC Production - Power (W) | Inv22- AC Consumption - Energy (Wh) | Inv22- AC Consumption - Power (W) | Inv23- AC Production - Energy (Wh) | Inv23- AC Production - Power (W) | Inv23- AC Consumption - Energy (Wh) | Inv23- AC Consumption - Power (W) | Inv24- AC Production - Energy (Wh) | Inv24- AC Production - Power (W) | Inv24- AC Consumption - Energy (Wh) | Inv24- AC Consumption - Power (W) | Inv25- AC Production - Energy (Wh) | Inv25- AC Production - Power (W) | Inv25- AC Consumption - Energy (Wh) | Inv25- AC Consumption - Power (W) | Inv26- AC Production - Energy (Wh) | Inv26- AC Production - Power (W) | Inv26- AC Consumption - Energy (Wh) | Inv26- AC Consumption - Power (W),2016,2016,0,"%m/%d/%y, %I:%M %p:2016",2024-02-24 00:00:00,2024-03-01 23:55:00,5 minutes,OK,,PV/production,PV/production markers,
data/raw/Data to be used/Data to be used/Power/Weekly Data/AC_power_energy/2024/Chart AC_power_Energy_2024_week_11 01_31_2025 01_49 PM.csv,505904,.csv,def24c774732505ac75207f554576c13f1396b6796cb5185829a1690720d7f7d,Time | Inv1- AC Production - Energy (Wh) | Inv1- AC Production - Power (W) | Inv1- AC Consumption - Energy (Wh) | Inv1- AC Consumption - Power (W) | Inv2- AC Production - Energy (Wh) | Inv2- AC Production - Power (W) | Inv2- AC Consumption - Energy (Wh) | Inv2- AC Consumption - Power (W) | Inv3- AC Production - Energy (Wh) | Inv3- AC Production - Power (W) | Inv3- AC Consumption - Energy (Wh) | Inv3- AC Consumption - Power (W) | Inv4- AC Production - Energy (Wh) | Inv4- AC Production - Power (W) | Inv4- AC Consumption - Energy (Wh) | Inv4- AC Consumption - Power (W) | Inv5- AC Production - Energy (Wh) | Inv5- AC Production - Power (W) | Inv5- AC Consumption - Energy (Wh) | Inv5- AC Consumption - Power (W) | Inv6- AC Production - Energy (Wh) | Inv6- AC Production - Power (W) | Inv6- AC Consumption - Energy (Wh) | Inv6- AC Consumption - Power (W) | Inv7- AC Production - Energy (Wh) | Inv7- AC Production - Power (W) | Inv7- AC Consumption - Energy (Wh) | Inv7- AC Consumption - Power (W) | Inv8- AC Production - Energy (Wh) | Inv8- AC Production - Power (W) | Inv8- AC Consumption - Energy (Wh) | Inv8- AC Consumption - Power (W) | Inv9- AC Production - Energy (Wh) | Inv9- AC Production - Power (W) | Inv9- AC Consumption - Energy (Wh) | Inv9- AC Consumption - Power (W) | Inv10- AC Production - Energy (Wh) | Inv10- AC Production - Power (W) | Inv10- AC Consumption - Energy (Wh) | Inv10- AC Consumption - Power (W) | Inv11- AC Production - Energy (Wh) | Inv11- AC Production - Power (W) | Inv11- AC Consumption - Energy (Wh) | Inv11- AC Consumption - Power (W) | Inv12- AC Production - Energy (Wh) | Inv12- AC Production - Power (W) | Inv12- AC Consumption - Energy (Wh) | Inv12- AC Consumption - Power (W) | Inv13- AC Production - Energy (Wh) | Inv13- AC Production - Power (W) | Inv13- AC Consumption - Energy (Wh) | Inv13- AC Consumption - Power (W) | Inv14- AC Production - Energy (Wh) | Inv14- AC Production - Power (W) | Inv14- AC Consumption - Energy (Wh) | Inv14- AC Consumption - Power (W) | Inv15- AC Production - Energy (Wh) | Inv15- AC Production - Power (W) | Inv15- AC Consumption - Energy (Wh) | Inv15- AC Consumption - Power (W) | Inv16- AC Production - Energy (Wh) | Inv16- AC Production - Power (W) | Inv16- AC Consumption - Energy (Wh) | Inv16- AC Consumption - Power (W) | Inv17- AC Production - Energy (Wh) | Inv17- AC Production - Power (W) | Inv17- AC Consumption - Energy (Wh) | Inv17- AC Consumption - Power (W) | Inv18- AC Production - Energy (Wh) | Inv18- AC Production - Power (W) | Inv18- AC Consumption - Energy (Wh) | Inv18- AC Consumption - Power (W) | Inv19- AC Production - Energy (Wh) | Inv19- AC Production - Power (W) | Inv19- AC Consumption - Energy (Wh) | Inv19- AC Consumption - Power (W) | Inv20- AC Production - Energy (Wh) | Inv20- AC Production - Power (W) | Inv20- AC Consumption - Energy (Wh) | Inv20- AC Consumption - Power (W) | Inv21- AC Production - Energy (Wh) | Inv21- AC Production - Power (W) | Inv21- AC Consumption - Energy (Wh) | Inv21- AC Consumption - Power (W) | Inv22- AC Production - Energy (Wh) | Inv22- AC Production - Power (W) | Inv22- AC Consumption - Energy (Wh) | Inv22- AC Consumption - Power (W) | Inv23- AC Production - Energy (Wh) | Inv23- AC Production - Power (W) | Inv23- AC Consumption - Energy (Wh) | Inv23- AC Consumption - Power (W) | Inv24- AC Production - Energy (Wh) | Inv24- AC Production - Power (W) | Inv24- AC Consumption - Energy (Wh) | Inv24- AC Consumption - Power (W) | Inv25- AC Production - Energy (Wh) | Inv25- AC Production - Power (W) | Inv25- AC Consumption - Energy (Wh) | Inv25- AC Consumption - Power (W) | Inv26- AC Production - Energy (Wh) | Inv26- AC Production - Power (W) | Inv26- AC Consumption - Energy (Wh) | Inv26- AC Consumption - Power (W),2016,2016,0,"%m/%d/%y, %I:%M %p:2016",2024-03-02 00:00:00,2024-03-08 23:55:00,5 minutes,OK,,PV/production,PV/production markers,
data/raw/Data to be used/Data to be used/Power/Weekly Data/AC_power_energy/2024/Chart AC_power_Energy_2024_week_12 01_31_2025 01_49 PM.csv,502551,.csv,d4b1a2d856e5e2612664256cb21b52472c75eeab6bf4404059fd6e663ac472e4,Time | Inv1- AC Production - Energy (Wh) | Inv1- AC Production - Power (W) | Inv1- AC Consumption - Energy (Wh) | Inv1- AC Consumption - Power (W) | Inv2- AC Production - Energy (Wh) | Inv2- AC Production - Power (W) | Inv2- AC Consumption - Energy (Wh) | Inv2- AC Consumption - Power (W) | Inv3- AC Production - Energy (Wh) | Inv3- AC Production - Power (W) | Inv3- AC Consumption - Energy (Wh) | Inv3- AC Consumption - Power (W) | Inv4- AC Production - Energy (Wh) | Inv4- AC Production - Power (W) | Inv4- AC Consumption - Energy (Wh) | Inv4- AC Consumption - Power (W) | Inv5- AC Production - Energy (Wh) | Inv5- AC Production - Power (W) | Inv5- AC Consumption - Energy (Wh) | Inv5- AC Consumption - Power (W) | Inv6- AC Production - Energy (Wh) | Inv6- AC Production - Power (W) | Inv6- AC Consumption - Energy (Wh) | Inv6- AC Consumption - Power (W) | Inv7- AC Production - Energy (Wh) | Inv7- AC Production - Power (W) | Inv7- AC Consumption - Energy (Wh) | Inv7- AC Consumption - Power (W) | Inv8- AC Production - Energy (Wh) | Inv8- AC Production - Power (W) | Inv8- AC Consumption - Energy (Wh) | Inv8- AC Consumption - Power (W) | Inv9- AC Production - Energy (Wh) | Inv9- AC Production - Power (W) | Inv9- AC Consumption - Energy (Wh) | Inv9- AC Consumption - Power (W) | Inv10- AC Production - Energy (Wh) | Inv10- AC Production - Power (W) | Inv10- AC Consumption - Energy (Wh) | Inv10- AC Consumption - Power (W) | Inv11- AC Production - Energy (Wh) | Inv11- AC Production - Power (W) | Inv11- AC Consumption - Energy (Wh) | Inv11- AC Consumption - Power (W) | Inv12- AC Production - Energy (Wh) | Inv12- AC Production - Power (W) | Inv12- AC Consumption - Energy (Wh) | Inv12- AC Consumption - Power (W) | Inv13- AC Production - Energy (Wh) | Inv13- AC Production - Power (W) | Inv13- AC Consumption - Energy (Wh) | Inv13- AC Consumption - Power (W) | Inv14- AC Production - Energy (Wh) | Inv14- AC Production - Power (W) | Inv14- AC Consumption - Energy (Wh) | Inv14- AC Consumption - Power (W) | Inv15- AC Production - Energy (Wh) | Inv15- AC Production - Power (W) | Inv15- AC Consumption - Energy (Wh) | Inv15- AC Consumption - Power (W) | Inv16- AC Production - Energy (Wh) | Inv16- AC Production - Power (W) | Inv16- AC Consumption - Energy (Wh) | Inv16- AC Consumption - Power (W) | Inv17- AC Production - Energy (Wh) | Inv17- AC Production - Power (W) | Inv17- AC Consumption - Energy (Wh) | Inv17- AC Consumption - Power (W) | Inv18- AC Production - Energy (Wh) | Inv18- AC Production - Power (W) | Inv18- AC Consumption - Energy (Wh) | Inv18- AC Consumption - Power (W) | Inv19- AC Production - Energy (Wh) | Inv19- AC Production - Power (W) | Inv19- AC Consumption - Energy (Wh) | Inv19- AC Consumption - Power (W) | Inv20- AC Production - Energy (Wh) | Inv20- AC Production - Power (W) | Inv20- AC Consumption - Energy (Wh) | Inv20- AC Consumption - Power (W) | Inv21- AC Production - Energy (Wh) | Inv21- AC Production - Power (W) | Inv21- AC Consumption - Energy (Wh) | Inv21- AC Consumption - Power (W) | Inv22- AC Production - Energy (Wh) | Inv22- AC Production - Power (W) | Inv22- AC Consumption - Energy (Wh) | Inv22- AC Consumption - Power (W) | Inv23- AC Production - Energy (Wh) | Inv23- AC Production - Power (W) | Inv23- AC Consumption - Energy (Wh) | Inv23- AC Consumption - Power (W) | Inv24- AC Production - Energy (Wh) | Inv24- AC Production - Power (W) | Inv24- AC Consumption - Energy (Wh) | Inv24- AC Consumption - Power (W) | Inv25- AC Production - Energy (Wh) | Inv25- AC Production - Power (W) | Inv25- AC Consumption - Energy (Wh) | Inv25- AC Consumption - Power (W) | Inv26- AC Production - Energy (Wh) | Inv26- AC Production - Power (W) | Inv26- AC Consumption - Energy (Wh) | Inv26- AC Consumption - Power (W),2016,2016,0,"%m/%d/%y, %I:%M %p:2016",2024-03-09 00:00:00,2024-03-15 23:55:00,5 minutes,OK,,PV/production,PV/production markers,
data/raw/Data to be used/Data to be used/Power/Weekly Data/AC_power_energy/2024/Chart AC_power_Energy_2024_week_13 01_31_2025 01_49 PM.csv,504380,.csv,e87831c0880c883696ad37bc9e0bd9cd1626fe6eb612ddd0e441f24186006f4c,Time | Inv1- AC Production - Energy (Wh) | Inv1- AC Production - Power (W) | Inv1- AC Consumption - Energy (Wh) | Inv1- AC Consumption - Power (W) | Inv2- AC Production - Energy (Wh) | Inv2- AC Production - Power (W) | Inv2- AC Consumption - Energy (Wh) | Inv2- AC Consumption - Power (W) | Inv3- AC Production - Energy (Wh) | Inv3- AC Production - Power (W) | Inv3- AC Consumption - Energy (Wh) | Inv3- AC Consumption - Power (W) | Inv4- AC Production - Energy (Wh) | Inv4- AC Production - Power (W) | Inv4- AC Consumption - Energy (Wh) | Inv4- AC Consumption - Power (W) | Inv5- AC Production - Energy (Wh) | Inv5- AC Production - Power (W) | Inv5- AC Consumption - Energy (Wh) | Inv5- AC Consumption - Power (W) | Inv6- AC Production - Energy (Wh) | Inv6- AC Production - Power (W) | Inv6- AC Consumption - Energy (Wh) | Inv6- AC Consumption - Power (W) | Inv7- AC Production - Energy (Wh) | Inv7- AC Production - Power (W) | Inv7- AC Consumption - Energy (Wh) | Inv7- AC Consumption - Power (W) | Inv8- AC Production - Energy (Wh) | Inv8- AC Production - Power (W) | Inv8- AC Consumption - Energy (Wh) | Inv8- AC Consumption - Power (W) | Inv9- AC Production - Energy (Wh) | Inv9- AC Production - Power (W) | Inv9- AC Consumption - Energy (Wh) | Inv9- AC Consumption - Power (W) | Inv10- AC Production - Energy (Wh) | Inv10- AC Production - Power (W) | Inv10- AC Consumption - Energy (Wh) | Inv10- AC Consumption - Power (W) | Inv11- AC Production - Energy (Wh) | Inv11- AC Production - Power (W) | Inv11- AC Consumption - Energy (Wh) | Inv11- AC Consumption - Power (W) | Inv12- AC Production - Energy (Wh) | Inv12- AC Production - Power (W) | Inv12- AC Consumption - Energy (Wh) | Inv12- AC Consumption - Power (W) | Inv13- AC Production - Energy (Wh) | Inv13- AC Production - Power (W) | Inv13- AC Consumption - Energy (Wh) | Inv13- AC Consumption - Power (W) | Inv14- AC Production - Energy (Wh) | Inv14- AC Production - Power (W) | Inv14- AC Consumption - Energy (Wh) | Inv14- AC Consumption - Power (W) | Inv15- AC Production - Energy (Wh) | Inv15- AC Production - Power (W) | Inv15- AC Consumption - Energy (Wh) | Inv15- AC Consumption - Power (W) | Inv16- AC Production - Energy (Wh) | Inv16- AC Production - Power (W) | Inv16- AC Consumption - Energy (Wh) | Inv16- AC Consumption - Power (W) | Inv17- AC Production - Energy (Wh) | Inv17- AC Production - Power (W) | Inv17- AC Consumption - Energy (Wh) | Inv17- AC Consumption - Power (W) | Inv18- AC Production - Energy (Wh) | Inv18- AC Production - Power (W) | Inv18- AC Consumption - Energy (Wh) | Inv18- AC Consumption - Power (W) | Inv19- AC Production - Energy (Wh) | Inv19- AC Production - Power (W) | Inv19- AC Consumption - Energy (Wh) | Inv19- AC Consumption - Power (W) | Inv20- AC Production - Energy (Wh) | Inv20- AC Production - Power (W) | Inv20- AC Consumption - Energy (Wh) | Inv20- AC Consumption - Power (W) | Inv21- AC Production - Energy (Wh) | Inv21- AC Production - Power (W) | Inv21- AC Consumption - Energy (Wh) | Inv21- AC Consumption - Power (W) | Inv22- AC Production - Energy (Wh) | Inv22- AC Production - Power (W) | Inv22- AC Consumption - Energy (Wh) | Inv22- AC Consumption - Power (W) | Inv23- AC Production - Energy (Wh) | Inv23- AC Production - Power (W) | Inv23- AC Consumption - Energy (Wh) | Inv23- AC Consumption - Power (W) | Inv24- AC Production - Energy (Wh) | Inv24- AC Production - Power (W) | Inv24- AC Consumption - Energy (Wh) | Inv24- AC Consumption - Power (W) | Inv25- AC Production - Energy (Wh) | Inv25- AC Production - Power (W) | Inv25- AC Consumption - Energy (Wh) | Inv25- AC Consumption - Power (W) | Inv26- AC Production - Energy (Wh) | Inv26- AC Production - Power (W) | Inv26- AC Consumption - Energy (Wh) | Inv26- AC Consumption - Power (W),2016,2016,0,"%m/%d/%y, %I:%M %p:2016",2024-03-16 00:00:00,2024-03-22 23:55:00,5 minutes,OK,,PV/production,PV/production markers,
data/raw/Data to be used/Data to be used/Power/Weekly Data/AC_power_energy/2024/Chart AC_power_Energy_2024_week_14 01_31_2025 01_50 PM.csv,497053,.csv,0cf98747b90ea3cf7c8519fd4b8eb25882623e204842d99d039d4a9c1f2a4213,Time | Inv1- AC Production - Energy (Wh) | Inv1- AC Production - Power (W) | Inv1- AC Consumption - Energy (Wh) | Inv1- AC Consumption - Power (W) | Inv2- AC Production - Energy (Wh) | Inv2- AC Production - Power (W) | Inv2- AC Consumption - Energy (Wh) | Inv2- AC Consumption - Power (W) | Inv3- AC Production - Energy (Wh) | Inv3- AC Production - Power (W) | Inv3- AC Consumption - Energy (Wh) | Inv3- AC Consumption - Power (W) | Inv4- AC Production - Energy (Wh) | Inv4- AC Production - Power (W) | Inv4- AC Consumption - Energy (Wh) | Inv4- AC Consumption - Power (W) | Inv5- AC Production - Energy (Wh) | Inv5- AC Production - Power (W) | Inv5- AC Consumption - Energy (Wh) | Inv5- AC Consumption - Power (W) | Inv6- AC Production - Energy (Wh) | Inv6- AC Production - Power (W) | Inv6- AC Consumption - Energy (Wh) | Inv6- AC Consumption - Power (W) | Inv7- AC Production - Energy (Wh) | Inv7- AC Production - Power (W) | Inv7- AC Consumption - Energy (Wh) | Inv7- AC Consumption - Power (W) | Inv8- AC Production - Energy (Wh) | Inv8- AC Production - Power (W) | Inv8- AC Consumption - Energy (Wh) | Inv8- AC Consumption - Power (W) | Inv9- AC Production - Energy (Wh) | Inv9- AC Production - Power (W) | Inv9- AC Consumption - Energy (Wh) | Inv9- AC Consumption - Power (W) | Inv10- AC Production - Energy (Wh) | Inv10- AC Production - Power (W) | Inv10- AC Consumption - Energy (Wh) | Inv10- AC Consumption - Power (W) | Inv11- AC Production - Energy (Wh) | Inv11- AC Production - Power (W) | Inv11- AC Consumption - Energy (Wh) | Inv11- AC Consumption - Power (W) | Inv12- AC Production - Energy (Wh) | Inv12- AC Production - Power (W) | Inv12- AC Consumption - Energy (Wh) | Inv12- AC Consumption - Power (W) | Inv13- AC Production - Energy (Wh) | Inv13- AC Production - Power (W) | Inv13- AC Consumption - Energy (Wh) | Inv13- AC Consumption - Power (W) | Inv14- AC Production - Energy (Wh) | Inv14- AC Production - Power (W) | Inv14- AC Consumption - Energy (Wh) | Inv14- AC Consumption - Power (W) | Inv15- AC Production - Energy (Wh) | Inv15- AC Production - Power (W) | Inv15- AC Consumption - Energy (Wh) | Inv15- AC Consumption - Power (W) | Inv16- AC Production - Energy (Wh) | Inv16- AC Production - Power (W) | Inv16- AC Consumption - Energy (Wh) | Inv16- AC Consumption - Power (W) | Inv17- AC Production - Energy (Wh) | Inv17- AC Production - Power (W) | Inv17- AC Consumption - Energy (Wh) | Inv17- AC Consumption - Power (W) | Inv18- AC Production - Energy (Wh) | Inv18- AC Production - Power (W) | Inv18- AC Consumption - Energy (Wh) | Inv18- AC Consumption - Power (W) | Inv19- AC Production - Energy (Wh) | Inv19- AC Production - Power (W) | Inv19- AC Consumption - Energy (Wh) | Inv19- AC Consumption - Power (W) | Inv20- AC Production - Energy (Wh) | Inv20- AC Production - Power (W) | Inv20- AC Consumption - Energy (Wh) | Inv20- AC Consumption - Power (W) | Inv21- AC Production - Energy (Wh) | Inv21- AC Production - Power (W) | Inv21- AC Consumption - Energy (Wh) | Inv21- AC Consumption - Power (W) | Inv22- AC Production - Energy (Wh) | Inv22- AC Production - Power (W) | Inv22- AC Consumption - Energy (Wh) | Inv22- AC Consumption - Power (W) | Inv23- AC Production - Energy (Wh) | Inv23- AC Production - Power (W) | Inv23- AC Consumption - Energy (Wh) | Inv23- AC Consumption - Power (W) | Inv24- AC Production - Energy (Wh) | Inv24- AC Production - Power (W) | Inv24- AC Consumption - Energy (Wh) | Inv24- AC Consumption - Power (W) | Inv25- AC Production - Energy (Wh) | Inv25- AC Production - Power (W) | Inv25- AC Consumption - Energy (Wh) | Inv25- AC Consumption - Power (W) | Inv26- AC Production - Energy (Wh) | Inv26- AC Production - Power (W) | Inv26- AC Consumption - Energy (Wh) | Inv26- AC Consumption - Power (W),2016,2016,0,"%m/%d/%y, %I:%M %p:2016",2024-03-23 00:00:00,2024-03-29 23:55:00,5 minutes,OK,,PV/production,PV/production markers,
data/raw/Data to be used/Data to be used/Power/Weekly Data/AC_power_energy/2024/Chart AC_power_Energy_2024_week_15 01_31_2025 01_50 PM.csv,486729,.csv,a7c032c15b82a9a9b770f27479f3b939ed00793c5c918f0e267543a2b67f29ba,Time | Inv1- AC Production - Energy (Wh) | Inv1- AC Production - Power (W) | Inv1- AC Consumption - Energy (Wh) | Inv1- AC Consumption - Power (W) | Inv2- AC Production - Energy (Wh) | Inv2- AC Production - Power (W) | Inv2- AC Consumption - Energy (Wh) | Inv2- AC Consumption - Power (W) | Inv3- AC Production - Energy (Wh) | Inv3- AC Production - Power (W) | Inv3- AC Consumption - Energy (Wh) | Inv3- AC Consumption - Power (W) | Inv4- AC Production - Energy (Wh) | Inv4- AC Production - Power (W) | Inv4- AC Consumption - Energy (Wh) | Inv4- AC Consumption - Power (W) | Inv5- AC Production - Energy (Wh) | Inv5- AC Production - Power (W) | Inv5- AC Consumption - Energy (Wh) | Inv5- AC Consumption - Power (W) | Inv6- AC Production - Energy (Wh) | Inv6- AC Production - Power (W) | Inv6- AC Consumption - Energy (Wh) | Inv6- AC Consumption - Power (W) | Inv7- AC Production - Energy (Wh) | Inv7- AC Production - Power (W) | Inv7- AC Consumption - Energy (Wh) | Inv7- AC Consumption - Power (W) | Inv8- AC Production - Energy (Wh) | Inv8- AC Production - Power (W) | Inv8- AC Consumption - Energy (Wh) | Inv8- AC Consumption - Power (W) | Inv9- AC Production - Energy (Wh) | Inv9- AC Production - Power (W) | Inv9- AC Consumption - Energy (Wh) | Inv9- AC Consumption - Power (W) | Inv10- AC Production - Energy (Wh) | Inv10- AC Production - Power (W) | Inv10- AC Consumption - Energy (Wh) | Inv10- AC Consumption - Power (W) | Inv11- AC Production - Energy (Wh) | Inv11- AC Production - Power (W) | Inv11- AC Consumption - Energy (Wh) | Inv11- AC Consumption - Power (W) | Inv12- AC Production - Energy (Wh) | Inv12- AC Production - Power (W) | Inv12- AC Consumption - Energy (Wh) | Inv12- AC Consumption - Power (W) | Inv13- AC Production - Energy (Wh) | Inv13- AC Production - Power (W) | Inv13- AC Consumption - Energy (Wh) | Inv13- AC Consumption - Power (W) | Inv14- AC Production - Energy (Wh) | Inv14- AC Production - Power (W) | Inv14- AC Consumption - Energy (Wh) | Inv14- AC Consumption - Power (W) | Inv15- AC Production - Energy (Wh) | Inv15- AC Production - Power (W) | Inv15- AC Consumption - Energy (Wh) | Inv15- AC Consumption - Power (W) | Inv16- AC Production - Energy (Wh) | Inv16- AC Production - Power (W) | Inv16- AC Consumption - Energy (Wh) | Inv16- AC Consumption - Power (W) | Inv17- AC Production - Energy (Wh) | Inv17- AC Production - Power (W) | Inv17- AC Consumption - Energy (Wh) | Inv17- AC Consumption - Power (W) | Inv18- AC Production - Energy (Wh) | Inv18- AC Production - Power (W) | Inv18- AC Consumption - Energy (Wh) | Inv18- AC Consumption - Power (W) | Inv19- AC Production - Energy (Wh) | Inv19- AC Production - Power (W) | Inv19- AC Consumption - Energy (Wh) | Inv19- AC Consumption - Power (W) | Inv20- AC Production - Energy (Wh) | Inv20- AC Production - Power (W) | Inv20- AC Consumption - Energy (Wh) | Inv20- AC Consumption - Power (W) | Inv21- AC Production - Energy (Wh) | Inv21- AC Production - Power (W) | Inv21- AC Consumption - Energy (Wh) | Inv21- AC Consumption - Power (W) | Inv22- AC Production - Energy (Wh) | Inv22- AC Production - Power (W) | Inv22- AC Consumption - Energy (Wh) | Inv22- AC Consumption - Power (W) | Inv23- AC Production - Energy (Wh) | Inv23- AC Production - Power (W) | Inv23- AC Consumption - Energy (Wh) | Inv23- AC Consumption - Power (W) | Inv24- AC Production - Energy (Wh) | Inv24- AC Production - Power (W) | Inv24- AC Consumption - Energy (Wh) | Inv24- AC Consumption - Power (W) | Inv25- AC Production - Energy (Wh) | Inv25- AC Production - Power (W) | Inv25- AC Consumption - Energy (Wh) | Inv25- AC Consumption - Power (W) | Inv26- AC Production - Energy (Wh) | Inv26- AC Production - Power (W) | Inv26- AC Consumption - Energy (Wh) | Inv26- AC Consumption - Power (W),2016,2016,0,"%m/%d/%y, %I:%M %p:2016",2024-03-30 00:00:00,2024-04-05 23:55:00,5 minutes,OK,,PV/production,PV/production markers,
data/raw/Data to be used/Data to be used/Power/Weekly Data/AC_power_energy/2024/Chart AC_power_Energy_2024_week_16 01_31_2025 01_50 PM.csv,486228,.csv,c946d3503080cc57de0c7387a3a12fb34b1c8ddcc305e52b9cb0a0930c0f1bf1,Time | Inv1- AC Production - Energy (Wh) | Inv1- AC Production - Power (W) | Inv1- AC Consumption - Energy (Wh) | Inv1- AC Consumption - Power (W) | Inv2- AC Production - Energy (Wh) | Inv2- AC Production - Power (W) | Inv2- AC Consumption - Energy (Wh) | Inv2- AC Consumption - Power (W) | Inv3- AC Production - Energy (Wh) | Inv3- AC Production - Power (W) | Inv3- AC Consumption - Energy (Wh) | Inv3- AC Consumption - Power (W) | Inv4- AC Production - Energy (Wh) | Inv4- AC Production - Power (W) | Inv4- AC Consumption - Energy (Wh) | Inv4- AC Consumption - Power (W) | Inv5- AC Production - Energy (Wh) | Inv5- AC Production - Power (W) | Inv5- AC Consumption - Energy (Wh) | Inv5- AC Consumption - Power (W) | Inv6- AC Production - Energy (Wh) | Inv6- AC Production - Power (W) | Inv6- AC Consumption - Energy (Wh) | Inv6- AC Consumption - Power (W) | Inv7- AC Production - Energy (Wh) | Inv7- AC Production - Power (W) | Inv7- AC Consumption - Energy (Wh) | Inv7- AC Consumption - Power (W) | Inv8- AC Production - Energy (Wh) | Inv8- AC Production - Power (W) | Inv8- AC Consumption - Energy (Wh) | Inv8- AC Consumption - Power (W) | Inv9- AC Production - Energy (Wh) | Inv9- AC Production - Power (W) | Inv9- AC Consumption - Energy (Wh) | Inv9- AC Consumption - Power (W) | Inv10- AC Production - Energy (Wh) | Inv10- AC Production - Power (W) | Inv10- AC Consumption - Energy (Wh) | Inv10- AC Consumption - Power (W) | Inv11- AC Production - Energy (Wh) | Inv11- AC Production - Power (W) | Inv11- AC Consumption - Energy (Wh) | Inv11- AC Consumption - Power (W) | Inv12- AC Production - Energy (Wh) | Inv12- AC Production - Power (W) | Inv12- AC Consumption - Energy (Wh) | Inv12- AC Consumption - Power (W) | Inv13- AC Production - Energy (Wh) | Inv13- AC Production - Power (W) | Inv13- AC Consumption - Energy (Wh) | Inv13- AC Consumption - Power (W) | Inv14- AC Production - Energy (Wh) | Inv14- AC Production - Power (W) | Inv14- AC Consumption - Energy (Wh) | Inv14- AC Consumption - Power (W) | Inv15- AC Production - Energy (Wh) | Inv15- AC Production - Power (W) | Inv15- AC Consumption - Energy (Wh) | Inv15- AC Consumption - Power (W) | Inv16- AC Production - Energy (Wh) | Inv16- AC Production - Power (W) | Inv16- AC Consumption - Energy (Wh) | Inv16- AC Consumption - Power (W) | Inv17- AC Production - Energy (Wh) | Inv17- AC Production - Power (W) | Inv17- AC Consumption - Energy (Wh) | Inv17- AC Consumption - Power (W) | Inv18- AC Production - Energy (Wh) | Inv18- AC Production - Power (W) | Inv18- AC Consumption - Energy (Wh) | Inv18- AC Consumption - Power (W) | Inv19- AC Production - Energy (Wh) | Inv19- AC Production - Power (W) | Inv19- AC Consumption - Energy (Wh) | Inv19- AC Consumption - Power (W) | Inv20- AC Production - Energy (Wh) | Inv20- AC Production - Power (W) | Inv20- AC Consumption - Energy (Wh) | Inv20- AC Consumption - Power (W) | Inv21- AC Production - Energy (Wh) | Inv21- AC Production - Power (W) | Inv21- AC Consumption - Energy (Wh) | Inv21- AC Consumption - Power (W) | Inv22- AC Production - Energy (Wh) | Inv22- AC Production - Power (W) | Inv22- AC Consumption - Energy (Wh) | Inv22- AC Consumption - Power (W) | Inv23- AC Production - Energy (Wh) | Inv23- AC Production - Power (W) | Inv23- AC Consumption - Energy (Wh) | Inv23- AC Consumption - Power (W) | Inv24- AC Production - Energy (Wh) | Inv24- AC Production - Power (W) | Inv24- AC Consumption - Energy (Wh) | Inv24- AC Consumption - Power (W) | Inv25- AC Production - Energy (Wh) | Inv25- AC Production - Power (W) | Inv25- AC Consumption - Energy (Wh) | Inv25- AC Consumption - Power (W) | Inv26- AC Production - Energy (Wh) | Inv26- AC Production - Power (W) | Inv26- AC Consumption - Energy (Wh) | Inv26- AC Consumption - Power (W),2016,2016,0,"%m/%d/%y, %I:%M %p:2016",2024-04-06 00:00:00,2024-04-12 23:55:00,5 minutes,OK,,PV/production,PV/production markers,
data/raw/Data to be used/Data to be used/Power/Weekly Data/AC_power_energy/2024/Chart AC_power_Energy_2024_week_17 01_31_2025 01_51 PM.csv,490343,.csv,1b3dd68f547fa3d276cc8d57c800f0a0b87a349c2adfba9f303b28708e8d30d5,Time | Inv1- AC Production - Energy (Wh) | Inv1- AC Production - Power (W) | Inv1- AC Consumption - Energy (Wh) | Inv1- AC Consumption - Power (W) | Inv2- AC Production - Energy (Wh) | Inv2- AC Production - Power (W) | Inv2- AC Consumption - Energy (Wh) | Inv2- AC Consumption - Power (W) | Inv3- AC Production - Energy (Wh) | Inv3- AC Production - Power (W) | Inv3- AC Consumption - Energy (Wh) | Inv3- AC Consumption - Power (W) | Inv4- AC Production - Energy (Wh) | Inv4- AC Production - Power (W) | Inv4- AC Consumption - Energy (Wh) | Inv4- AC Consumption - Power (W) | Inv5- AC Production - Energy (Wh) | Inv5- AC Production - Power (W) | Inv5- AC Consumption - Energy (Wh) | Inv5- AC Consumption - Power (W) | Inv6- AC Production - Energy (Wh) | Inv6- AC Production - Power (W) | Inv6- AC Consumption - Energy (Wh) | Inv6- AC Consumption - Power (W) | Inv7- AC Production - Energy (Wh) | Inv7- AC Production - Power (W) | Inv7- AC Consumption - Energy (Wh) | Inv7- AC Consumption - Power (W) | Inv8- AC Production - Energy (Wh) | Inv8- AC Production - Power (W) | Inv8- AC Consumption - Energy (Wh) | Inv8- AC Consumption - Power (W) | Inv9- AC Production - Energy (Wh) | Inv9- AC Production - Power (W) | Inv9- AC Consumption - Energy (Wh) | Inv9- AC Consumption - Power (W) | Inv10- AC Production - Energy (Wh) | Inv10- AC Production - Power (W) | Inv10- AC Consumption - Energy (Wh) | Inv10- AC Consumption - Power (W) | Inv11- AC Production - Energy (Wh) | Inv11- AC Production - Power (W) | Inv11- AC Consumption - Energy (Wh) | Inv11- AC Consumption - Power (W) | Inv12- AC Production - Energy (Wh) | Inv12- AC Production - Power (W) | Inv12- AC Consumption - Energy (Wh) | Inv12- AC Consumption - Power (W) | Inv13- AC Production - Energy (Wh) | Inv13- AC Production - Power (W) | Inv13- AC Consumption - Energy (Wh) | Inv13- AC Consumption - Power (W) | Inv14- AC Production - Energy (Wh) | Inv14- AC Production - Power (W) | Inv14- AC Consumption - Energy (Wh) | Inv14- AC Consumption - Power (W) | Inv15- AC Production - Energy (Wh) | Inv15- AC Production - Power (W) | Inv15- AC Consumption - Energy (Wh) | Inv15- AC Consumption - Power (W) | Inv16- AC Production - Energy (Wh) | Inv16- AC Production - Power (W) | Inv16- AC Consumption - Energy (Wh) | Inv16- AC Consumption - Power (W) | Inv17- AC Production - Energy (Wh) | Inv17- AC Production - Power (W) | Inv17- AC Consumption - Energy (Wh) | Inv17- AC Consumption - Power (W) | Inv18- AC Production - Energy (Wh) | Inv18- AC Production - Power (W) | Inv18- AC Consumption - Energy (Wh) | Inv18- AC Consumption - Power (W) | Inv19- AC Production - Energy (Wh) | Inv19- AC Production - Power (W) | Inv19- AC Consumption - Energy (Wh) | Inv19- AC Consumption - Power (W) | Inv20- AC Production - Energy (Wh) | Inv20- AC Production - Power (W) | Inv20- AC Consumption - Energy (Wh) | Inv20- AC Consumption - Power (W) | Inv21- AC Production - Energy (Wh) | Inv21- AC Production - Power (W) | Inv21- AC Consumption - Energy (Wh) | Inv21- AC Consumption - Power (W) | Inv22- AC Production - Energy (Wh) | Inv22- AC Production - Power (W) | Inv22- AC Consumption - Energy (Wh) | Inv22- AC Consumption - Power (W) | Inv23- AC Production - Energy (Wh) | Inv23- AC Production - Power (W) | Inv23- AC Consumption - Energy (Wh) | Inv23- AC Consumption - Power (W) | Inv24- AC Production - Energy (Wh) | Inv24- AC Production - Power (W) | Inv24- AC Consumption - Energy (Wh) | Inv24- AC Consumption - Power (W) | Inv25- AC Production - Energy (Wh) | Inv25- AC Production - Power (W) | Inv25- AC Consumption - Energy (Wh) | Inv25- AC Consumption - Power (W) | Inv26- AC Production - Energy (Wh) | Inv26- AC Production - Power (W) | Inv26- AC Consumption - Energy (Wh) | Inv26- AC Consumption - Power (W),2016,2016,0,"%m/%d/%y, %I:%M %p:2016",2024-04-13 00:00:00,2024-04-19 23:55:00,5 minutes,OK,,PV/production,PV/production markers,
data/raw/Data to be used/Data to be used/Power/Weekly Data/AC_power_energy/2024/Chart AC_power_Energy_2024_week_18 01_31_2025 01_51 PM.csv,469352,.csv,fd741e7fe91575020ec58f28825122ac80d5ccd82cb7242b5151bbcc22226501,Time | Inv1- AC Production - Energy (Wh) | Inv1- AC Production - Power (W) | Inv1- AC Consumption - Energy (Wh) | Inv1- AC Consumption - Power (W) | Inv2- AC Production - Energy (Wh) | Inv2- AC Production - Power (W) | Inv2- AC Consumption - Energy (Wh) | Inv2- AC Consumption - Power (W) | Inv3- AC Production - Energy (Wh) | Inv3- AC Production - Power (W) | Inv3- AC Consumption - Energy (Wh) | Inv3- AC Consumption - Power (W) | Inv4- AC Production - Energy (Wh) | Inv4- AC Production - Power (W) | Inv4- AC Consumption - Energy (Wh) | Inv4- AC Consumption - Power (W) | Inv5- AC Production - Energy (Wh) | Inv5- AC Production - Power (W) | Inv5- AC Consumption - Energy (Wh) | Inv5- AC Consumption - Power (W) | Inv6- AC Production - Energy (Wh) | Inv6- AC Production - Power (W) | Inv6- AC Consumption - Energy (Wh) | Inv6- AC Consumption - Power (W) | Inv7- AC Production - Energy (Wh) | Inv7- AC Production - Power (W) | Inv7- AC Consumption - Energy (Wh) | Inv7- AC Consumption - Power (W) | Inv8- AC Production - Energy (Wh) | Inv8- AC Production - Power (W) | Inv8- AC Consumption - Energy (Wh) | Inv8- AC Consumption - Power (W) | Inv9- AC Production - Energy (Wh) | Inv9- AC Production - Power (W) | Inv9- AC Consumption - Energy (Wh) | Inv9- AC Consumption - Power (W) | Inv10- AC Production - Energy (Wh) | Inv10- AC Production - Power (W) | Inv10- AC Consumption - Energy (Wh) | Inv10- AC Consumption - Power (W) | Inv11- AC Production - Energy (Wh) | Inv11- AC Production - Power (W) | Inv11- AC Consumption - Energy (Wh) | Inv11- AC Consumption - Power (W) | Inv12- AC Production - Energy (Wh) | Inv12- AC Production - Power (W) | Inv12- AC Consumption - Energy (Wh) | Inv12- AC Consumption - Power (W) | Inv13- AC Production - Energy (Wh) | Inv13- AC Production - Power (W) | Inv13- AC Consumption - Energy (Wh) | Inv13- AC Consumption - Power (W) | Inv14- AC Production - Energy (Wh) | Inv14- AC Production - Power (W) | Inv14- AC Consumption - Energy (Wh) | Inv14- AC Consumption - Power (W) | Inv15- AC Production - Energy (Wh) | Inv15- AC Production - Power (W) | Inv15- AC Consumption - Energy (Wh) | Inv15- AC Consumption - Power (W) | Inv16- AC Production - Energy (Wh) | Inv16- AC Production - Power (W) | Inv16- AC Consumption - Energy (Wh) | Inv16- AC Consumption - Power (W) | Inv17- AC Production - Energy (Wh) | Inv17- AC Production - Power (W) | Inv17- AC Consumption - Energy (Wh) | Inv17- AC Consumption - Power (W) | Inv18- AC Production - Energy (Wh) | Inv18- AC Production - Power (W) | Inv18- AC Consumption - Energy (Wh) | Inv18- AC Consumption - Power (W) | Inv19- AC Production - Energy (Wh) | Inv19- AC Production - Power (W) | Inv19- AC Consumption - Energy (Wh) | Inv19- AC Consumption - Power (W) | Inv20- AC Production - Energy (Wh) | Inv20- AC Production - Power (W) | Inv20- AC Consumption - Energy (Wh) | Inv20- AC Consumption - Power (W) | Inv21- AC Production - Energy (Wh) | Inv21- AC Production - Power (W) | Inv21- AC Consumption - Energy (Wh) | Inv21- AC Consumption - Power (W) | Inv22- AC Production - Energy (Wh) | Inv22- AC Production - Power (W) | Inv22- AC Consumption - Energy (Wh) | Inv22- AC Consumption - Power (W) | Inv23- AC Production - Energy (Wh) | Inv23- AC Production - Power (W) | Inv23- AC Consumption - Energy (Wh) | Inv23- AC Consumption - Power (W) | Inv24- AC Production - Energy (Wh) | Inv24- AC Production - Power (W) | Inv24- AC Consumption - Energy (Wh) | Inv24- AC Consumption - Power (W) | Inv25- AC Production - Energy (Wh) | Inv25- AC Production - Power (W) | Inv25- AC Consumption - Energy (Wh) | Inv25- AC Consumption - Power (W) | Inv26- AC Production - Energy (Wh) | Inv26- AC Production - Power (W) | Inv26- AC Consumption - Energy (Wh) | Inv26- AC Consumption - Power (W),2016,2016,0,"%m/%d/%y, %I:%M %p:2016",2024-04-20 00:00:00,2024-04-26 23:55:00,5 minutes,OK,,PV/production,PV/production markers,
data/raw/Data to be used/Data to be used/Power/Weekly Data/AC_power_energy/2024/Chart AC_power_Energy_2024_week_19 01_31_2025 01_52 PM.csv,466057,.csv,10ed1c0bb3b8addcae91764dcac339c1e67b2612504abc936d216ec605a3f31e,Time | Inv1- AC Production - Energy (Wh) | Inv1- AC Production - Power (W) | Inv1- AC Consumption - Energy (Wh) | Inv1- AC Consumption - Power (W) | Inv2- AC Production - Energy (Wh) | Inv2- AC Production - Power (W) | Inv2- AC Consumption - Energy (Wh) | Inv2- AC Consumption - Power (W) | Inv3- AC Production - Energy (Wh) | Inv3- AC Production - Power (W) | Inv3- AC Consumption - Energy (Wh) | Inv3- AC Consumption - Power (W) | Inv4- AC Production - Energy (Wh) | Inv4- AC Production - Power (W) | Inv4- AC Consumption - Energy (Wh) | Inv4- AC Consumption - Power (W) | Inv5- AC Production - Energy (Wh) | Inv5- AC Production - Power (W) | Inv5- AC Consumption - Energy (Wh) | Inv5- AC Consumption - Power (W) | Inv6- AC Production - Energy (Wh) | Inv6- AC Production - Power (W) | Inv6- AC Consumption - Energy (Wh) | Inv6- AC Consumption - Power (W) | Inv7- AC Production - Energy (Wh) | Inv7- AC Production - Power (W) | Inv7- AC Consumption - Energy (Wh) | Inv7- AC Consumption - Power (W) | Inv8- AC Production - Energy (Wh) | Inv8- AC Production - Power (W) | Inv8- AC Consumption - Energy (Wh) | Inv8- AC Consumption - Power (W) | Inv9- AC Production - Energy (Wh) | Inv9- AC Production - Power (W) | Inv9- AC Consumption - Energy (Wh) | Inv9- AC Consumption - Power (W) | Inv10- AC Production - Energy (Wh) | Inv10- AC Production - Power (W) | Inv10- AC Consumption - Energy (Wh) | Inv10- AC Consumption - Power (W) | Inv11- AC Production - Energy (Wh) | Inv11- AC Production - Power (W) | Inv11- AC Consumption - Energy (Wh) | Inv11- AC Consumption - Power (W) | Inv12- AC Production - Energy (Wh) | Inv12- AC Production - Power (W) | Inv12- AC Consumption - Energy (Wh) | Inv12- AC Consumption - Power (W) | Inv13- AC Production - Energy (Wh) | Inv13- AC Production - Power (W) | Inv13- AC Consumption - Energy (Wh) | Inv13- AC Consumption - Power (W) | Inv14- AC Production - Energy (Wh) | Inv14- AC Production - Power (W) | Inv14- AC Consumption - Energy (Wh) | Inv14- AC Consumption - Power (W) | Inv15- AC Production - Energy (Wh) | Inv15- AC Production - Power (W) | Inv15- AC Consumption - Energy (Wh) | Inv15- AC Consumption - Power (W) | Inv16- AC Production - Energy (Wh) | Inv16- AC Production - Power (W) | Inv16- AC Consumption - Energy (Wh) | Inv16- AC Consumption - Power (W) | Inv17- AC Production - Energy (Wh) | Inv17- AC Production - Power (W) | Inv17- AC Consumption - Energy (Wh) | Inv17- AC Consumption - Power (W) | Inv18- AC Production - Energy (Wh) | Inv18- AC Production - Power (W) | Inv18- AC Consumption - Energy (Wh) | Inv18- AC Consumption - Power (W) | Inv19- AC Production - Energy (Wh) | Inv19- AC Production - Power (W) | Inv19- AC Consumption - Energy (Wh) | Inv19- AC Consumption - Power (W) | Inv20- AC Production - Energy (Wh) | Inv20- AC Production - Power (W) | Inv20- AC Consumption - Energy (Wh) | Inv20- AC Consumption - Power (W) | Inv21- AC Production - Energy (Wh) | Inv21- AC Production - Power (W) | Inv21- AC Consumption - Energy (Wh) | Inv21- AC Consumption - Power (W) | Inv22- AC Production - Energy (Wh) | Inv22- AC Production - Power (W) | Inv22- AC Consumption - Energy (Wh) | Inv22- AC Consumption - Power (W) | Inv23- AC Production - Energy (Wh) | Inv23- AC Production - Power (W) | Inv23- AC Consumption - Energy (Wh) | Inv23- AC Consumption - Power (W) | Inv24- AC Production - Energy (Wh) | Inv24- AC Production - Power (W) | Inv24- AC Consumption - Energy (Wh) | Inv24- AC Consumption - Power (W) | Inv25- AC Production - Energy (Wh) | Inv25- AC Production - Power (W) | Inv25- AC Consumption - Energy (Wh) | Inv25- AC Consumption - Power (W) | Inv26- AC Production - Energy (Wh) | Inv26- AC Production - Power (W) | Inv26- AC Consumption - Energy (Wh) | Inv26- AC Consumption - Power (W),2016,2016,0,"%m/%d/%y, %I:%M %p:2016",2024-04-27 00:00:00,2024-05-03 23:55:00,5 minutes,OK,,PV/production,PV/production markers,
data/raw/Data to be used/Data to be used/Power/Weekly Data/AC_power_energy/2024/Chart AC_power_Energy_2024_week_2 01_31_2025 01_45 PM.csv,497108,.csv,9e3ac1449a72ef7b089a57786c7294c16bbdc5ce040a9c45c3c1e4aebd29c99a,Time | Inv1- AC Production - Energy (Wh) | Inv1- AC Production - Power (W) | Inv1- AC Consumption - Energy (Wh) | Inv1- AC Consumption - Power (W) | Inv2- AC Production - Energy (Wh) | Inv2- AC Production - Power (W) | Inv2- AC Consumption - Energy (Wh) | Inv2- AC Consumption - Power (W) | Inv3- AC Production - Energy (Wh) | Inv3- AC Production - Power (W) | Inv3- AC Consumption - Energy (Wh) | Inv3- AC Consumption - Power (W) | Inv4- AC Production - Energy (Wh) | Inv4- AC Production - Power (W) | Inv4- AC Consumption - Energy (Wh) | Inv4- AC Consumption - Power (W) | Inv5- AC Production - Energy (Wh) | Inv5- AC Production - Power (W) | Inv5- AC Consumption - Energy (Wh) | Inv5- AC Consumption - Power (W) | Inv6- AC Production - Energy (Wh) | Inv6- AC Production - Power (W) | Inv6- AC Consumption - Energy (Wh) | Inv6- AC Consumption - Power (W) | Inv7- AC Production - Energy (Wh) | Inv7- AC Production - Power (W) | Inv7- AC Consumption - Energy (Wh) | Inv7- AC Consumption - Power (W) | Inv8- AC Production - Energy (Wh) | Inv8- AC Production - Power (W) | Inv8- AC Consumption - Energy (Wh) | Inv8- AC Consumption - Power (W) | Inv9- AC Production - Energy (Wh) | Inv9- AC Production - Power (W) | Inv9- AC Consumption - Energy (Wh) | Inv9- AC Consumption - Power (W) | Inv10- AC Production - Energy (Wh) | Inv10- AC Production - Power (W) | Inv10- AC Consumption - Energy (Wh) | Inv10- AC Consumption - Power (W) | Inv11- AC Production - Energy (Wh) | Inv11- AC Production - Power (W) | Inv11- AC Consumption - Energy (Wh) | Inv11- AC Consumption - Power (W) | Inv12- AC Production - Energy (Wh) | Inv12- AC Production - Power (W) | Inv12- AC Consumption - Energy (Wh) | Inv12- AC Consumption - Power (W) | Inv13- AC Production - Energy (Wh) | Inv13- AC Production - Power (W) | Inv13- AC Consumption - Energy (Wh) | Inv13- AC Consumption - Power (W) | Inv14- AC Production - Energy (Wh) | Inv14- AC Production - Power (W) | Inv14- AC Consumption - Energy (Wh) | Inv14- AC Consumption - Power (W) | Inv15- AC Production - Energy (Wh) | Inv15- AC Production - Power (W) | Inv15- AC Consumption - Energy (Wh) | Inv15- AC Consumption - Power (W) | Inv16- AC Production - Energy (Wh) | Inv16- AC Production - Power (W) | Inv16- AC Consumption - Energy (Wh) | Inv16- AC Consumption - Power (W) | Inv17- AC Production - Energy (Wh) | Inv17- AC Production - Power (W) | Inv17- AC Consumption - Energy (Wh) | Inv17- AC Consumption - Power (W) | Inv18- AC Production - Energy (Wh) | Inv18- AC Production - Power (W) | Inv18- AC Consumption - Energy (Wh) | Inv18- AC Consumption - Power (W) | Inv19- AC Production - Energy (Wh) | Inv19- AC Production - Power (W) | Inv19- AC Consumption - Energy (Wh) | Inv19- AC Consumption - Power (W) | Inv20- AC Production - Energy (Wh) | Inv20- AC Production - Power (W) | Inv20- AC Consumption - Energy (Wh) | Inv20- AC Consumption - Power (W) | Inv21- AC Production - Energy (Wh) | Inv21- AC Production - Power (W) | Inv21- AC Consumption - Energy (Wh) | Inv21- AC Consumption - Power (W) | Inv22- AC Production - Energy (Wh) | Inv22- AC Production - Power (W) | Inv22- AC Consumption - Energy (Wh) | Inv22- AC Consumption - Power (W) | Inv23- AC Production - Energy (Wh) | Inv23- AC Production - Power (W) | Inv23- AC Consumption - Energy (Wh) | Inv23- AC Consumption - Power (W) | Inv24- AC Production - Energy (Wh) | Inv24- AC Production - Power (W) | Inv24- AC Consumption - Energy (Wh) | Inv24- AC Consumption - Power (W) | Inv25- AC Production - Energy (Wh) | Inv25- AC Production - Power (W) | Inv25- AC Consumption - Energy (Wh) | Inv25- AC Consumption - Power (W) | Inv26- AC Production - Energy (Wh) | Inv26- AC Production - Power (W) | Inv26- AC Consumption - Energy (Wh) | Inv26- AC Consumption - Power (W),2016,2016,0,"%m/%d/%y, %I:%M %p:2016",2024-01-06 00:00:00,2024-01-12 23:55:00,5 minutes,OK,,PV/production,PV/production markers,
data/raw/Data to be used/Data to be used/Power/Weekly Data/AC_power_energy/2024/Chart AC_power_Energy_2024_week_20 01_31_2025 01_52 PM.csv,476474,.csv,5719a00ec340fa3d7ef5b1ed42b7763b0f56892512eccd7d14664e16daed287b,Time | Inv1- AC Production - Energy (Wh) | Inv1- AC Production - Power (W) | Inv1- AC Consumption - Energy (Wh) | Inv1- AC Consumption - Power (W) | Inv2- AC Production - Energy (Wh) | Inv2- AC Production - Power (W) | Inv2- AC Consumption - Energy (Wh) | Inv2- AC Consumption - Power (W) | Inv3- AC Production - Energy (Wh) | Inv3- AC Production - Power (W) | Inv3- AC Consumption - Energy (Wh) | Inv3- AC Consumption - Power (W) | Inv4- AC Production - Energy (Wh) | Inv4- AC Production - Power (W) | Inv4- AC Consumption - Energy (Wh) | Inv4- AC Consumption - Power (W) | Inv5- AC Production - Energy (Wh) | Inv5- AC Production - Power (W) | Inv5- AC Consumption - Energy (Wh) | Inv5- AC Consumption - Power (W) | Inv6- AC Production - Energy (Wh) | Inv6- AC Production - Power (W) | Inv6- AC Consumption - Energy (Wh) | Inv6- AC Consumption - Power (W) | Inv7- AC Production - Energy (Wh) | Inv7- AC Production - Power (W) | Inv7- AC Consumption - Energy (Wh) | Inv7- AC Consumption - Power (W) | Inv8- AC Production - Energy (Wh) | Inv8- AC Production - Power (W) | Inv8- AC Consumption - Energy (Wh) | Inv8- AC Consumption - Power (W) | Inv9- AC Production - Energy (Wh) | Inv9- AC Production - Power (W) | Inv9- AC Consumption - Energy (Wh) | Inv9- AC Consumption - Power (W) | Inv10- AC Production - Energy (Wh) | Inv10- AC Production - Power (W) | Inv10- AC Consumption - Energy (Wh) | Inv10- AC Consumption - Power (W) | Inv11- AC Production - Energy (Wh) | Inv11- AC Production - Power (W) | Inv11- AC Consumption - Energy (Wh) | Inv11- AC Consumption - Power (W) | Inv12- AC Production - Energy (Wh) | Inv12- AC Production - Power (W) | Inv12- AC Consumption - Energy (Wh) | Inv12- AC Consumption - Power (W) | Inv13- AC Production - Energy (Wh) | Inv13- AC Production - Power (W) | Inv13- AC Consumption - Energy (Wh) | Inv13- AC Consumption - Power (W) | Inv14- AC Production - Energy (Wh) | Inv14- AC Production - Power (W) | Inv14- AC Consumption - Energy (Wh) | Inv14- AC Consumption - Power (W) | Inv15- AC Production - Energy (Wh) | Inv15- AC Production - Power (W) | Inv15- AC Consumption - Energy (Wh) | Inv15- AC Consumption - Power (W) | Inv16- AC Production - Energy (Wh) | Inv16- AC Production - Power (W) | Inv16- AC Consumption - Energy (Wh) | Inv16- AC Consumption - Power (W) | Inv17- AC Production - Energy (Wh) | Inv17- AC Production - Power (W) | Inv17- AC Consumption - Energy (Wh) | Inv17- AC Consumption - Power (W) | Inv18- AC Production - Energy (Wh) | Inv18- AC Production - Power (W) | Inv18- AC Consumption - Energy (Wh) | Inv18- AC Consumption - Power (W) | Inv19- AC Production - Energy (Wh) | Inv19- AC Production - Power (W) | Inv19- AC Consumption - Energy (Wh) | Inv19- AC Consumption - Power (W) | Inv20- AC Production - Energy (Wh) | Inv20- AC Production - Power (W) | Inv20- AC Consumption - Energy (Wh) | Inv20- AC Consumption - Power (W) | Inv21- AC Production - Energy (Wh) | Inv21- AC Production - Power (W) | Inv21- AC Consumption - Energy (Wh) | Inv21- AC Consumption - Power (W) | Inv22- AC Production - Energy (Wh) | Inv22- AC Production - Power (W) | Inv22- AC Consumption - Energy (Wh) | Inv22- AC Consumption - Power (W) | Inv23- AC Production - Energy (Wh) | Inv23- AC Production - Power (W) | Inv23- AC Consumption - Energy (Wh) | Inv23- AC Consumption - Power (W) | Inv24- AC Production - Energy (Wh) | Inv24- AC Production - Power (W) | Inv24- AC Consumption - Energy (Wh) | Inv24- AC Consumption - Power (W) | Inv25- AC Production - Energy (Wh) | Inv25- AC Production - Power (W) | Inv25- AC Consumption - Energy (Wh) | Inv25- AC Consumption - Power (W) | Inv26- AC Production - Energy (Wh) | Inv26- AC Production - Power (W) | Inv26- AC Consumption - Energy (Wh) | Inv26- AC Consumption - Power (W),2016,2016,0,"%m/%d/%y, %I:%M %p:2016",2024-05-04 00:00:00,2024-05-10 23:55:00,5 minutes,OK,,PV/production,PV/production markers,
data/raw/Data to be used/Data to be used/Power/Weekly Data/AC_power_energy/2024/Chart AC_power_Energy_2024_week_21 01_31_2025 01_53 PM.csv,495837,.csv,061bd699dc4e19fe33c0fbe8029806f3833f107eb83138652d38b69153b6f43c,Time | Inv1- AC Production - Energy (Wh) | Inv1- AC Production - Power (W) | Inv1- AC Consumption - Energy (Wh) | Inv1- AC Consumption - Power (W) | Inv2- AC Production - Energy (Wh) | Inv2- AC Production - Power (W) | Inv2- AC Consumption - Energy (Wh) | Inv2- AC Consumption - Power (W) | Inv3- AC Production - Energy (Wh) | Inv3- AC Production - Power (W) | Inv3- AC Consumption - Energy (Wh) | Inv3- AC Consumption - Power (W) | Inv4- AC Production - Energy (Wh) | Inv4- AC Production - Power (W) | Inv4- AC Consumption - Energy (Wh) | Inv4- AC Consumption - Power (W) | Inv5- AC Production - Energy (Wh) | Inv5- AC Production - Power (W) | Inv5- AC Consumption - Energy (Wh) | Inv5- AC Consumption - Power (W) | Inv6- AC Production - Energy (Wh) | Inv6- AC Production - Power (W) | Inv6- AC Consumption - Energy (Wh) | Inv6- AC Consumption - Power (W) | Inv7- AC Production - Energy (Wh) | Inv7- AC Production - Power (W) | Inv7- AC Consumption - Energy (Wh) | Inv7- AC Consumption - Power (W) | Inv8- AC Production - Energy (Wh) | Inv8- AC Production - Power (W) | Inv8- AC Consumption - Energy (Wh) | Inv8- AC Consumption - Power (W) | Inv9- AC Production - Energy (Wh) | Inv9- AC Production - Power (W) | Inv9- AC Consumption - Energy (Wh) | Inv9- AC Consumption - Power (W) | Inv10- AC Production - Energy (Wh) | Inv10- AC Production - Power (W) | Inv10- AC Consumption - Energy (Wh) | Inv10- AC Consumption - Power (W) | Inv11- AC Production - Energy (Wh) | Inv11- AC Production - Power (W) | Inv11- AC Consumption - Energy (Wh) | Inv11- AC Consumption - Power (W) | Inv12- AC Production - Energy (Wh) | Inv12- AC Production - Power (W) | Inv12- AC Consumption - Energy (Wh) | Inv12- AC Consumption - Power (W) | Inv13- AC Production - Energy (Wh) | Inv13- AC Production - Power (W) | Inv13- AC Consumption - Energy (Wh) | Inv13- AC Consumption - Power (W) | Inv14- AC Production - Energy (Wh) | Inv14- AC Production - Power (W) | Inv14- AC Consumption - Energy (Wh) | Inv14- AC Consumption - Power (W) | Inv15- AC Production - Energy (Wh) | Inv15- AC Production - Power (W) | Inv15- AC Consumption - Energy (Wh) | Inv15- AC Consumption - Power (W) | Inv16- AC Production - Energy (Wh) | Inv16- AC Production - Power (W) | Inv16- AC Consumption - Energy (Wh) | Inv16- AC Consumption - Power (W) | Inv17- AC Production - Energy (Wh) | Inv17- AC Production - Power (W) | Inv17- AC Consumption - Energy (Wh) | Inv17- AC Consumption - Power (W) | Inv18- AC Production - Energy (Wh) | Inv18- AC Production - Power (W) | Inv18- AC Consumption - Energy (Wh) | Inv18- AC Consumption - Power (W) | Inv19- AC Production - Energy (Wh) | Inv19- AC Production - Power (W) | Inv19- AC Consumption - Energy (Wh) | Inv19- AC Consumption - Power (W) | Inv20- AC Production - Energy (Wh) | Inv20- AC Production - Power (W) | Inv20- AC Consumption - Energy (Wh) | Inv20- AC Consumption - Power (W) | Inv21- AC Production - Energy (Wh) | Inv21- AC Production - Power (W) | Inv21- AC Consumption - Energy (Wh) | Inv21- AC Consumption - Power (W) | Inv22- AC Production - Energy (Wh) | Inv22- AC Production - Power (W) | Inv22- AC Consumption - Energy (Wh) | Inv22- AC Consumption - Power (W) | Inv23- AC Production - Energy (Wh) | Inv23- AC Production - Power (W) | Inv23- AC Consumption - Energy (Wh) | Inv23- AC Consumption - Power (W) | Inv24- AC Production - Energy (Wh) | Inv24- AC Production - Power (W) | Inv24- AC Consumption - Energy (Wh) | Inv24- AC Consumption - Power (W) | Inv25- AC Production - Energy (Wh) | Inv25- AC Production - Power (W) | Inv25- AC Consumption - Energy (Wh) | Inv25- AC Consumption - Power (W) | Inv26- AC Production - Energy (Wh) | Inv26- AC Production - Power (W) | Inv26- AC Consumption - Energy (Wh) | Inv26- AC Consumption - Power (W),2016,2016,0,"%m/%d/%y, %I:%M %p:2016",2024-05-11 00:00:00,2024-05-17 23:55:00,5 minutes,OK,,PV/production,PV/production markers,
data/raw/Data to be used/Data to be used/Power/Weekly Data/AC_power_energy/2024/Chart AC_power_Energy_2024_week_22 01_31_2025 01_53 PM (1).csv,506740,.csv,e20b20c35e8ec8478b9b3097be15e10347ddc0afde83ee8c9e260164e034edd3,Time | Inv1- AC Production - Energy (Wh) | Inv1- AC Production - Power (W) | Inv1- AC Consumption - Energy (Wh) | Inv1- AC Consumption - Power (W) | Inv2- AC Production - Energy (Wh) | Inv2- AC Production - Power (W) | Inv2- AC Consumption - Energy (Wh) | Inv2- AC Consumption - Power (W) | Inv3- AC Production - Energy (Wh) | Inv3- AC Production - Power (W) | Inv3- AC Consumption - Energy (Wh) | Inv3- AC Consumption - Power (W) | Inv4- AC Production - Energy (Wh) | Inv4- AC Production - Power (W) | Inv4- AC Consumption - Energy (Wh) | Inv4- AC Consumption - Power (W) | Inv5- AC Production - Energy (Wh) | Inv5- AC Production - Power (W) | Inv5- AC Consumption - Energy (Wh) | Inv5- AC Consumption - Power (W) | Inv6- AC Production - Energy (Wh) | Inv6- AC Production - Power (W) | Inv6- AC Consumption - Energy (Wh) | Inv6- AC Consumption - Power (W) | Inv7- AC Production - Energy (Wh) | Inv7- AC Production - Power (W) | Inv7- AC Consumption - Energy (Wh) | Inv7- AC Consumption - Power (W) | Inv8- AC Production - Energy (Wh) | Inv8- AC Production - Power (W) | Inv8- AC Consumption - Energy (Wh) | Inv8- AC Consumption - Power (W) | Inv9- AC Production - Energy (Wh) | Inv9- AC Production - Power (W) | Inv9- AC Consumption - Energy (Wh) | Inv9- AC Consumption - Power (W) | Inv10- AC Production - Energy (Wh) | Inv10- AC Production - Power (W) | Inv10- AC Consumption - Energy (Wh) | Inv10- AC Consumption - Power (W) | Inv11- AC Production - Energy (Wh) | Inv11- AC Production - Power (W) | Inv11- AC Consumption - Energy (Wh) | Inv11- AC Consumption - Power (W) | Inv12- AC Production - Energy (Wh) | Inv12- AC Production - Power (W) | Inv12- AC Consumption - Energy (Wh) | Inv12- AC Consumption - Power (W) | Inv13- AC Production - Energy (Wh) | Inv13- AC Production - Power (W) | Inv13- AC Consumption - Energy (Wh) | Inv13- AC Consumption - Power (W) | Inv14- AC Production - Energy (Wh) | Inv14- AC Production - Power (W) | Inv14- AC Consumption - Energy (Wh) | Inv14- AC Consumption - Power (W) | Inv15- AC Production - Energy (Wh) | Inv15- AC Production - Power (W) | Inv15- AC Consumption - Energy (Wh) | Inv15- AC Consumption - Power (W) | Inv16- AC Production - Energy (Wh) | Inv16- AC Production - Power (W) | Inv16- AC Consumption - Energy (Wh) | Inv16- AC Consumption - Power (W) | Inv17- AC Production - Energy (Wh) | Inv17- AC Production - Power (W) | Inv17- AC Consumption - Energy (Wh) | Inv17- AC Consumption - Power (W) | Inv18- AC Production - Energy (Wh) | Inv18- AC Production - Power (W) | Inv18- AC Consumption - Energy (Wh) | Inv18- AC Consumption - Power (W) | Inv19- AC Production - Energy (Wh) | Inv19- AC Production - Power (W) | Inv19- AC Consumption - Energy (Wh) | Inv19- AC Consumption - Power (W) | Inv20- AC Production - Energy (Wh) | Inv20- AC Production - Power (W) | Inv20- AC Consumption - Energy (Wh) | Inv20- AC Consumption - Power (W) | Inv21- AC Production - Energy (Wh) | Inv21- AC Production - Power (W) | Inv21- AC Consumption - Energy (Wh) | Inv21- AC Consumption - Power (W) | Inv22- AC Production - Energy (Wh) | Inv22- AC Production - Power (W) | Inv22- AC Consumption - Energy (Wh) | Inv22- AC Consumption - Power (W) | Inv23- AC Production - Energy (Wh) | Inv23- AC Production - Power (W) | Inv23- AC Consumption - Energy (Wh) | Inv23- AC Consumption - Power (W) | Inv24- AC Production - Energy (Wh) | Inv24- AC Production - Power (W) | Inv24- AC Consumption - Energy (Wh) | Inv24- AC Consumption - Power (W) | Inv25- AC Production - Energy (Wh) | Inv25- AC Production - Power (W) | Inv25- AC Consumption - Energy (Wh) | Inv25- AC Consumption - Power (W) | Inv26- AC Production - Energy (Wh) | Inv26- AC Production - Power (W) | Inv26- AC Consumption - Energy (Wh) | Inv26- AC Consumption - Power (W),2016,2016,0,"%m/%d/%y, %I:%M %p:2016",2024-05-18 00:00:00,2024-05-24 23:55:00,5 minutes,OK,,PV/production,PV/production markers,
data/raw/Data to be used/Data to be used/Power/Weekly Data/AC_power_energy/2024/Chart AC_power_Energy_2024_week_22 01_31_2025 01_53 PM.csv,506740,.csv,e20b20c35e8ec8478b9b3097be15e10347ddc0afde83ee8c9e260164e034edd3,Time | Inv1- AC Production - Energy (Wh) | Inv1- AC Production - Power (W) | Inv1- AC Consumption - Energy (Wh) | Inv1- AC Consumption - Power (W) | Inv2- AC Production - Energy (Wh) | Inv2- AC Production - Power (W) | Inv2- AC Consumption - Energy (Wh) | Inv2- AC Consumption - Power (W) | Inv3- AC Production - Energy (Wh) | Inv3- AC Production - Power (W) | Inv3- AC Consumption - Energy (Wh) | Inv3- AC Consumption - Power (W) | Inv4- AC Production - Energy (Wh) | Inv4- AC Production - Power (W) | Inv4- AC Consumption - Energy (Wh) | Inv4- AC Consumption - Power (W) | Inv5- AC Production - Energy (Wh) | Inv5- AC Production - Power (W) | Inv5- AC Consumption - Energy (Wh) | Inv5- AC Consumption - Power (W) | Inv6- AC Production - Energy (Wh) | Inv6- AC Production - Power (W) | Inv6- AC Consumption - Energy (Wh) | Inv6- AC Consumption - Power (W) | Inv7- AC Production - Energy (Wh) | Inv7- AC Production - Power (W) | Inv7- AC Consumption - Energy (Wh) | Inv7- AC Consumption - Power (W) | Inv8- AC Production - Energy (Wh) | Inv8- AC Production - Power (W) | Inv8- AC Consumption - Energy (Wh) | Inv8- AC Consumption - Power (W) | Inv9- AC Production - Energy (Wh) | Inv9- AC Production - Power (W) | Inv9- AC Consumption - Energy (Wh) | Inv9- AC Consumption - Power (W) | Inv10- AC Production - Energy (Wh) | Inv10- AC Production - Power (W) | Inv10- AC Consumption - Energy (Wh) | Inv10- AC Consumption - Power (W) | Inv11- AC Production - Energy (Wh) | Inv11- AC Production - Power (W) | Inv11- AC Consumption - Energy (Wh) | Inv11- AC Consumption - Power (W) | Inv12- AC Production - Energy (Wh) | Inv12- AC Production - Power (W) | Inv12- AC Consumption - Energy (Wh) | Inv12- AC Consumption - Power (W) | Inv13- AC Production - Energy (Wh) | Inv13- AC Production - Power (W) | Inv13- AC Consumption - Energy (Wh) | Inv13- AC Consumption - Power (W) | Inv14- AC Production - Energy (Wh) | Inv14- AC Production - Power (W) | Inv14- AC Consumption - Energy (Wh) | Inv14- AC Consumption - Power (W) | Inv15- AC Production - Energy (Wh) | Inv15- AC Production - Power (W) | Inv15- AC Consumption - Energy (Wh) | Inv15- AC Consumption - Power (W) | Inv16- AC Production - Energy (Wh) | Inv16- AC Production - Power (W) | Inv16- AC Consumption - Energy (Wh) | Inv16- AC Consumption - Power (W) | Inv17- AC Production - Energy (Wh) | Inv17- AC Production - Power (W) | Inv17- AC Consumption - Energy (Wh) | Inv17- AC Consumption - Power (W) | Inv18- AC Production - Energy (Wh) | Inv18- AC Production - Power (W) | Inv18- AC Consumption - Energy (Wh) | Inv18- AC Consumption - Power (W) | Inv19- AC Production - Energy (Wh) | Inv19- AC Production - Power (W) | Inv19- AC Consumption - Energy (Wh) | Inv19- AC Consumption - Power (W) | Inv20- AC Production - Energy (Wh) | Inv20- AC Production - Power (W) | Inv20- AC Consumption - Energy (Wh) | Inv20- AC Consumption - Power (W) | Inv21- AC Production - Energy (Wh) | Inv21- AC Production - Power (W) | Inv21- AC Consumption - Energy (Wh) | Inv21- AC Consumption - Power (W) | Inv22- AC Production - Energy (Wh) | Inv22- AC Production - Power (W) | Inv22- AC Consumption - Energy (Wh) | Inv22- AC Consumption - Power (W) | Inv23- AC Production - Energy (Wh) | Inv23- AC Production - Power (W) | Inv23- AC Consumption - Energy (Wh) | Inv23- AC Consumption - Power (W) | Inv24- AC Production - Energy (Wh) | Inv24- AC Production - Power (W) | Inv24- AC Consumption - Energy (Wh) | Inv24- AC Consumption - Power (W) | Inv25- AC Production - Energy (Wh) | Inv25- AC Production - Power (W) | Inv25- AC Consumption - Energy (Wh) | Inv25- AC Consumption - Power (W) | Inv26- AC Production - Energy (Wh) | Inv26- AC Production - Power (W) | Inv26- AC Consumption - Energy (Wh) | Inv26- AC Consumption - Power (W),2016,2016,0,"%m/%d/%y, %I:%M %p:2016",2024-05-18 00:00:00,2024-05-24 23:55:00,5 minutes,OK,,PV/production,PV/production markers,EXACT_DUPLICATE_OF=data/raw/Data to be used/Data to be used/Power/Weekly Data/AC_power_energy/2024/Chart AC_power_Energy_2024_week_22 01_31_2025 01_53 PM (1).csv
data/raw/Data to be used/Data to be used/Power/Weekly Data/AC_power_energy/2024/Chart AC_power_Energy_2024_week_23 01_31_2025 01_54 PM.csv,503579,.csv,5ed1aab8d34a6a7aeac7251057bfa991920f5a5a07d2d6a41f8513d9f4aef631,Time | Inv1- AC Production - Energy (Wh) | Inv1- AC Production - Power (W) | Inv1- AC Consumption - Energy (Wh) | Inv1- AC Consumption - Power (W) | Inv2- AC Production - Energy (Wh) | Inv2- AC Production - Power (W) | Inv2- AC Consumption - Energy (Wh) | Inv2- AC Consumption - Power (W) | Inv3- AC Production - Energy (Wh) | Inv3- AC Production - Power (W) | Inv3- AC Consumption - Energy (Wh) | Inv3- AC Consumption - Power (W) | Inv4- AC Production - Energy (Wh) | Inv4- AC Production - Power (W) | Inv4- AC Consumption - Energy (Wh) | Inv4- AC Consumption - Power (W) | Inv5- AC Production - Energy (Wh) | Inv5- AC Production - Power (W) | Inv5- AC Consumption - Energy (Wh) | Inv5- AC Consumption - Power (W) | Inv6- AC Production - Energy (Wh) | Inv6- AC Production - Power (W) | Inv6- AC Consumption - Energy (Wh) | Inv6- AC Consumption - Power (W) | Inv7- AC Production - Energy (Wh) | Inv7- AC Production - Power (W) | Inv7- AC Consumption - Energy (Wh) | Inv7- AC Consumption - Power (W) | Inv8- AC Production - Energy (Wh) | Inv8- AC Production - Power (W) | Inv8- AC Consumption - Energy (Wh) | Inv8- AC Consumption - Power (W) | Inv9- AC Production - Energy (Wh) | Inv9- AC Production - Power (W) | Inv9- AC Consumption - Energy (Wh) | Inv9- AC Consumption - Power (W) | Inv10- AC Production - Energy (Wh) | Inv10- AC Production - Power (W) | Inv10- AC Consumption - Energy (Wh) | Inv10- AC Consumption - Power (W) | Inv11- AC Production - Energy (Wh) | Inv11- AC Production - Power (W) | Inv11- AC Consumption - Energy (Wh) | Inv11- AC Consumption - Power (W) | Inv12- AC Production - Energy (Wh) | Inv12- AC Production - Power (W) | Inv12- AC Consumption - Energy (Wh) | Inv12- AC Consumption - Power (W) | Inv13- AC Production - Energy (Wh) | Inv13- AC Production - Power (W) | Inv13- AC Consumption - Energy (Wh) | Inv13- AC Consumption - Power (W) | Inv14- AC Production - Energy (Wh) | Inv14- AC Production - Power (W) | Inv14- AC Consumption - Energy (Wh) | Inv14- AC Consumption - Power (W) | Inv15- AC Production - Energy (Wh) | Inv15- AC Production - Power (W) | Inv15- AC Consumption - Energy (Wh) | Inv15- AC Consumption - Power (W) | Inv16- AC Production - Energy (Wh) | Inv16- AC Production - Power (W) | Inv16- AC Consumption - Energy (Wh) | Inv16- AC Consumption - Power (W) | Inv17- AC Production - Energy (Wh) | Inv17- AC Production - Power (W) | Inv17- AC Consumption - Energy (Wh) | Inv17- AC Consumption - Power (W) | Inv18- AC Production - Energy (Wh) | Inv18- AC Production - Power (W) | Inv18- AC Consumption - Energy (Wh) | Inv18- AC Consumption - Power (W) | Inv19- AC Production - Energy (Wh) | Inv19- AC Production - Power (W) | Inv19- AC Consumption - Energy (Wh) | Inv19- AC Consumption - Power (W) | Inv20- AC Production - Energy (Wh) | Inv20- AC Production - Power (W) | Inv20- AC Consumption - Energy (Wh) | Inv20- AC Consumption - Power (W) | Inv21- AC Production - Energy (Wh) | Inv21- AC Production - Power (W) | Inv21- AC Consumption - Energy (Wh) | Inv21- AC Consumption - Power (W) | Inv22- AC Production - Energy (Wh) | Inv22- AC Production - Power (W) | Inv22- AC Consumption - Energy (Wh) | Inv22- AC Consumption - Power (W) | Inv23- AC Production - Energy (Wh) | Inv23- AC Production - Power (W) | Inv23- AC Consumption - Energy (Wh) | Inv23- AC Consumption - Power (W) | Inv24- AC Production - Energy (Wh) | Inv24- AC Production - Power (W) | Inv24- AC Consumption - Energy (Wh) | Inv24- AC Consumption - Power (W) | Inv25- AC Production - Energy (Wh) | Inv25- AC Production - Power (W) | Inv25- AC Consumption - Energy (Wh) | Inv25- AC Consumption - Power (W) | Inv26- AC Production - Energy (Wh) | Inv26- AC Production - Power (W) | Inv26- AC Consumption - Energy (Wh) | Inv26- AC Consumption - Power (W),2016,2016,0,"%m/%d/%y, %I:%M %p:2016",2024-05-25 00:00:00,2024-05-31 23:55:00,5 minutes,OK,,PV/production,PV/production markers,
data/raw/Data to be used/Data to be used/Power/Weekly Data/AC_power_energy/2024/Chart AC_power_Energy_2024_week_24 01_31_2025 01_54 PM.csv,496163,.csv,50e3d55d6e0db409394c207af2e94cf4d2415b0a4d54672153d81a508f80b283,Time | Inv1- AC Production - Energy (Wh) | Inv1- AC Production - Power (W) | Inv1- AC Consumption - Energy (Wh) | Inv1- AC Consumption - Power (W) | Inv2- AC Production - Energy (Wh) | Inv2- AC Production - Power (W) | Inv2- AC Consumption - Energy (Wh) | Inv2- AC Consumption - Power (W) | Inv3- AC Production - Energy (Wh) | Inv3- AC Production - Power (W) | Inv3- AC Consumption - Energy (Wh) | Inv3- AC Consumption - Power (W) | Inv4- AC Production - Energy (Wh) | Inv4- AC Production - Power (W) | Inv4- AC Consumption - Energy (Wh) | Inv4- AC Consumption - Power (W) | Inv5- AC Production - Energy (Wh) | Inv5- AC Production - Power (W) | Inv5- AC Consumption - Energy (Wh) | Inv5- AC Consumption - Power (W) | Inv6- AC Production - Energy (Wh) | Inv6- AC Production - Power (W) | Inv6- AC Consumption - Energy (Wh) | Inv6- AC Consumption - Power (W) | Inv7- AC Production - Energy (Wh) | Inv7- AC Production - Power (W) | Inv7- AC Consumption - Energy (Wh) | Inv7- AC Consumption - Power (W) | Inv8- AC Production - Energy (Wh) | Inv8- AC Production - Power (W) | Inv8- AC Consumption - Energy (Wh) | Inv8- AC Consumption - Power (W) | Inv9- AC Production - Energy (Wh) | Inv9- AC Production - Power (W) | Inv9- AC Consumption - Energy (Wh) | Inv9- AC Consumption - Power (W) | Inv10- AC Production - Energy (Wh) | Inv10- AC Production - Power (W) | Inv10- AC Consumption - Energy (Wh) | Inv10- AC Consumption - Power (W) | Inv11- AC Production - Energy (Wh) | Inv11- AC Production - Power (W) | Inv11- AC Consumption - Energy (Wh) | Inv11- AC Consumption - Power (W) | Inv12- AC Production - Energy (Wh) | Inv12- AC Production - Power (W) | Inv12- AC Consumption - Energy (Wh) | Inv12- AC Consumption - Power (W) | Inv13- AC Production - Energy (Wh) | Inv13- AC Production - Power (W) | Inv13- AC Consumption - Energy (Wh) | Inv13- AC Consumption - Power (W) | Inv14- AC Production - Energy (Wh) | Inv14- AC Production - Power (W) | Inv14- AC Consumption - Energy (Wh) | Inv14- AC Consumption - Power (W) | Inv15- AC Production - Energy (Wh) | Inv15- AC Production - Power (W) | Inv15- AC Consumption - Energy (Wh) | Inv15- AC Consumption - Power (W) | Inv16- AC Production - Energy (Wh) | Inv16- AC Production - Power (W) | Inv16- AC Consumption - Energy (Wh) | Inv16- AC Consumption - Power (W) | Inv17- AC Production - Energy (Wh) | Inv17- AC Production - Power (W) | Inv17- AC Consumption - Energy (Wh) | Inv17- AC Consumption - Power (W) | Inv18- AC Production - Energy (Wh) | Inv18- AC Production - Power (W) | Inv18- AC Consumption - Energy (Wh) | Inv18- AC Consumption - Power (W) | Inv19- AC Production - Energy (Wh) | Inv19- AC Production - Power (W) | Inv19- AC Consumption - Energy (Wh) | Inv19- AC Consumption - Power (W) | Inv20- AC Production - Energy (Wh) | Inv20- AC Production - Power (W) | Inv20- AC Consumption - Energy (Wh) | Inv20- AC Consumption - Power (W) | Inv21- AC Production - Energy (Wh) | Inv21- AC Production - Power (W) | Inv21- AC Consumption - Energy (Wh) | Inv21- AC Consumption - Power (W) | Inv22- AC Production - Energy (Wh) | Inv22- AC Production - Power (W) | Inv22- AC Consumption - Energy (Wh) | Inv22- AC Consumption - Power (W) | Inv23- AC Production - Energy (Wh) | Inv23- AC Production - Power (W) | Inv23- AC Consumption - Energy (Wh) | Inv23- AC Consumption - Power (W) | Inv24- AC Production - Energy (Wh) | Inv24- AC Production - Power (W) | Inv24- AC Consumption - Energy (Wh) | Inv24- AC Consumption - Power (W) | Inv25- AC Production - Energy (Wh) | Inv25- AC Production - Power (W) | Inv25- AC Consumption - Energy (Wh) | Inv25- AC Consumption - Power (W) | Inv26- AC Production - Energy (Wh) | Inv26- AC Production - Power (W) | Inv26- AC Consumption - Energy (Wh) | Inv26- AC Consumption - Power (W),2016,2016,0,"%m/%d/%y, %I:%M %p:2016",2024-06-01 00:00:00,2024-06-07 23:55:00,5 minutes,OK,,PV/production,PV/production markers,
data/raw/Data to be used/Data to be used/Power/Weekly Data/AC_power_energy/2024/Chart AC_power_Energy_2024_week_25 01_31_2025 01_55 PM.csv,489769,.csv,858cd646190d5d700bd080129d7f454eb3741c3492c1df6a3dd2cf41ae0f7997,Time | Inv1- AC Production - Energy (Wh) | Inv1- AC Production - Power (W) | Inv1- AC Consumption - Energy (Wh) | Inv1- AC Consumption - Power (W) | Inv2- AC Production - Energy (Wh) | Inv2- AC Production - Power (W) | Inv2- AC Consumption - Energy (Wh) | Inv2- AC Consumption - Power (W) | Inv3- AC Production - Energy (Wh) | Inv3- AC Production - Power (W) | Inv3- AC Consumption - Energy (Wh) | Inv3- AC Consumption - Power (W) | Inv4- AC Production - Energy (Wh) | Inv4- AC Production - Power (W) | Inv4- AC Consumption - Energy (Wh) | Inv4- AC Consumption - Power (W) | Inv5- AC Production - Energy (Wh) | Inv5- AC Production - Power (W) | Inv5- AC Consumption - Energy (Wh) | Inv5- AC Consumption - Power (W) | Inv6- AC Production - Energy (Wh) | Inv6- AC Production - Power (W) | Inv6- AC Consumption - Energy (Wh) | Inv6- AC Consumption - Power (W) | Inv7- AC Production - Energy (Wh) | Inv7- AC Production - Power (W) | Inv7- AC Consumption - Energy (Wh) | Inv7- AC Consumption - Power (W) | Inv8- AC Production - Energy (Wh) | Inv8- AC Production - Power (W) | Inv8- AC Consumption - Energy (Wh) | Inv8- AC Consumption - Power (W) | Inv9- AC Production - Energy (Wh) | Inv9- AC Production - Power (W) | Inv9- AC Consumption - Energy (Wh) | Inv9- AC Consumption - Power (W) | Inv10- AC Production - Energy (Wh) | Inv10- AC Production - Power (W) | Inv10- AC Consumption - Energy (Wh) | Inv10- AC Consumption - Power (W) | Inv11- AC Production - Energy (Wh) | Inv11- AC Production - Power (W) | Inv11- AC Consumption - Energy (Wh) | Inv11- AC Consumption - Power (W) | Inv12- AC Production - Energy (Wh) | Inv12- AC Production - Power (W) | Inv12- AC Consumption - Energy (Wh) | Inv12- AC Consumption - Power (W) | Inv13- AC Production - Energy (Wh) | Inv13- AC Production - Power (W) | Inv13- AC Consumption - Energy (Wh) | Inv13- AC Consumption - Power (W) | Inv14- AC Production - Energy (Wh) | Inv14- AC Production - Power (W) | Inv14- AC Consumption - Energy (Wh) | Inv14- AC Consumption - Power (W) | Inv15- AC Production - Energy (Wh) | Inv15- AC Production - Power (W) | Inv15- AC Consumption - Energy (Wh) | Inv15- AC Consumption - Power (W) | Inv16- AC Production - Energy (Wh) | Inv16- AC Production - Power (W) | Inv16- AC Consumption - Energy (Wh) | Inv16- AC Consumption - Power (W) | Inv17- AC Production - Energy (Wh) | Inv17- AC Production - Power (W) | Inv17- AC Consumption - Energy (Wh) | Inv17- AC Consumption - Power (W) | Inv18- AC Production - Energy (Wh) | Inv18- AC Production - Power (W) | Inv18- AC Consumption - Energy (Wh) | Inv18- AC Consumption - Power (W) | Inv19- AC Production - Energy (Wh) | Inv19- AC Production - Power (W) | Inv19- AC Consumption - Energy (Wh) | Inv19- AC Consumption - Power (W) | Inv20- AC Production - Energy (Wh) | Inv20- AC Production - Power (W) | Inv20- AC Consumption - Energy (Wh) | Inv20- AC Consumption - Power (W) | Inv21- AC Production - Energy (Wh) | Inv21- AC Production - Power (W) | Inv21- AC Consumption - Energy (Wh) | Inv21- AC Consumption - Power (W) | Inv22- AC Production - Energy (Wh) | Inv22- AC Production - Power (W) | Inv22- AC Consumption - Energy (Wh) | Inv22- AC Consumption - Power (W) | Inv23- AC Production - Energy (Wh) | Inv23- AC Production - Power (W) | Inv23- AC Consumption - Energy (Wh) | Inv23- AC Consumption - Power (W) | Inv24- AC Production - Energy (Wh) | Inv24- AC Production - Power (W) | Inv24- AC Consumption - Energy (Wh) | Inv24- AC Consumption - Power (W) | Inv25- AC Production - Energy (Wh) | Inv25- AC Production - Power (W) | Inv25- AC Consumption - Energy (Wh) | Inv25- AC Consumption - Power (W) | Inv26- AC Production - Energy (Wh) | Inv26- AC Production - Power (W) | Inv26- AC Consumption - Energy (Wh) | Inv26- AC Consumption - Power (W),2016,2016,0,"%m/%d/%y, %I:%M %p:2016",2024-06-08 00:00:00,2024-06-14 23:55:00,5 minutes,OK,,PV/production,PV/production markers,
data/raw/Data to be used/Data to be used/Power/Weekly Data/AC_power_energy/2024/Chart AC_power_Energy_2024_week_26 01_31_2025 01_55 PM.csv,494734,.csv,1f0223b6d155c0ca7e2e979c9c5b7787509bf776673b310908fcb2e12bbb25f7,Time | Inv1- AC Production - Energy (Wh) | Inv1- AC Production - Power (W) | Inv1- AC Consumption - Energy (Wh) | Inv1- AC Consumption - Power (W) | Inv2- AC Production - Energy (Wh) | Inv2- AC Production - Power (W) | Inv2- AC Consumption - Energy (Wh) | Inv2- AC Consumption - Power (W) | Inv3- AC Production - Energy (Wh) | Inv3- AC Production - Power (W) | Inv3- AC Consumption - Energy (Wh) | Inv3- AC Consumption - Power (W) | Inv4- AC Production - Energy (Wh) | Inv4- AC Production - Power (W) | Inv4- AC Consumption - Energy (Wh) | Inv4- AC Consumption - Power (W) | Inv5- AC Production - Energy (Wh) | Inv5- AC Production - Power (W) | Inv5- AC Consumption - Energy (Wh) | Inv5- AC Consumption - Power (W) | Inv6- AC Production - Energy (Wh) | Inv6- AC Production - Power (W) | Inv6- AC Consumption - Energy (Wh) | Inv6- AC Consumption - Power (W) | Inv7- AC Production - Energy (Wh) | Inv7- AC Production - Power (W) | Inv7- AC Consumption - Energy (Wh) | Inv7- AC Consumption - Power (W) | Inv8- AC Production - Energy (Wh) | Inv8- AC Production - Power (W) | Inv8- AC Consumption - Energy (Wh) | Inv8- AC Consumption - Power (W) | Inv9- AC Production - Energy (Wh) | Inv9- AC Production - Power (W) | Inv9- AC Consumption - Energy (Wh) | Inv9- AC Consumption - Power (W) | Inv10- AC Production - Energy (Wh) | Inv10- AC Production - Power (W) | Inv10- AC Consumption - Energy (Wh) | Inv10- AC Consumption - Power (W) | Inv11- AC Production - Energy (Wh) | Inv11- AC Production - Power (W) | Inv11- AC Consumption - Energy (Wh) | Inv11- AC Consumption - Power (W) | Inv12- AC Production - Energy (Wh) | Inv12- AC Production - Power (W) | Inv12- AC Consumption - Energy (Wh) | Inv12- AC Consumption - Power (W) | Inv13- AC Production - Energy (Wh) | Inv13- AC Production - Power (W) | Inv13- AC Consumption - Energy (Wh) | Inv13- AC Consumption - Power (W) | Inv14- AC Production - Energy (Wh) | Inv14- AC Production - Power (W) | Inv14- AC Consumption - Energy (Wh) | Inv14- AC Consumption - Power (W) | Inv15- AC Production - Energy (Wh) | Inv15- AC Production - Power (W) | Inv15- AC Consumption - Energy (Wh) | Inv15- AC Consumption - Power (W) | Inv16- AC Production - Energy (Wh) | Inv16- AC Production - Power (W) | Inv16- AC Consumption - Energy (Wh) | Inv16- AC Consumption - Power (W) | Inv17- AC Production - Energy (Wh) | Inv17- AC Production - Power (W) | Inv17- AC Consumption - Energy (Wh) | Inv17- AC Consumption - Power (W) | Inv18- AC Production - Energy (Wh) | Inv18- AC Production - Power (W) | Inv18- AC Consumption - Energy (Wh) | Inv18- AC Consumption - Power (W) | Inv19- AC Production - Energy (Wh) | Inv19- AC Production - Power (W) | Inv19- AC Consumption - Energy (Wh) | Inv19- AC Consumption - Power (W) | Inv20- AC Production - Energy (Wh) | Inv20- AC Production - Power (W) | Inv20- AC Consumption - Energy (Wh) | Inv20- AC Consumption - Power (W) | Inv21- AC Production - Energy (Wh) | Inv21- AC Production - Power (W) | Inv21- AC Consumption - Energy (Wh) | Inv21- AC Consumption - Power (W) | Inv22- AC Production - Energy (Wh) | Inv22- AC Production - Power (W) | Inv22- AC Consumption - Energy (Wh) | Inv22- AC Consumption - Power (W) | Inv23- AC Production - Energy (Wh) | Inv23- AC Production - Power (W) | Inv23- AC Consumption - Energy (Wh) | Inv23- AC Consumption - Power (W) | Inv24- AC Production - Energy (Wh) | Inv24- AC Production - Power (W) | Inv24- AC Consumption - Energy (Wh) | Inv24- AC Consumption - Power (W) | Inv25- AC Production - Energy (Wh) | Inv25- AC Production - Power (W) | Inv25- AC Consumption - Energy (Wh) | Inv25- AC Consumption - Power (W) | Inv26- AC Production - Energy (Wh) | Inv26- AC Production - Power (W) | Inv26- AC Consumption - Energy (Wh) | Inv26- AC Consumption - Power (W),2016,2016,0,"%m/%d/%y, %I:%M %p:2016",2024-06-15 00:00:00,2024-06-21 23:55:00,5 minutes,OK,,PV/production,PV/production markers,
data/raw/Data to be used/Data to be used/Power/Weekly Data/AC_power_energy/2024/Chart AC_power_Energy_2024_week_27 01_31_2025 01_55 PM.csv,495159,.csv,c7e587e652cb66620be1b209630172ff0ba66242cdc5a04275d7ae791e914855,Time | Inv1- AC Production - Energy (Wh) | Inv1- AC Production - Power (W) | Inv1- AC Consumption - Energy (Wh) | Inv1- AC Consumption - Power (W) | Inv2- AC Production - Energy (Wh) | Inv2- AC Production - Power (W) | Inv2- AC Consumption - Energy (Wh) | Inv2- AC Consumption - Power (W) | Inv3- AC Production - Energy (Wh) | Inv3- AC Production - Power (W) | Inv3- AC Consumption - Energy (Wh) | Inv3- AC Consumption - Power (W) | Inv4- AC Production - Energy (Wh) | Inv4- AC Production - Power (W) | Inv4- AC Consumption - Energy (Wh) | Inv4- AC Consumption - Power (W) | Inv5- AC Production - Energy (Wh) | Inv5- AC Production - Power (W) | Inv5- AC Consumption - Energy (Wh) | Inv5- AC Consumption - Power (W) | Inv6- AC Production - Energy (Wh) | Inv6- AC Production - Power (W) | Inv6- AC Consumption - Energy (Wh) | Inv6- AC Consumption - Power (W) | Inv7- AC Production - Energy (Wh) | Inv7- AC Production - Power (W) | Inv7- AC Consumption - Energy (Wh) | Inv7- AC Consumption - Power (W) | Inv8- AC Production - Energy (Wh) | Inv8- AC Production - Power (W) | Inv8- AC Consumption - Energy (Wh) | Inv8- AC Consumption - Power (W) | Inv9- AC Production - Energy (Wh) | Inv9- AC Production - Power (W) | Inv9- AC Consumption - Energy (Wh) | Inv9- AC Consumption - Power (W) | Inv10- AC Production - Energy (Wh) | Inv10- AC Production - Power (W) | Inv10- AC Consumption - Energy (Wh) | Inv10- AC Consumption - Power (W) | Inv11- AC Production - Energy (Wh) | Inv11- AC Production - Power (W) | Inv11- AC Consumption - Energy (Wh) | Inv11- AC Consumption - Power (W) | Inv12- AC Production - Energy (Wh) | Inv12- AC Production - Power (W) | Inv12- AC Consumption - Energy (Wh) | Inv12- AC Consumption - Power (W) | Inv13- AC Production - Energy (Wh) | Inv13- AC Production - Power (W) | Inv13- AC Consumption - Energy (Wh) | Inv13- AC Consumption - Power (W) | Inv14- AC Production - Energy (Wh) | Inv14- AC Production - Power (W) | Inv14- AC Consumption - Energy (Wh) | Inv14- AC Consumption - Power (W) | Inv15- AC Production - Energy (Wh) | Inv15- AC Production - Power (W) | Inv15- AC Consumption - Energy (Wh) | Inv15- AC Consumption - Power (W) | Inv16- AC Production - Energy (Wh) | Inv16- AC Production - Power (W) | Inv16- AC Consumption - Energy (Wh) | Inv16- AC Consumption - Power (W) | Inv17- AC Production - Energy (Wh) | Inv17- AC Production - Power (W) | Inv17- AC Consumption - Energy (Wh) | Inv17- AC Consumption - Power (W) | Inv18- AC Production - Energy (Wh) | Inv18- AC Production - Power (W) | Inv18- AC Consumption - Energy (Wh) | Inv18- AC Consumption - Power (W) | Inv19- AC Production - Energy (Wh) | Inv19- AC Production - Power (W) | Inv19- AC Consumption - Energy (Wh) | Inv19- AC Consumption - Power (W) | Inv20- AC Production - Energy (Wh) | Inv20- AC Production - Power (W) | Inv20- AC Consumption - Energy (Wh) | Inv20- AC Consumption - Power (W) | Inv21- AC Production - Energy (Wh) | Inv21- AC Production - Power (W) | Inv21- AC Consumption - Energy (Wh) | Inv21- AC Consumption - Power (W) | Inv22- AC Production - Energy (Wh) | Inv22- AC Production - Power (W) | Inv22- AC Consumption - Energy (Wh) | Inv22- AC Consumption - Power (W) | Inv23- AC Production - Energy (Wh) | Inv23- AC Production - Power (W) | Inv23- AC Consumption - Energy (Wh) | Inv23- AC Consumption - Power (W) | Inv24- AC Production - Energy (Wh) | Inv24- AC Production - Power (W) | Inv24- AC Consumption - Energy (Wh) | Inv24- AC Consumption - Power (W) | Inv25- AC Production - Energy (Wh) | Inv25- AC Production - Power (W) | Inv25- AC Consumption - Energy (Wh) | Inv25- AC Consumption - Power (W) | Inv26- AC Production - Energy (Wh) | Inv26- AC Production - Power (W) | Inv26- AC Consumption - Energy (Wh) | Inv26- AC Consumption - Power (W),2016,2016,0,"%m/%d/%y, %I:%M %p:2016",2024-06-22 00:00:00,2024-06-28 23:55:00,5 minutes,OK,,PV/production,PV/production markers,
data/raw/Data to be used/Data to be used/Power/Weekly Data/AC_power_energy/2024/Chart AC_power_Energy_2024_week_28 01_31_2025 01_56 PM.csv,476282,.csv,6fe6fcc545633ae6de72ba97e26c6fb5f4fd8a99005cf3a809e21faa94b257c4,Time | Inv1- AC Production - Energy (Wh) | Inv1- AC Production - Power (W) | Inv1- AC Consumption - Energy (Wh) | Inv1- AC Consumption - Power (W) | Inv2- AC Production - Energy (Wh) | Inv2- AC Production - Power (W) | Inv2- AC Consumption - Energy (Wh) | Inv2- AC Consumption - Power (W) | Inv3- AC Production - Energy (Wh) | Inv3- AC Production - Power (W) | Inv3- AC Consumption - Energy (Wh) | Inv3- AC Consumption - Power (W) | Inv4- AC Production - Energy (Wh) | Inv4- AC Production - Power (W) | Inv4- AC Consumption - Energy (Wh) | Inv4- AC Consumption - Power (W) | Inv5- AC Production - Energy (Wh) | Inv5- AC Production - Power (W) | Inv5- AC Consumption - Energy (Wh) | Inv5- AC Consumption - Power (W) | Inv6- AC Production - Energy (Wh) | Inv6- AC Production - Power (W) | Inv6- AC Consumption - Energy (Wh) | Inv6- AC Consumption - Power (W) | Inv7- AC Production - Energy (Wh) | Inv7- AC Production - Power (W) | Inv7- AC Consumption - Energy (Wh) | Inv7- AC Consumption - Power (W) | Inv8- AC Production - Energy (Wh) | Inv8- AC Production - Power (W) | Inv8- AC Consumption - Energy (Wh) | Inv8- AC Consumption - Power (W) | Inv9- AC Production - Energy (Wh) | Inv9- AC Production - Power (W) | Inv9- AC Consumption - Energy (Wh) | Inv9- AC Consumption - Power (W) | Inv10- AC Production - Energy (Wh) | Inv10- AC Production - Power (W) | Inv10- AC Consumption - Energy (Wh) | Inv10- AC Consumption - Power (W) | Inv11- AC Production - Energy (Wh) | Inv11- AC Production - Power (W) | Inv11- AC Consumption - Energy (Wh) | Inv11- AC Consumption - Power (W) | Inv12- AC Production - Energy (Wh) | Inv12- AC Production - Power (W) | Inv12- AC Consumption - Energy (Wh) | Inv12- AC Consumption - Power (W) | Inv13- AC Production - Energy (Wh) | Inv13- AC Production - Power (W) | Inv13- AC Consumption - Energy (Wh) | Inv13- AC Consumption - Power (W) | Inv14- AC Production - Energy (Wh) | Inv14- AC Production - Power (W) | Inv14- AC Consumption - Energy (Wh) | Inv14- AC Consumption - Power (W) | Inv15- AC Production - Energy (Wh) | Inv15- AC Production - Power (W) | Inv15- AC Consumption - Energy (Wh) | Inv15- AC Consumption - Power (W) | Inv16- AC Production - Energy (Wh) | Inv16- AC Production - Power (W) | Inv16- AC Consumption - Energy (Wh) | Inv16- AC Consumption - Power (W) | Inv17- AC Production - Energy (Wh) | Inv17- AC Production - Power (W) | Inv17- AC Consumption - Energy (Wh) | Inv17- AC Consumption - Power (W) | Inv18- AC Production - Energy (Wh) | Inv18- AC Production - Power (W) | Inv18- AC Consumption - Energy (Wh) | Inv18- AC Consumption - Power (W) | Inv19- AC Production - Energy (Wh) | Inv19- AC Production - Power (W) | Inv19- AC Consumption - Energy (Wh) | Inv19- AC Consumption - Power (W) | Inv20- AC Production - Energy (Wh) | Inv20- AC Production - Power (W) | Inv20- AC Consumption - Energy (Wh) | Inv20- AC Consumption - Power (W) | Inv21- AC Production - Energy (Wh) | Inv21- AC Production - Power (W) | Inv21- AC Consumption - Energy (Wh) | Inv21- AC Consumption - Power (W) | Inv22- AC Production - Energy (Wh) | Inv22- AC Production - Power (W) | Inv22- AC Consumption - Energy (Wh) | Inv22- AC Consumption - Power (W) | Inv23- AC Production - Energy (Wh) | Inv23- AC Production - Power (W) | Inv23- AC Consumption - Energy (Wh) | Inv23- AC Consumption - Power (W) | Inv24- AC Production - Energy (Wh) | Inv24- AC Production - Power (W) | Inv24- AC Consumption - Energy (Wh) | Inv24- AC Consumption - Power (W) | Inv25- AC Production - Energy (Wh) | Inv25- AC Production - Power (W) | Inv25- AC Consumption - Energy (Wh) | Inv25- AC Consumption - Power (W) | Inv26- AC Production - Energy (Wh) | Inv26- AC Production - Power (W) | Inv26- AC Consumption - Energy (Wh) | Inv26- AC Consumption - Power (W),2016,2016,0,"%m/%d/%y, %I:%M %p:2016",2024-07-06 00:00:00,2024-07-12 23:55:00,5 minutes,OK,,PV/production,PV/production markers,
data/raw/Data to be used/Data to be used/Power/Weekly Data/AC_power_energy/2024/Chart AC_power_Energy_2024_week_29 01_31_2025 01_57 PM.csv,561945,.csv,a30a409c1738b286d5c3ef2386620dc3c5c1f90732698a223244c0ac4eebfd4f,Time | Inv1- AC Production - Energy (Wh) | Inv1- AC Production - Power (W) | Inv1- AC Consumption - Energy (Wh) | Inv1- AC Consumption - Power (W) | Inv2- AC Production - Energy (Wh) | Inv2- AC Production - Power (W) | Inv2- AC Consumption - Energy (Wh) | Inv2- AC Consumption - Power (W) | Inv3- AC Production - Energy (Wh) | Inv3- AC Production - Power (W) | Inv3- AC Consumption - Energy (Wh) | Inv3- AC Consumption - Power (W) | Inv4- AC Production - Energy (Wh) | Inv4- AC Production - Power (W) | Inv4- AC Consumption - Energy (Wh) | Inv4- AC Consumption - Power (W) | Inv5- AC Production - Energy (Wh) | Inv5- AC Production - Power (W) | Inv5- AC Consumption - Energy (Wh) | Inv5- AC Consumption - Power (W) | Inv6- AC Production - Energy (Wh) | Inv6- AC Production - Power (W) | Inv6- AC Consumption - Energy (Wh) | Inv6- AC Consumption - Power (W) | Inv7- AC Production - Energy (Wh) | Inv7- AC Production - Power (W) | Inv7- AC Consumption - Energy (Wh) | Inv7- AC Consumption - Power (W) | Inv8- AC Production - Energy (Wh) | Inv8- AC Production - Power (W) | Inv8- AC Consumption - Energy (Wh) | Inv8- AC Consumption - Power (W) | Inv9- AC Production - Energy (Wh) | Inv9- AC Production - Power (W) | Inv9- AC Consumption - Energy (Wh) | Inv9- AC Consumption - Power (W) | Inv10- AC Production - Energy (Wh) | Inv10- AC Production - Power (W) | Inv10- AC Consumption - Energy (Wh) | Inv10- AC Consumption - Power (W) | Inv11- AC Production - Energy (Wh) | Inv11- AC Production - Power (W) | Inv11- AC Consumption - Energy (Wh) | Inv11- AC Consumption - Power (W) | Inv12- AC Production - Energy (Wh) | Inv12- AC Production - Power (W) | Inv12- AC Consumption - Energy (Wh) | Inv12- AC Consumption - Power (W) | Inv13- AC Production - Energy (Wh) | Inv13- AC Production - Power (W) | Inv13- AC Consumption - Energy (Wh) | Inv13- AC Consumption - Power (W) | Inv14- AC Production - Energy (Wh) | Inv14- AC Production - Power (W) | Inv14- AC Consumption - Energy (Wh) | Inv14- AC Consumption - Power (W) | Inv15- AC Production - Energy (Wh) | Inv15- AC Production - Power (W) | Inv15- AC Consumption - Energy (Wh) | Inv15- AC Consumption - Power (W) | Inv16- AC Production - Energy (Wh) | Inv16- AC Production - Power (W) | Inv16- AC Consumption - Energy (Wh) | Inv16- AC Consumption - Power (W) | Inv17- AC Production - Energy (Wh) | Inv17- AC Production - Power (W) | Inv17- AC Consumption - Energy (Wh) | Inv17- AC Consumption - Power (W) | Inv18- AC Production - Energy (Wh) | Inv18- AC Production - Power (W) | Inv18- AC Consumption - Energy (Wh) | Inv18- AC Consumption - Power (W) | Inv19- AC Production - Energy (Wh) | Inv19- AC Production - Power (W) | Inv19- AC Consumption - Energy (Wh) | Inv19- AC Consumption - Power (W) | Inv20- AC Production - Energy (Wh) | Inv20- AC Production - Power (W) | Inv20- AC Consumption - Energy (Wh) | Inv20- AC Consumption - Power (W) | Inv21- AC Production - Energy (Wh) | Inv21- AC Production - Power (W) | Inv21- AC Consumption - Energy (Wh) | Inv21- AC Consumption - Power (W) | Inv22- AC Production - Energy (Wh) | Inv22- AC Production - Power (W) | Inv22- AC Consumption - Energy (Wh) | Inv22- AC Consumption - Power (W) | Inv23- AC Production - Energy (Wh) | Inv23- AC Production - Power (W) | Inv23- AC Consumption - Energy (Wh) | Inv23- AC Consumption - Power (W) | Inv24- AC Production - Energy (Wh) | Inv24- AC Production - Power (W) | Inv24- AC Consumption - Energy (Wh) | Inv24- AC Consumption - Power (W) | Inv25- AC Production - Energy (Wh) | Inv25- AC Production - Power (W) | Inv25- AC Consumption - Energy (Wh) | Inv25- AC Consumption - Power (W) | Inv26- AC Production - Energy (Wh) | Inv26- AC Production - Power (W) | Inv26- AC Consumption - Energy (Wh) | Inv26- AC Consumption - Power (W),2016,2016,0,"%m/%d/%y, %I:%M %p:2016",2024-07-13 00:00:00,2024-07-19 23:55:00,5 minutes,OK,,PV/production,PV/production markers,
data/raw/Data to be used/Data to be used/Power/Weekly Data/AC_power_energy/2024/Chart AC_power_Energy_2024_week_3 01_31_2025 01_45 PM.csv,500917,.csv,145bfe884c0b3615cc010d1f80370161aa1388e53c3a6e67cb57565f06e6daf2,Time | Inv1- AC Production - Energy (Wh) | Inv1- AC Production - Power (W) | Inv1- AC Consumption - Energy (Wh) | Inv1- AC Consumption - Power (W) | Inv2- AC Production - Energy (Wh) | Inv2- AC Production - Power (W) | Inv2- AC Consumption - Energy (Wh) | Inv2- AC Consumption - Power (W) | Inv3- AC Production - Energy (Wh) | Inv3- AC Production - Power (W) | Inv3- AC Consumption - Energy (Wh) | Inv3- AC Consumption - Power (W) | Inv4- AC Production - Energy (Wh) | Inv4- AC Production - Power (W) | Inv4- AC Consumption - Energy (Wh) | Inv4- AC Consumption - Power (W) | Inv5- AC Production - Energy (Wh) | Inv5- AC Production - Power (W) | Inv5- AC Consumption - Energy (Wh) | Inv5- AC Consumption - Power (W) | Inv6- AC Production - Energy (Wh) | Inv6- AC Production - Power (W) | Inv6- AC Consumption - Energy (Wh) | Inv6- AC Consumption - Power (W) | Inv7- AC Production - Energy (Wh) | Inv7- AC Production - Power (W) | Inv7- AC Consumption - Energy (Wh) | Inv7- AC Consumption - Power (W) | Inv8- AC Production - Energy (Wh) | Inv8- AC Production - Power (W) | Inv8- AC Consumption - Energy (Wh) | Inv8- AC Consumption - Power (W) | Inv9- AC Production - Energy (Wh) | Inv9- AC Production - Power (W) | Inv9- AC Consumption - Energy (Wh) | Inv9- AC Consumption - Power (W) | Inv10- AC Production - Energy (Wh) | Inv10- AC Production - Power (W) | Inv10- AC Consumption - Energy (Wh) | Inv10- AC Consumption - Power (W) | Inv11- AC Production - Energy (Wh) | Inv11- AC Production - Power (W) | Inv11- AC Consumption - Energy (Wh) | Inv11- AC Consumption - Power (W) | Inv12- AC Production - Energy (Wh) | Inv12- AC Production - Power (W) | Inv12- AC Consumption - Energy (Wh) | Inv12- AC Consumption - Power (W) | Inv13- AC Production - Energy (Wh) | Inv13- AC Production - Power (W) | Inv13- AC Consumption - Energy (Wh) | Inv13- AC Consumption - Power (W) | Inv14- AC Production - Energy (Wh) | Inv14- AC Production - Power (W) | Inv14- AC Consumption - Energy (Wh) | Inv14- AC Consumption - Power (W) | Inv15- AC Production - Energy (Wh) | Inv15- AC Production - Power (W) | Inv15- AC Consumption - Energy (Wh) | Inv15- AC Consumption - Power (W) | Inv16- AC Production - Energy (Wh) | Inv16- AC Production - Power (W) | Inv16- AC Consumption - Energy (Wh) | Inv16- AC Consumption - Power (W) | Inv17- AC Production - Energy (Wh) | Inv17- AC Production - Power (W) | Inv17- AC Consumption - Energy (Wh) | Inv17- AC Consumption - Power (W) | Inv18- AC Production - Energy (Wh) | Inv18- AC Production - Power (W) | Inv18- AC Consumption - Energy (Wh) | Inv18- AC Consumption - Power (W) | Inv19- AC Production - Energy (Wh) | Inv19- AC Production - Power (W) | Inv19- AC Consumption - Energy (Wh) | Inv19- AC Consumption - Power (W) | Inv20- AC Production - Energy (Wh) | Inv20- AC Production - Power (W) | Inv20- AC Consumption - Energy (Wh) | Inv20- AC Consumption - Power (W) | Inv21- AC Production - Energy (Wh) | Inv21- AC Production - Power (W) | Inv21- AC Consumption - Energy (Wh) | Inv21- AC Consumption - Power (W) | Inv22- AC Production - Energy (Wh) | Inv22- AC Production - Power (W) | Inv22- AC Consumption - Energy (Wh) | Inv22- AC Consumption - Power (W) | Inv23- AC Production - Energy (Wh) | Inv23- AC Production - Power (W) | Inv23- AC Consumption - Energy (Wh) | Inv23- AC Consumption - Power (W) | Inv24- AC Production - Energy (Wh) | Inv24- AC Production - Power (W) | Inv24- AC Consumption - Energy (Wh) | Inv24- AC Consumption - Power (W) | Inv25- AC Production - Energy (Wh) | Inv25- AC Production - Power (W) | Inv25- AC Consumption - Energy (Wh) | Inv25- AC Consumption - Power (W) | Inv26- AC Production - Energy (Wh) | Inv26- AC Production - Power (W) | Inv26- AC Consumption - Energy (Wh) | Inv26- AC Consumption - Power (W),2016,2016,0,"%m/%d/%y, %I:%M %p:2016",2024-01-13 00:00:00,2024-01-19 23:55:00,5 minutes,OK,,PV/production,PV/production markers,
data/raw/Data to be used/Data to be used/Power/Weekly Data/AC_power_energy/2024/Chart AC_power_Energy_2024_week_30 01_31_2025 01_57 PM.csv,574253,.csv,15c24445d22b4a7f5dc7028fc5abcde082c0b993e6917259414b1fae3bda4a03,Time | Inv1- AC Production - Energy (Wh) | Inv1- AC Production - Power (W) | Inv1- AC Consumption - Energy (Wh) | Inv1- AC Consumption - Power (W) | Inv2- AC Production - Energy (Wh) | Inv2- AC Production - Power (W) | Inv2- AC Consumption - Energy (Wh) | Inv2- AC Consumption - Power (W) | Inv3- AC Production - Energy (Wh) | Inv3- AC Production - Power (W) | Inv3- AC Consumption - Energy (Wh) | Inv3- AC Consumption - Power (W) | Inv4- AC Production - Energy (Wh) | Inv4- AC Production - Power (W) | Inv4- AC Consumption - Energy (Wh) | Inv4- AC Consumption - Power (W) | Inv5- AC Production - Energy (Wh) | Inv5- AC Production - Power (W) | Inv5- AC Consumption - Energy (Wh) | Inv5- AC Consumption - Power (W) | Inv6- AC Production - Energy (Wh) | Inv6- AC Production - Power (W) | Inv6- AC Consumption - Energy (Wh) | Inv6- AC Consumption - Power (W) | Inv7- AC Production - Energy (Wh) | Inv7- AC Production - Power (W) | Inv7- AC Consumption - Energy (Wh) | Inv7- AC Consumption - Power (W) | Inv8- AC Production - Energy (Wh) | Inv8- AC Production - Power (W) | Inv8- AC Consumption - Energy (Wh) | Inv8- AC Consumption - Power (W) | Inv9- AC Production - Energy (Wh) | Inv9- AC Production - Power (W) | Inv9- AC Consumption - Energy (Wh) | Inv9- AC Consumption - Power (W) | Inv10- AC Production - Energy (Wh) | Inv10- AC Production - Power (W) | Inv10- AC Consumption - Energy (Wh) | Inv10- AC Consumption - Power (W) | Inv11- AC Production - Energy (Wh) | Inv11- AC Production - Power (W) | Inv11- AC Consumption - Energy (Wh) | Inv11- AC Consumption - Power (W) | Inv12- AC Production - Energy (Wh) | Inv12- AC Production - Power (W) | Inv12- AC Consumption - Energy (Wh) | Inv12- AC Consumption - Power (W) | Inv13- AC Production - Energy (Wh) | Inv13- AC Production - Power (W) | Inv13- AC Consumption - Energy (Wh) | Inv13- AC Consumption - Power (W) | Inv14- AC Production - Energy (Wh) | Inv14- AC Production - Power (W) | Inv14- AC Consumption - Energy (Wh) | Inv14- AC Consumption - Power (W) | Inv15- AC Production - Energy (Wh) | Inv15- AC Production - Power (W) | Inv15- AC Consumption - Energy (Wh) | Inv15- AC Consumption - Power (W) | Inv16- AC Production - Energy (Wh) | Inv16- AC Production - Power (W) | Inv16- AC Consumption - Energy (Wh) | Inv16- AC Consumption - Power (W) | Inv17- AC Production - Energy (Wh) | Inv17- AC Production - Power (W) | Inv17- AC Consumption - Energy (Wh) | Inv17- AC Consumption - Power (W) | Inv18- AC Production - Energy (Wh) | Inv18- AC Production - Power (W) | Inv18- AC Consumption - Energy (Wh) | Inv18- AC Consumption - Power (W) | Inv19- AC Production - Energy (Wh) | Inv19- AC Production - Power (W) | Inv19- AC Consumption - Energy (Wh) | Inv19- AC Consumption - Power (W) | Inv20- AC Production - Energy (Wh) | Inv20- AC Production - Power (W) | Inv20- AC Consumption - Energy (Wh) | Inv20- AC Consumption - Power (W) | Inv21- AC Production - Energy (Wh) | Inv21- AC Production - Power (W) | Inv21- AC Consumption - Energy (Wh) | Inv21- AC Consumption - Power (W) | Inv22- AC Production - Energy (Wh) | Inv22- AC Production - Power (W) | Inv22- AC Consumption - Energy (Wh) | Inv22- AC Consumption - Power (W) | Inv23- AC Production - Energy (Wh) | Inv23- AC Production - Power (W) | Inv23- AC Consumption - Energy (Wh) | Inv23- AC Consumption - Power (W) | Inv24- AC Production - Energy (Wh) | Inv24- AC Production - Power (W) | Inv24- AC Consumption - Energy (Wh) | Inv24- AC Consumption - Power (W) | Inv25- AC Production - Energy (Wh) | Inv25- AC Production - Power (W) | Inv25- AC Consumption - Energy (Wh) | Inv25- AC Consumption - Power (W) | Inv26- AC Production - Energy (Wh) | Inv26- AC Production - Power (W) | Inv26- AC Consumption - Energy (Wh) | Inv26- AC Consumption - Power (W),2016,2016,0,"%m/%d/%y, %I:%M %p:2016",2024-07-20 00:00:00,2024-07-26 23:55:00,5 minutes,OK,,PV/production,PV/production markers,
data/raw/Data to be used/Data to be used/Power/Weekly Data/AC_power_energy/2024/Chart AC_power_Energy_2024_week_31 01_31_2025 01_58 PM.csv,577527,.csv,1eab2aba1c6a6c02121ad77c6eb96b259bac9eee0fee336d02287a63bb455e2c,Time | Inv1- AC Production - Energy (Wh) | Inv1- AC Production - Power (W) | Inv1- AC Consumption - Energy (Wh) | Inv1- AC Consumption - Power (W) | Inv2- AC Production - Energy (Wh) | Inv2- AC Production - Power (W) | Inv2- AC Consumption - Energy (Wh) | Inv2- AC Consumption - Power (W) | Inv3- AC Production - Energy (Wh) | Inv3- AC Production - Power (W) | Inv3- AC Consumption - Energy (Wh) | Inv3- AC Consumption - Power (W) | Inv4- AC Production - Energy (Wh) | Inv4- AC Production - Power (W) | Inv4- AC Consumption - Energy (Wh) | Inv4- AC Consumption - Power (W) | Inv5- AC Production - Energy (Wh) | Inv5- AC Production - Power (W) | Inv5- AC Consumption - Energy (Wh) | Inv5- AC Consumption - Power (W) | Inv6- AC Production - Energy (Wh) | Inv6- AC Production - Power (W) | Inv6- AC Consumption - Energy (Wh) | Inv6- AC Consumption - Power (W) | Inv7- AC Production - Energy (Wh) | Inv7- AC Production - Power (W) | Inv7- AC Consumption - Energy (Wh) | Inv7- AC Consumption - Power (W) | Inv8- AC Production - Energy (Wh) | Inv8- AC Production - Power (W) | Inv8- AC Consumption - Energy (Wh) | Inv8- AC Consumption - Power (W) | Inv9- AC Production - Energy (Wh) | Inv9- AC Production - Power (W) | Inv9- AC Consumption - Energy (Wh) | Inv9- AC Consumption - Power (W) | Inv10- AC Production - Energy (Wh) | Inv10- AC Production - Power (W) | Inv10- AC Consumption - Energy (Wh) | Inv10- AC Consumption - Power (W) | Inv11- AC Production - Energy (Wh) | Inv11- AC Production - Power (W) | Inv11- AC Consumption - Energy (Wh) | Inv11- AC Consumption - Power (W) | Inv12- AC Production - Energy (Wh) | Inv12- AC Production - Power (W) | Inv12- AC Consumption - Energy (Wh) | Inv12- AC Consumption - Power (W) | Inv13- AC Production - Energy (Wh) | Inv13- AC Production - Power (W) | Inv13- AC Consumption - Energy (Wh) | Inv13- AC Consumption - Power (W) | Inv14- AC Production - Energy (Wh) | Inv14- AC Production - Power (W) | Inv14- AC Consumption - Energy (Wh) | Inv14- AC Consumption - Power (W) | Inv15- AC Production - Energy (Wh) | Inv15- AC Production - Power (W) | Inv15- AC Consumption - Energy (Wh) | Inv15- AC Consumption - Power (W) | Inv16- AC Production - Energy (Wh) | Inv16- AC Production - Power (W) | Inv16- AC Consumption - Energy (Wh) | Inv16- AC Consumption - Power (W) | Inv17- AC Production - Energy (Wh) | Inv17- AC Production - Power (W) | Inv17- AC Consumption - Energy (Wh) | Inv17- AC Consumption - Power (W) | Inv18- AC Production - Energy (Wh) | Inv18- AC Production - Power (W) | Inv18- AC Consumption - Energy (Wh) | Inv18- AC Consumption - Power (W) | Inv19- AC Production - Energy (Wh) | Inv19- AC Production - Power (W) | Inv19- AC Consumption - Energy (Wh) | Inv19- AC Consumption - Power (W) | Inv20- AC Production - Energy (Wh) | Inv20- AC Production - Power (W) | Inv20- AC Consumption - Energy (Wh) | Inv20- AC Consumption - Power (W) | Inv21- AC Production - Energy (Wh) | Inv21- AC Production - Power (W) | Inv21- AC Consumption - Energy (Wh) | Inv21- AC Consumption - Power (W) | Inv22- AC Production - Energy (Wh) | Inv22- AC Production - Power (W) | Inv22- AC Consumption - Energy (Wh) | Inv22- AC Consumption - Power (W) | Inv23- AC Production - Energy (Wh) | Inv23- AC Production - Power (W) | Inv23- AC Consumption - Energy (Wh) | Inv23- AC Consumption - Power (W) | Inv24- AC Production - Energy (Wh) | Inv24- AC Production - Power (W) | Inv24- AC Consumption - Energy (Wh) | Inv24- AC Consumption - Power (W) | Inv25- AC Production - Energy (Wh) | Inv25- AC Production - Power (W) | Inv25- AC Consumption - Energy (Wh) | Inv25- AC Consumption - Power (W) | Inv26- AC Production - Energy (Wh) | Inv26- AC Production - Power (W) | Inv26- AC Consumption - Energy (Wh) | Inv26- AC Consumption - Power (W),2016,2016,0,"%m/%d/%y, %I:%M %p:2016",2024-07-27 00:00:00,2024-08-02 23:55:00,5 minutes,OK,,PV/production,PV/production markers,
data/raw/Data to be used/Data to be used/Power/Weekly Data/AC_power_energy/2024/Chart AC_power_Energy_2024_week_32 01_31_2025 01_58 PM (1).csv,578485,.csv,f468ceec14e598b8e90130d2623ed27d673f3ec1429c3790b302945043206c3e,Time | Inv1- AC Production - Energy (Wh) | Inv1- AC Production - Power (W) | Inv1- AC Consumption - Energy (Wh) | Inv1- AC Consumption - Power (W) | Inv2- AC Production - Energy (Wh) | Inv2- AC Production - Power (W) | Inv2- AC Consumption - Energy (Wh) | Inv2- AC Consumption - Power (W) | Inv3- AC Production - Energy (Wh) | Inv3- AC Production - Power (W) | Inv3- AC Consumption - Energy (Wh) | Inv3- AC Consumption - Power (W) | Inv4- AC Production - Energy (Wh) | Inv4- AC Production - Power (W) | Inv4- AC Consumption - Energy (Wh) | Inv4- AC Consumption - Power (W) | Inv5- AC Production - Energy (Wh) | Inv5- AC Production - Power (W) | Inv5- AC Consumption - Energy (Wh) | Inv5- AC Consumption - Power (W) | Inv6- AC Production - Energy (Wh) | Inv6- AC Production - Power (W) | Inv6- AC Consumption - Energy (Wh) | Inv6- AC Consumption - Power (W) | Inv7- AC Production - Energy (Wh) | Inv7- AC Production - Power (W) | Inv7- AC Consumption - Energy (Wh) | Inv7- AC Consumption - Power (W) | Inv8- AC Production - Energy (Wh) | Inv8- AC Production - Power (W) | Inv8- AC Consumption - Energy (Wh) | Inv8- AC Consumption - Power (W) | Inv9- AC Production - Energy (Wh) | Inv9- AC Production - Power (W) | Inv9- AC Consumption - Energy (Wh) | Inv9- AC Consumption - Power (W) | Inv10- AC Production - Energy (Wh) | Inv10- AC Production - Power (W) | Inv10- AC Consumption - Energy (Wh) | Inv10- AC Consumption - Power (W) | Inv11- AC Production - Energy (Wh) | Inv11- AC Production - Power (W) | Inv11- AC Consumption - Energy (Wh) | Inv11- AC Consumption - Power (W) | Inv12- AC Production - Energy (Wh) | Inv12- AC Production - Power (W) | Inv12- AC Consumption - Energy (Wh) | Inv12- AC Consumption - Power (W) | Inv13- AC Production - Energy (Wh) | Inv13- AC Production - Power (W) | Inv13- AC Consumption - Energy (Wh) | Inv13- AC Consumption - Power (W) | Inv14- AC Production - Energy (Wh) | Inv14- AC Production - Power (W) | Inv14- AC Consumption - Energy (Wh) | Inv14- AC Consumption - Power (W) | Inv15- AC Production - Energy (Wh) | Inv15- AC Production - Power (W) | Inv15- AC Consumption - Energy (Wh) | Inv15- AC Consumption - Power (W) | Inv16- AC Production - Energy (Wh) | Inv16- AC Production - Power (W) | Inv16- AC Consumption - Energy (Wh) | Inv16- AC Consumption - Power (W) | Inv17- AC Production - Energy (Wh) | Inv17- AC Production - Power (W) | Inv17- AC Consumption - Energy (Wh) | Inv17- AC Consumption - Power (W) | Inv18- AC Production - Energy (Wh) | Inv18- AC Production - Power (W) | Inv18- AC Consumption - Energy (Wh) | Inv18- AC Consumption - Power (W) | Inv19- AC Production - Energy (Wh) | Inv19- AC Production - Power (W) | Inv19- AC Consumption - Energy (Wh) | Inv19- AC Consumption - Power (W) | Inv20- AC Production - Energy (Wh) | Inv20- AC Production - Power (W) | Inv20- AC Consumption - Energy (Wh) | Inv20- AC Consumption - Power (W) | Inv21- AC Production - Energy (Wh) | Inv21- AC Production - Power (W) | Inv21- AC Consumption - Energy (Wh) | Inv21- AC Consumption - Power (W) | Inv22- AC Production - Energy (Wh) | Inv22- AC Production - Power (W) | Inv22- AC Consumption - Energy (Wh) | Inv22- AC Consumption - Power (W) | Inv23- AC Production - Energy (Wh) | Inv23- AC Production - Power (W) | Inv23- AC Consumption - Energy (Wh) | Inv23- AC Consumption - Power (W) | Inv24- AC Production - Energy (Wh) | Inv24- AC Production - Power (W) | Inv24- AC Consumption - Energy (Wh) | Inv24- AC Consumption - Power (W) | Inv25- AC Production - Energy (Wh) | Inv25- AC Production - Power (W) | Inv25- AC Consumption - Energy (Wh) | Inv25- AC Consumption - Power (W) | Inv26- AC Production - Energy (Wh) | Inv26- AC Production - Power (W) | Inv26- AC Consumption - Energy (Wh) | Inv26- AC Consumption - Power (W),2016,2016,0,"%m/%d/%y, %I:%M %p:2016",2024-08-03 00:00:00,2024-08-09 23:55:00,5 minutes,OK,,PV/production,PV/production markers,
data/raw/Data to be used/Data to be used/Power/Weekly Data/AC_power_energy/2024/Chart AC_power_Energy_2024_week_33 01_31_2025 01_59 PM (1).csv,592882,.csv,05217d8c5a88d1d89acdca5d4e3ca78ce2e7550dd667c686dd7a4f27f28ffc86,Time | Inv1- AC Production - Energy (Wh) | Inv1- AC Production - Power (W) | Inv1- AC Consumption - Energy (Wh) | Inv1- AC Consumption - Power (W) | Inv2- AC Production - Energy (Wh) | Inv2- AC Production - Power (W) | Inv2- AC Consumption - Energy (Wh) | Inv2- AC Consumption - Power (W) | Inv3- AC Production - Energy (Wh) | Inv3- AC Production - Power (W) | Inv3- AC Consumption - Energy (Wh) | Inv3- AC Consumption - Power (W) | Inv4- AC Production - Energy (Wh) | Inv4- AC Production - Power (W) | Inv4- AC Consumption - Energy (Wh) | Inv4- AC Consumption - Power (W) | Inv5- AC Production - Energy (Wh) | Inv5- AC Production - Power (W) | Inv5- AC Consumption - Energy (Wh) | Inv5- AC Consumption - Power (W) | Inv6- AC Production - Energy (Wh) | Inv6- AC Production - Power (W) | Inv6- AC Consumption - Energy (Wh) | Inv6- AC Consumption - Power (W) | Inv7- AC Production - Energy (Wh) | Inv7- AC Production - Power (W) | Inv7- AC Consumption - Energy (Wh) | Inv7- AC Consumption - Power (W) | Inv8- AC Production - Energy (Wh) | Inv8- AC Production - Power (W) | Inv8- AC Consumption - Energy (Wh) | Inv8- AC Consumption - Power (W) | Inv9- AC Production - Energy (Wh) | Inv9- AC Production - Power (W) | Inv9- AC Consumption - Energy (Wh) | Inv9- AC Consumption - Power (W) | Inv10- AC Production - Energy (Wh) | Inv10- AC Production - Power (W) | Inv10- AC Consumption - Energy (Wh) | Inv10- AC Consumption - Power (W) | Inv11- AC Production - Energy (Wh) | Inv11- AC Production - Power (W) | Inv11- AC Consumption - Energy (Wh) | Inv11- AC Consumption - Power (W) | Inv12- AC Production - Energy (Wh) | Inv12- AC Production - Power (W) | Inv12- AC Consumption - Energy (Wh) | Inv12- AC Consumption - Power (W) | Inv13- AC Production - Energy (Wh) | Inv13- AC Production - Power (W) | Inv13- AC Consumption - Energy (Wh) | Inv13- AC Consumption - Power (W) | Inv14- AC Production - Energy (Wh) | Inv14- AC Production - Power (W) | Inv14- AC Consumption - Energy (Wh) | Inv14- AC Consumption - Power (W) | Inv15- AC Production - Energy (Wh) | Inv15- AC Production - Power (W) | Inv15- AC Consumption - Energy (Wh) | Inv15- AC Consumption - Power (W) | Inv16- AC Production - Energy (Wh) | Inv16- AC Production - Power (W) | Inv16- AC Consumption - Energy (Wh) | Inv16- AC Consumption - Power (W) | Inv17- AC Production - Energy (Wh) | Inv17- AC Production - Power (W) | Inv17- AC Consumption - Energy (Wh) | Inv17- AC Consumption - Power (W) | Inv18- AC Production - Energy (Wh) | Inv18- AC Production - Power (W) | Inv18- AC Consumption - Energy (Wh) | Inv18- AC Consumption - Power (W) | Inv19- AC Production - Energy (Wh) | Inv19- AC Production - Power (W) | Inv19- AC Consumption - Energy (Wh) | Inv19- AC Consumption - Power (W) | Inv20- AC Production - Energy (Wh) | Inv20- AC Production - Power (W) | Inv20- AC Consumption - Energy (Wh) | Inv20- AC Consumption - Power (W) | Inv21- AC Production - Energy (Wh) | Inv21- AC Production - Power (W) | Inv21- AC Consumption - Energy (Wh) | Inv21- AC Consumption - Power (W) | Inv22- AC Production - Energy (Wh) | Inv22- AC Production - Power (W) | Inv22- AC Consumption - Energy (Wh) | Inv22- AC Consumption - Power (W) | Inv23- AC Production - Energy (Wh) | Inv23- AC Production - Power (W) | Inv23- AC Consumption - Energy (Wh) | Inv23- AC Consumption - Power (W) | Inv24- AC Production - Energy (Wh) | Inv24- AC Production - Power (W) | Inv24- AC Consumption - Energy (Wh) | Inv24- AC Consumption - Power (W) | Inv25- AC Production - Energy (Wh) | Inv25- AC Production - Power (W) | Inv25- AC Consumption - Energy (Wh) | Inv25- AC Consumption - Power (W) | Inv26- AC Production - Energy (Wh) | Inv26- AC Production - Power (W) | Inv26- AC Consumption - Energy (Wh) | Inv26- AC Consumption - Power (W),2016,2016,0,"%m/%d/%y, %I:%M %p:2016",2024-08-10 00:00:00,2024-08-16 23:55:00,5 minutes,OK,,PV/production,PV/production markers,
data/raw/Data to be used/Data to be used/Power/Weekly Data/AC_power_energy/2024/Chart AC_power_Energy_2024_week_34 01_31_2025 02_06 PM.csv,587417,.csv,068cbb84e48b0cb553f5d949096a88d6df4a48474e8febd1e6abd6cc4fd7b7fb,Time | Inv1- AC Production - Energy (Wh) | Inv1- AC Production - Power (W) | Inv1- AC Consumption - Energy (Wh) | Inv1- AC Consumption - Power (W) | Inv2- AC Production - Energy (Wh) | Inv2- AC Production - Power (W) | Inv2- AC Consumption - Energy (Wh) | Inv2- AC Consumption - Power (W) | Inv3- AC Production - Energy (Wh) | Inv3- AC Production - Power (W) | Inv3- AC Consumption - Energy (Wh) | Inv3- AC Consumption - Power (W) | Inv4- AC Production - Energy (Wh) | Inv4- AC Production - Power (W) | Inv4- AC Consumption - Energy (Wh) | Inv4- AC Consumption - Power (W) | Inv5- AC Production - Energy (Wh) | Inv5- AC Production - Power (W) | Inv5- AC Consumption - Energy (Wh) | Inv5- AC Consumption - Power (W) | Inv6- AC Production - Energy (Wh) | Inv6- AC Production - Power (W) | Inv6- AC Consumption - Energy (Wh) | Inv6- AC Consumption - Power (W) | Inv7- AC Production - Energy (Wh) | Inv7- AC Production - Power (W) | Inv7- AC Consumption - Energy (Wh) | Inv7- AC Consumption - Power (W) | Inv8- AC Production - Energy (Wh) | Inv8- AC Production - Power (W) | Inv8- AC Consumption - Energy (Wh) | Inv8- AC Consumption - Power (W) | Inv9- AC Production - Energy (Wh) | Inv9- AC Production - Power (W) | Inv9- AC Consumption - Energy (Wh) | Inv9- AC Consumption - Power (W) | Inv10- AC Production - Energy (Wh) | Inv10- AC Production - Power (W) | Inv10- AC Consumption - Energy (Wh) | Inv10- AC Consumption - Power (W) | Inv11- AC Production - Energy (Wh) | Inv11- AC Production - Power (W) | Inv11- AC Consumption - Energy (Wh) | Inv11- AC Consumption - Power (W) | Inv12- AC Production - Energy (Wh) | Inv12- AC Production - Power (W) | Inv12- AC Consumption - Energy (Wh) | Inv12- AC Consumption - Power (W) | Inv13- AC Production - Energy (Wh) | Inv13- AC Production - Power (W) | Inv13- AC Consumption - Energy (Wh) | Inv13- AC Consumption - Power (W) | Inv14- AC Production - Energy (Wh) | Inv14- AC Production - Power (W) | Inv14- AC Consumption - Energy (Wh) | Inv14- AC Consumption - Power (W) | Inv15- AC Production - Energy (Wh) | Inv15- AC Production - Power (W) | Inv15- AC Consumption - Energy (Wh) | Inv15- AC Consumption - Power (W) | Inv16- AC Production - Energy (Wh) | Inv16- AC Production - Power (W) | Inv16- AC Consumption - Energy (Wh) | Inv16- AC Consumption - Power (W) | Inv17- AC Production - Energy (Wh) | Inv17- AC Production - Power (W) | Inv17- AC Consumption - Energy (Wh) | Inv17- AC Consumption - Power (W) | Inv18- AC Production - Energy (Wh) | Inv18- AC Production - Power (W) | Inv18- AC Consumption - Energy (Wh) | Inv18- AC Consumption - Power (W) | Inv19- AC Production - Energy (Wh) | Inv19- AC Production - Power (W) | Inv19- AC Consumption - Energy (Wh) | Inv19- AC Consumption - Power (W) | Inv20- AC Production - Energy (Wh) | Inv20- AC Production - Power (W) | Inv20- AC Consumption - Energy (Wh) | Inv20- AC Consumption - Power (W) | Inv21- AC Production - Energy (Wh) | Inv21- AC Production - Power (W) | Inv21- AC Consumption - Energy (Wh) | Inv21- AC Consumption - Power (W) | Inv22- AC Production - Energy (Wh) | Inv22- AC Production - Power (W) | Inv22- AC Consumption - Energy (Wh) | Inv22- AC Consumption - Power (W) | Inv23- AC Production - Energy (Wh) | Inv23- AC Production - Power (W) | Inv23- AC Consumption - Energy (Wh) | Inv23- AC Consumption - Power (W) | Inv24- AC Production - Energy (Wh) | Inv24- AC Production - Power (W) | Inv24- AC Consumption - Energy (Wh) | Inv24- AC Consumption - Power (W) | Inv25- AC Production - Energy (Wh) | Inv25- AC Production - Power (W) | Inv25- AC Consumption - Energy (Wh) | Inv25- AC Consumption - Power (W) | Inv26- AC Production - Energy (Wh) | Inv26- AC Production - Power (W) | Inv26- AC Consumption - Energy (Wh) | Inv26- AC Consumption - Power (W),2016,2016,0,"%m/%d/%y, %I:%M %p:2016",2024-08-17 00:00:00,2024-08-23 23:55:00,5 minutes,OK,,PV/production,PV/production markers,
data/raw/Data to be used/Data to be used/Power/Weekly Data/AC_power_energy/2024/Chart AC_power_Energy_2024_week_35 01_31_2025 02_06 PM.csv,576437,.csv,a2abf7444bafde12fa24f2bcfe9ae11f1ec6162ab1e6b9f1d025299bbe9018e9,Time | Inv1- AC Production - Energy (Wh) | Inv1- AC Production - Power (W) | Inv1- AC Consumption - Energy (Wh) | Inv1- AC Consumption - Power (W) | Inv2- AC Production - Energy (Wh) | Inv2- AC Production - Power (W) | Inv2- AC Consumption - Energy (Wh) | Inv2- AC Consumption - Power (W) | Inv3- AC Production - Energy (Wh) | Inv3- AC Production - Power (W) | Inv3- AC Consumption - Energy (Wh) | Inv3- AC Consumption - Power (W) | Inv4- AC Production - Energy (Wh) | Inv4- AC Production - Power (W) | Inv4- AC Consumption - Energy (Wh) | Inv4- AC Consumption - Power (W) | Inv5- AC Production - Energy (Wh) | Inv5- AC Production - Power (W) | Inv5- AC Consumption - Energy (Wh) | Inv5- AC Consumption - Power (W) | Inv6- AC Production - Energy (Wh) | Inv6- AC Production - Power (W) | Inv6- AC Consumption - Energy (Wh) | Inv6- AC Consumption - Power (W) | Inv7- AC Production - Energy (Wh) | Inv7- AC Production - Power (W) | Inv7- AC Consumption - Energy (Wh) | Inv7- AC Consumption - Power (W) | Inv8- AC Production - Energy (Wh) | Inv8- AC Production - Power (W) | Inv8- AC Consumption - Energy (Wh) | Inv8- AC Consumption - Power (W) | Inv9- AC Production - Energy (Wh) | Inv9- AC Production - Power (W) | Inv9- AC Consumption - Energy (Wh) | Inv9- AC Consumption - Power (W) | Inv10- AC Production - Energy (Wh) | Inv10- AC Production - Power (W) | Inv10- AC Consumption - Energy (Wh) | Inv10- AC Consumption - Power (W) | Inv11- AC Production - Energy (Wh) | Inv11- AC Production - Power (W) | Inv11- AC Consumption - Energy (Wh) | Inv11- AC Consumption - Power (W) | Inv12- AC Production - Energy (Wh) | Inv12- AC Production - Power (W) | Inv12- AC Consumption - Energy (Wh) | Inv12- AC Consumption - Power (W) | Inv13- AC Production - Energy (Wh) | Inv13- AC Production - Power (W) | Inv13- AC Consumption - Energy (Wh) | Inv13- AC Consumption - Power (W) | Inv14- AC Production - Energy (Wh) | Inv14- AC Production - Power (W) | Inv14- AC Consumption - Energy (Wh) | Inv14- AC Consumption - Power (W) | Inv15- AC Production - Energy (Wh) | Inv15- AC Production - Power (W) | Inv15- AC Consumption - Energy (Wh) | Inv15- AC Consumption - Power (W) | Inv16- AC Production - Energy (Wh) | Inv16- AC Production - Power (W) | Inv16- AC Consumption - Energy (Wh) | Inv16- AC Consumption - Power (W) | Inv17- AC Production - Energy (Wh) | Inv17- AC Production - Power (W) | Inv17- AC Consumption - Energy (Wh) | Inv17- AC Consumption - Power (W) | Inv18- AC Production - Energy (Wh) | Inv18- AC Production - Power (W) | Inv18- AC Consumption - Energy (Wh) | Inv18- AC Consumption - Power (W) | Inv19- AC Production - Energy (Wh) | Inv19- AC Production - Power (W) | Inv19- AC Consumption - Energy (Wh) | Inv19- AC Consumption - Power (W) | Inv20- AC Production - Energy (Wh) | Inv20- AC Production - Power (W) | Inv20- AC Consumption - Energy (Wh) | Inv20- AC Consumption - Power (W) | Inv21- AC Production - Energy (Wh) | Inv21- AC Production - Power (W) | Inv21- AC Consumption - Energy (Wh) | Inv21- AC Consumption - Power (W) | Inv22- AC Production - Energy (Wh) | Inv22- AC Production - Power (W) | Inv22- AC Consumption - Energy (Wh) | Inv22- AC Consumption - Power (W) | Inv23- AC Production - Energy (Wh) | Inv23- AC Production - Power (W) | Inv23- AC Consumption - Energy (Wh) | Inv23- AC Consumption - Power (W) | Inv24- AC Production - Energy (Wh) | Inv24- AC Production - Power (W) | Inv24- AC Consumption - Energy (Wh) | Inv24- AC Consumption - Power (W) | Inv25- AC Production - Energy (Wh) | Inv25- AC Production - Power (W) | Inv25- AC Consumption - Energy (Wh) | Inv25- AC Consumption - Power (W) | Inv26- AC Production - Energy (Wh) | Inv26- AC Production - Power (W) | Inv26- AC Consumption - Energy (Wh) | Inv26- AC Consumption - Power (W),2016,2016,0,"%m/%d/%y, %I:%M %p:2016",2024-08-24 00:00:00,2024-08-30 23:55:00,5 minutes,OK,,PV/production,PV/production markers,
data/raw/Data to be used/Data to be used/Power/Weekly Data/AC_power_energy/2024/Chart AC_power_Energy_2024_week_36 01_31_2025 02_06 PM.csv,572134,.csv,1bef6403e5c160176a84fde99ad485b52c7529ddbd2a30b13e1ee99dd3057865,Time | Inv1- AC Production - Energy (Wh) | Inv1- AC Production - Power (W) | Inv1- AC Consumption - Energy (Wh) | Inv1- AC Consumption - Power (W) | Inv2- AC Production - Energy (Wh) | Inv2- AC Production - Power (W) | Inv2- AC Consumption - Energy (Wh) | Inv2- AC Consumption - Power (W) | Inv3- AC Production - Energy (Wh) | Inv3- AC Production - Power (W) | Inv3- AC Consumption - Energy (Wh) | Inv3- AC Consumption - Power (W) | Inv4- AC Production - Energy (Wh) | Inv4- AC Production - Power (W) | Inv4- AC Consumption - Energy (Wh) | Inv4- AC Consumption - Power (W) | Inv5- AC Production - Energy (Wh) | Inv5- AC Production - Power (W) | Inv5- AC Consumption - Energy (Wh) | Inv5- AC Consumption - Power (W) | Inv6- AC Production - Energy (Wh) | Inv6- AC Production - Power (W) | Inv6- AC Consumption - Energy (Wh) | Inv6- AC Consumption - Power (W) | Inv7- AC Production - Energy (Wh) | Inv7- AC Production - Power (W) | Inv7- AC Consumption - Energy (Wh) | Inv7- AC Consumption - Power (W) | Inv8- AC Production - Energy (Wh) | Inv8- AC Production - Power (W) | Inv8- AC Consumption - Energy (Wh) | Inv8- AC Consumption - Power (W) | Inv9- AC Production - Energy (Wh) | Inv9- AC Production - Power (W) | Inv9- AC Consumption - Energy (Wh) | Inv9- AC Consumption - Power (W) | Inv10- AC Production - Energy (Wh) | Inv10- AC Production - Power (W) | Inv10- AC Consumption - Energy (Wh) | Inv10- AC Consumption - Power (W) | Inv11- AC Production - Energy (Wh) | Inv11- AC Production - Power (W) | Inv11- AC Consumption - Energy (Wh) | Inv11- AC Consumption - Power (W) | Inv12- AC Production - Energy (Wh) | Inv12- AC Production - Power (W) | Inv12- AC Consumption - Energy (Wh) | Inv12- AC Consumption - Power (W) | Inv13- AC Production - Energy (Wh) | Inv13- AC Production - Power (W) | Inv13- AC Consumption - Energy (Wh) | Inv13- AC Consumption - Power (W) | Inv14- AC Production - Energy (Wh) | Inv14- AC Production - Power (W) | Inv14- AC Consumption - Energy (Wh) | Inv14- AC Consumption - Power (W) | Inv15- AC Production - Energy (Wh) | Inv15- AC Production - Power (W) | Inv15- AC Consumption - Energy (Wh) | Inv15- AC Consumption - Power (W) | Inv16- AC Production - Energy (Wh) | Inv16- AC Production - Power (W) | Inv16- AC Consumption - Energy (Wh) | Inv16- AC Consumption - Power (W) | Inv17- AC Production - Energy (Wh) | Inv17- AC Production - Power (W) | Inv17- AC Consumption - Energy (Wh) | Inv17- AC Consumption - Power (W) | Inv18- AC Production - Energy (Wh) | Inv18- AC Production - Power (W) | Inv18- AC Consumption - Energy (Wh) | Inv18- AC Consumption - Power (W) | Inv19- AC Production - Energy (Wh) | Inv19- AC Production - Power (W) | Inv19- AC Consumption - Energy (Wh) | Inv19- AC Consumption - Power (W) | Inv20- AC Production - Energy (Wh) | Inv20- AC Production - Power (W) | Inv20- AC Consumption - Energy (Wh) | Inv20- AC Consumption - Power (W) | Inv21- AC Production - Energy (Wh) | Inv21- AC Production - Power (W) | Inv21- AC Consumption - Energy (Wh) | Inv21- AC Consumption - Power (W) | Inv22- AC Production - Energy (Wh) | Inv22- AC Production - Power (W) | Inv22- AC Consumption - Energy (Wh) | Inv22- AC Consumption - Power (W) | Inv23- AC Production - Energy (Wh) | Inv23- AC Production - Power (W) | Inv23- AC Consumption - Energy (Wh) | Inv23- AC Consumption - Power (W) | Inv24- AC Production - Energy (Wh) | Inv24- AC Production - Power (W) | Inv24- AC Consumption - Energy (Wh) | Inv24- AC Consumption - Power (W) | Inv25- AC Production - Energy (Wh) | Inv25- AC Production - Power (W) | Inv25- AC Consumption - Energy (Wh) | Inv25- AC Consumption - Power (W) | Inv26- AC Production - Energy (Wh) | Inv26- AC Production - Power (W) | Inv26- AC Consumption - Energy (Wh) | Inv26- AC Consumption - Power (W),2016,2016,0,"%m/%d/%y, %I:%M %p:2016",2024-08-31 00:00:00,2024-09-06 23:55:00,5 minutes,OK,,PV/production,PV/production markers,
data/raw/Data to be used/Data to be used/Power/Weekly Data/AC_power_energy/2024/Chart AC_power_Energy_2024_week_37 01_31_2025 02_07 PM.csv,617285,.csv,df6b4bcfe1054a22ce086319724ec7eb1fc890a6b531cc0de6bfa852f9a04e01,Time | Inv1- AC Production - Energy (Wh) | Inv1- AC Production - Power (W) | Inv1- AC Consumption - Energy (Wh) | Inv1- AC Consumption - Power (W) | Inv2- AC Production - Energy (Wh) | Inv2- AC Production - Power (W) | Inv2- AC Consumption - Energy (Wh) | Inv2- AC Consumption - Power (W) | Inv3- AC Production - Energy (Wh) | Inv3- AC Production - Power (W) | Inv3- AC Consumption - Energy (Wh) | Inv3- AC Consumption - Power (W) | Inv4- AC Production - Energy (Wh) | Inv4- AC Production - Power (W) | Inv4- AC Consumption - Energy (Wh) | Inv4- AC Consumption - Power (W) | Inv5- AC Production - Energy (Wh) | Inv5- AC Production - Power (W) | Inv5- AC Consumption - Energy (Wh) | Inv5- AC Consumption - Power (W) | Inv6- AC Production - Energy (Wh) | Inv6- AC Production - Power (W) | Inv6- AC Consumption - Energy (Wh) | Inv6- AC Consumption - Power (W) | Inv7- AC Production - Energy (Wh) | Inv7- AC Production - Power (W) | Inv7- AC Consumption - Energy (Wh) | Inv7- AC Consumption - Power (W) | Inv8- AC Production - Energy (Wh) | Inv8- AC Production - Power (W) | Inv8- AC Consumption - Energy (Wh) | Inv8- AC Consumption - Power (W) | Inv9- AC Production - Energy (Wh) | Inv9- AC Production - Power (W) | Inv9- AC Consumption - Energy (Wh) | Inv9- AC Consumption - Power (W) | Inv10- AC Production - Energy (Wh) | Inv10- AC Production - Power (W) | Inv10- AC Consumption - Energy (Wh) | Inv10- AC Consumption - Power (W) | Inv11- AC Production - Energy (Wh) | Inv11- AC Production - Power (W) | Inv11- AC Consumption - Energy (Wh) | Inv11- AC Consumption - Power (W) | Inv12- AC Production - Energy (Wh) | Inv12- AC Production - Power (W) | Inv12- AC Consumption - Energy (Wh) | Inv12- AC Consumption - Power (W) | Inv13- AC Production - Energy (Wh) | Inv13- AC Production - Power (W) | Inv13- AC Consumption - Energy (Wh) | Inv13- AC Consumption - Power (W) | Inv14- AC Production - Energy (Wh) | Inv14- AC Production - Power (W) | Inv14- AC Consumption - Energy (Wh) | Inv14- AC Consumption - Power (W) | Inv15- AC Production - Energy (Wh) | Inv15- AC Production - Power (W) | Inv15- AC Consumption - Energy (Wh) | Inv15- AC Consumption - Power (W) | Inv16- AC Production - Energy (Wh) | Inv16- AC Production - Power (W) | Inv16- AC Consumption - Energy (Wh) | Inv16- AC Consumption - Power (W) | Inv17- AC Production - Energy (Wh) | Inv17- AC Production - Power (W) | Inv17- AC Consumption - Energy (Wh) | Inv17- AC Consumption - Power (W) | Inv18- AC Production - Energy (Wh) | Inv18- AC Production - Power (W) | Inv18- AC Consumption - Energy (Wh) | Inv18- AC Consumption - Power (W) | Inv19- AC Production - Energy (Wh) | Inv19- AC Production - Power (W) | Inv19- AC Consumption - Energy (Wh) | Inv19- AC Consumption - Power (W) | Inv20- AC Production - Energy (Wh) | Inv20- AC Production - Power (W) | Inv20- AC Consumption - Energy (Wh) | Inv20- AC Consumption - Power (W) | Inv21- AC Production - Energy (Wh) | Inv21- AC Production - Power (W) | Inv21- AC Consumption - Energy (Wh) | Inv21- AC Consumption - Power (W) | Inv22- AC Production - Energy (Wh) | Inv22- AC Production - Power (W) | Inv22- AC Consumption - Energy (Wh) | Inv22- AC Consumption - Power (W) | Inv23- AC Production - Energy (Wh) | Inv23- AC Production - Power (W) | Inv23- AC Consumption - Energy (Wh) | Inv23- AC Consumption - Power (W) | Inv24- AC Production - Energy (Wh) | Inv24- AC Production - Power (W) | Inv24- AC Consumption - Energy (Wh) | Inv24- AC Consumption - Power (W) | Inv25- AC Production - Energy (Wh) | Inv25- AC Production - Power (W) | Inv25- AC Consumption - Energy (Wh) | Inv25- AC Consumption - Power (W) | Inv26- AC Production - Energy (Wh) | Inv26- AC Production - Power (W) | Inv26- AC Consumption - Energy (Wh) | Inv26- AC Consumption - Power (W),2016,2016,0,"%m/%d/%y, %I:%M %p:2016",2024-09-07 00:00:00,2024-09-13 23:55:00,5 minutes,OK,,PV/production,PV/production markers,
data/raw/Data to be used/Data to be used/Power/Weekly Data/AC_power_energy/2024/Chart AC_power_Energy_2024_week_38 01_31_2025 02_07 PM.csv,607377,.csv,de140df331d359bbe60cf5bb58c8233b63e5ce5355713038cd6e6f3897dffbce,Time | Inv1- AC Production - Energy (Wh) | Inv1- AC Production - Power (W) | Inv1- AC Consumption - Energy (Wh) | Inv1- AC Consumption - Power (W) | Inv2- AC Production - Energy (Wh) | Inv2- AC Production - Power (W) | Inv2- AC Consumption - Energy (Wh) | Inv2- AC Consumption - Power (W) | Inv3- AC Production - Energy (Wh) | Inv3- AC Production - Power (W) | Inv3- AC Consumption - Energy (Wh) | Inv3- AC Consumption - Power (W) | Inv4- AC Production - Energy (Wh) | Inv4- AC Production - Power (W) | Inv4- AC Consumption - Energy (Wh) | Inv4- AC Consumption - Power (W) | Inv5- AC Production - Energy (Wh) | Inv5- AC Production - Power (W) | Inv5- AC Consumption - Energy (Wh) | Inv5- AC Consumption - Power (W) | Inv6- AC Production - Energy (Wh) | Inv6- AC Production - Power (W) | Inv6- AC Consumption - Energy (Wh) | Inv6- AC Consumption - Power (W) | Inv7- AC Production - Energy (Wh) | Inv7- AC Production - Power (W) | Inv7- AC Consumption - Energy (Wh) | Inv7- AC Consumption - Power (W) | Inv8- AC Production - Energy (Wh) | Inv8- AC Production - Power (W) | Inv8- AC Consumption - Energy (Wh) | Inv8- AC Consumption - Power (W) | Inv9- AC Production - Energy (Wh) | Inv9- AC Production - Power (W) | Inv9- AC Consumption - Energy (Wh) | Inv9- AC Consumption - Power (W) | Inv10- AC Production - Energy (Wh) | Inv10- AC Production - Power (W) | Inv10- AC Consumption - Energy (Wh) | Inv10- AC Consumption - Power (W) | Inv11- AC Production - Energy (Wh) | Inv11- AC Production - Power (W) | Inv11- AC Consumption - Energy (Wh) | Inv11- AC Consumption - Power (W) | Inv12- AC Production - Energy (Wh) | Inv12- AC Production - Power (W) | Inv12- AC Consumption - Energy (Wh) | Inv12- AC Consumption - Power (W) | Inv13- AC Production - Energy (Wh) | Inv13- AC Production - Power (W) | Inv13- AC Consumption - Energy (Wh) | Inv13- AC Consumption - Power (W) | Inv14- AC Production - Energy (Wh) | Inv14- AC Production - Power (W) | Inv14- AC Consumption - Energy (Wh) | Inv14- AC Consumption - Power (W) | Inv15- AC Production - Energy (Wh) | Inv15- AC Production - Power (W) | Inv15- AC Consumption - Energy (Wh) | Inv15- AC Consumption - Power (W) | Inv16- AC Production - Energy (Wh) | Inv16- AC Production - Power (W) | Inv16- AC Consumption - Energy (Wh) | Inv16- AC Consumption - Power (W) | Inv17- AC Production - Energy (Wh) | Inv17- AC Production - Power (W) | Inv17- AC Consumption - Energy (Wh) | Inv17- AC Consumption - Power (W) | Inv18- AC Production - Energy (Wh) | Inv18- AC Production - Power (W) | Inv18- AC Consumption - Energy (Wh) | Inv18- AC Consumption - Power (W) | Inv19- AC Production - Energy (Wh) | Inv19- AC Production - Power (W) | Inv19- AC Consumption - Energy (Wh) | Inv19- AC Consumption - Power (W) | Inv20- AC Production - Energy (Wh) | Inv20- AC Production - Power (W) | Inv20- AC Consumption - Energy (Wh) | Inv20- AC Consumption - Power (W) | Inv21- AC Production - Energy (Wh) | Inv21- AC Production - Power (W) | Inv21- AC Consumption - Energy (Wh) | Inv21- AC Consumption - Power (W) | Inv22- AC Production - Energy (Wh) | Inv22- AC Production - Power (W) | Inv22- AC Consumption - Energy (Wh) | Inv22- AC Consumption - Power (W) | Inv23- AC Production - Energy (Wh) | Inv23- AC Production - Power (W) | Inv23- AC Consumption - Energy (Wh) | Inv23- AC Consumption - Power (W) | Inv24- AC Production - Energy (Wh) | Inv24- AC Production - Power (W) | Inv24- AC Consumption - Energy (Wh) | Inv24- AC Consumption - Power (W) | Inv25- AC Production - Energy (Wh) | Inv25- AC Production - Power (W) | Inv25- AC Consumption - Energy (Wh) | Inv25- AC Consumption - Power (W) | Inv26- AC Production - Energy (Wh) | Inv26- AC Production - Power (W) | Inv26- AC Consumption - Energy (Wh) | Inv26- AC Consumption - Power (W),2016,2016,0,"%m/%d/%y, %I:%M %p:2016",2024-09-14 00:00:00,2024-09-20 23:55:00,5 minutes,OK,,PV/production,PV/production markers,
data/raw/Data to be used/Data to be used/Power/Weekly Data/AC_power_energy/2024/Chart AC_power_Energy_2024_week_39 01_31_2025 02_08 PM.csv,611750,.csv,fc919b436ede162c9616a21e392654fbcdf6cdd6524305b74eeaeb3b487c22fa,Time | Inv1- AC Production - Energy (Wh) | Inv1- AC Production - Power (W) | Inv1- AC Consumption - Energy (Wh) | Inv1- AC Consumption - Power (W) | Inv2- AC Production - Energy (Wh) | Inv2- AC Production - Power (W) | Inv2- AC Consumption - Energy (Wh) | Inv2- AC Consumption - Power (W) | Inv3- AC Production - Energy (Wh) | Inv3- AC Production - Power (W) | Inv3- AC Consumption - Energy (Wh) | Inv3- AC Consumption - Power (W) | Inv4- AC Production - Energy (Wh) | Inv4- AC Production - Power (W) | Inv4- AC Consumption - Energy (Wh) | Inv4- AC Consumption - Power (W) | Inv5- AC Production - Energy (Wh) | Inv5- AC Production - Power (W) | Inv5- AC Consumption - Energy (Wh) | Inv5- AC Consumption - Power (W) | Inv6- AC Production - Energy (Wh) | Inv6- AC Production - Power (W) | Inv6- AC Consumption - Energy (Wh) | Inv6- AC Consumption - Power (W) | Inv7- AC Production - Energy (Wh) | Inv7- AC Production - Power (W) | Inv7- AC Consumption - Energy (Wh) | Inv7- AC Consumption - Power (W) | Inv8- AC Production - Energy (Wh) | Inv8- AC Production - Power (W) | Inv8- AC Consumption - Energy (Wh) | Inv8- AC Consumption - Power (W) | Inv9- AC Production - Energy (Wh) | Inv9- AC Production - Power (W) | Inv9- AC Consumption - Energy (Wh) | Inv9- AC Consumption - Power (W) | Inv10- AC Production - Energy (Wh) | Inv10- AC Production - Power (W) | Inv10- AC Consumption - Energy (Wh) | Inv10- AC Consumption - Power (W) | Inv11- AC Production - Energy (Wh) | Inv11- AC Production - Power (W) | Inv11- AC Consumption - Energy (Wh) | Inv11- AC Consumption - Power (W) | Inv12- AC Production - Energy (Wh) | Inv12- AC Production - Power (W) | Inv12- AC Consumption - Energy (Wh) | Inv12- AC Consumption - Power (W) | Inv13- AC Production - Energy (Wh) | Inv13- AC Production - Power (W) | Inv13- AC Consumption - Energy (Wh) | Inv13- AC Consumption - Power (W) | Inv14- AC Production - Energy (Wh) | Inv14- AC Production - Power (W) | Inv14- AC Consumption - Energy (Wh) | Inv14- AC Consumption - Power (W) | Inv15- AC Production - Energy (Wh) | Inv15- AC Production - Power (W) | Inv15- AC Consumption - Energy (Wh) | Inv15- AC Consumption - Power (W) | Inv16- AC Production - Energy (Wh) | Inv16- AC Production - Power (W) | Inv16- AC Consumption - Energy (Wh) | Inv16- AC Consumption - Power (W) | Inv17- AC Production - Energy (Wh) | Inv17- AC Production - Power (W) | Inv17- AC Consumption - Energy (Wh) | Inv17- AC Consumption - Power (W) | Inv18- AC Production - Energy (Wh) | Inv18- AC Production - Power (W) | Inv18- AC Consumption - Energy (Wh) | Inv18- AC Consumption - Power (W) | Inv19- AC Production - Energy (Wh) | Inv19- AC Production - Power (W) | Inv19- AC Consumption - Energy (Wh) | Inv19- AC Consumption - Power (W) | Inv20- AC Production - Energy (Wh) | Inv20- AC Production - Power (W) | Inv20- AC Consumption - Energy (Wh) | Inv20- AC Consumption - Power (W) | Inv21- AC Production - Energy (Wh) | Inv21- AC Production - Power (W) | Inv21- AC Consumption - Energy (Wh) | Inv21- AC Consumption - Power (W) | Inv22- AC Production - Energy (Wh) | Inv22- AC Production - Power (W) | Inv22- AC Consumption - Energy (Wh) | Inv22- AC Consumption - Power (W) | Inv23- AC Production - Energy (Wh) | Inv23- AC Production - Power (W) | Inv23- AC Consumption - Energy (Wh) | Inv23- AC Consumption - Power (W) | Inv24- AC Production - Energy (Wh) | Inv24- AC Production - Power (W) | Inv24- AC Consumption - Energy (Wh) | Inv24- AC Consumption - Power (W) | Inv25- AC Production - Energy (Wh) | Inv25- AC Production - Power (W) | Inv25- AC Consumption - Energy (Wh) | Inv25- AC Consumption - Power (W) | Inv26- AC Production - Energy (Wh) | Inv26- AC Production - Power (W) | Inv26- AC Consumption - Energy (Wh) | Inv26- AC Consumption - Power (W),2016,2016,0,"%m/%d/%y, %I:%M %p:2016",2024-09-21 00:00:00,2024-09-27 23:55:00,5 minutes,OK,,PV/production,PV/production markers,
data/raw/Data to be used/Data to be used/Power/Weekly Data/AC_power_energy/2024/Chart AC_power_Energy_2024_week_40 01_31_2025 02_08 PM.csv,608954,.csv,c232e8b5540a9bc403b87055b688489fe542f5100035afb95bc85cf9ba729384,Time | Inv1- AC Production - Energy (Wh) | Inv1- AC Production - Power (W) | Inv1- AC Consumption - Energy (Wh) | Inv1- AC Consumption - Power (W) | Inv2- AC Production - Energy (Wh) | Inv2- AC Production - Power (W) | Inv2- AC Consumption - Energy (Wh) | Inv2- AC Consumption - Power (W) | Inv3- AC Production - Energy (Wh) | Inv3- AC Production - Power (W) | Inv3- AC Consumption - Energy (Wh) | Inv3- AC Consumption - Power (W) | Inv4- AC Production - Energy (Wh) | Inv4- AC Production - Power (W) | Inv4- AC Consumption - Energy (Wh) | Inv4- AC Consumption - Power (W) | Inv5- AC Production - Energy (Wh) | Inv5- AC Production - Power (W) | Inv5- AC Consumption - Energy (Wh) | Inv5- AC Consumption - Power (W) | Inv6- AC Production - Energy (Wh) | Inv6- AC Production - Power (W) | Inv6- AC Consumption - Energy (Wh) | Inv6- AC Consumption - Power (W) | Inv7- AC Production - Energy (Wh) | Inv7- AC Production - Power (W) | Inv7- AC Consumption - Energy (Wh) | Inv7- AC Consumption - Power (W) | Inv8- AC Production - Energy (Wh) | Inv8- AC Production - Power (W) | Inv8- AC Consumption - Energy (Wh) | Inv8- AC Consumption - Power (W) | Inv9- AC Production - Energy (Wh) | Inv9- AC Production - Power (W) | Inv9- AC Consumption - Energy (Wh) | Inv9- AC Consumption - Power (W) | Inv10- AC Production - Energy (Wh) | Inv10- AC Production - Power (W) | Inv10- AC Consumption - Energy (Wh) | Inv10- AC Consumption - Power (W) | Inv11- AC Production - Energy (Wh) | Inv11- AC Production - Power (W) | Inv11- AC Consumption - Energy (Wh) | Inv11- AC Consumption - Power (W) | Inv12- AC Production - Energy (Wh) | Inv12- AC Production - Power (W) | Inv12- AC Consumption - Energy (Wh) | Inv12- AC Consumption - Power (W) | Inv13- AC Production - Energy (Wh) | Inv13- AC Production - Power (W) | Inv13- AC Consumption - Energy (Wh) | Inv13- AC Consumption - Power (W) | Inv14- AC Production - Energy (Wh) | Inv14- AC Production - Power (W) | Inv14- AC Consumption - Energy (Wh) | Inv14- AC Consumption - Power (W) | Inv15- AC Production - Energy (Wh) | Inv15- AC Production - Power (W) | Inv15- AC Consumption - Energy (Wh) | Inv15- AC Consumption - Power (W) | Inv16- AC Production - Energy (Wh) | Inv16- AC Production - Power (W) | Inv16- AC Consumption - Energy (Wh) | Inv16- AC Consumption - Power (W) | Inv17- AC Production - Energy (Wh) | Inv17- AC Production - Power (W) | Inv17- AC Consumption - Energy (Wh) | Inv17- AC Consumption - Power (W) | Inv18- AC Production - Energy (Wh) | Inv18- AC Production - Power (W) | Inv18- AC Consumption - Energy (Wh) | Inv18- AC Consumption - Power (W) | Inv19- AC Production - Energy (Wh) | Inv19- AC Production - Power (W) | Inv19- AC Consumption - Energy (Wh) | Inv19- AC Consumption - Power (W) | Inv20- AC Production - Energy (Wh) | Inv20- AC Production - Power (W) | Inv20- AC Consumption - Energy (Wh) | Inv20- AC Consumption - Power (W) | Inv21- AC Production - Energy (Wh) | Inv21- AC Production - Power (W) | Inv21- AC Consumption - Energy (Wh) | Inv21- AC Consumption - Power (W) | Inv22- AC Production - Energy (Wh) | Inv22- AC Production - Power (W) | Inv22- AC Consumption - Energy (Wh) | Inv22- AC Consumption - Power (W) | Inv23- AC Production - Energy (Wh) | Inv23- AC Production - Power (W) | Inv23- AC Consumption - Energy (Wh) | Inv23- AC Consumption - Power (W) | Inv24- AC Production - Energy (Wh) | Inv24- AC Production - Power (W) | Inv24- AC Consumption - Energy (Wh) | Inv24- AC Consumption - Power (W) | Inv25- AC Production - Energy (Wh) | Inv25- AC Production - Power (W) | Inv25- AC Consumption - Energy (Wh) | Inv25- AC Consumption - Power (W) | Inv26- AC Production - Energy (Wh) | Inv26- AC Production - Power (W) | Inv26- AC Consumption - Energy (Wh) | Inv26- AC Consumption - Power (W),2016,2016,0,"%m/%d/%y, %I:%M %p:2016",2024-09-28 00:00:00,2024-10-04 23:55:00,5 minutes,OK,,PV/production,PV/production markers,
data/raw/Data to be used/Data to be used/Power/Weekly Data/AC_power_energy/2024/Chart AC_power_Energy_2024_week_41 01_31_2025 02_09 PM.csv,598491,.csv,2b649f82bb6a0110b8df31e4755533a8c0666792e456c53dc83a3c2744d2cf5a,Time | Inv1- AC Production - Energy (Wh) | Inv1- AC Production - Power (W) | Inv1- AC Consumption - Energy (Wh) | Inv1- AC Consumption - Power (W) | Inv2- AC Production - Energy (Wh) | Inv2- AC Production - Power (W) | Inv2- AC Consumption - Energy (Wh) | Inv2- AC Consumption - Power (W) | Inv3- AC Production - Energy (Wh) | Inv3- AC Production - Power (W) | Inv3- AC Consumption - Energy (Wh) | Inv3- AC Consumption - Power (W) | Inv4- AC Production - Energy (Wh) | Inv4- AC Production - Power (W) | Inv4- AC Consumption - Energy (Wh) | Inv4- AC Consumption - Power (W) | Inv5- AC Production - Energy (Wh) | Inv5- AC Production - Power (W) | Inv5- AC Consumption - Energy (Wh) | Inv5- AC Consumption - Power (W) | Inv6- AC Production - Energy (Wh) | Inv6- AC Production - Power (W) | Inv6- AC Consumption - Energy (Wh) | Inv6- AC Consumption - Power (W) | Inv7- AC Production - Energy (Wh) | Inv7- AC Production - Power (W) | Inv7- AC Consumption - Energy (Wh) | Inv7- AC Consumption - Power (W) | Inv8- AC Production - Energy (Wh) | Inv8- AC Production - Power (W) | Inv8- AC Consumption - Energy (Wh) | Inv8- AC Consumption - Power (W) | Inv9- AC Production - Energy (Wh) | Inv9- AC Production - Power (W) | Inv9- AC Consumption - Energy (Wh) | Inv9- AC Consumption - Power (W) | Inv10- AC Production - Energy (Wh) | Inv10- AC Production - Power (W) | Inv10- AC Consumption - Energy (Wh) | Inv10- AC Consumption - Power (W) | Inv11- AC Production - Energy (Wh) | Inv11- AC Production - Power (W) | Inv11- AC Consumption - Energy (Wh) | Inv11- AC Consumption - Power (W) | Inv12- AC Production - Energy (Wh) | Inv12- AC Production - Power (W) | Inv12- AC Consumption - Energy (Wh) | Inv12- AC Consumption - Power (W) | Inv13- AC Production - Energy (Wh) | Inv13- AC Production - Power (W) | Inv13- AC Consumption - Energy (Wh) | Inv13- AC Consumption - Power (W) | Inv14- AC Production - Energy (Wh) | Inv14- AC Production - Power (W) | Inv14- AC Consumption - Energy (Wh) | Inv14- AC Consumption - Power (W) | Inv15- AC Production - Energy (Wh) | Inv15- AC Production - Power (W) | Inv15- AC Consumption - Energy (Wh) | Inv15- AC Consumption - Power (W) | Inv16- AC Production - Energy (Wh) | Inv16- AC Production - Power (W) | Inv16- AC Consumption - Energy (Wh) | Inv16- AC Consumption - Power (W) | Inv17- AC Production - Energy (Wh) | Inv17- AC Production - Power (W) | Inv17- AC Consumption - Energy (Wh) | Inv17- AC Consumption - Power (W) | Inv18- AC Production - Energy (Wh) | Inv18- AC Production - Power (W) | Inv18- AC Consumption - Energy (Wh) | Inv18- AC Consumption - Power (W) | Inv19- AC Production - Energy (Wh) | Inv19- AC Production - Power (W) | Inv19- AC Consumption - Energy (Wh) | Inv19- AC Consumption - Power (W) | Inv20- AC Production - Energy (Wh) | Inv20- AC Production - Power (W) | Inv20- AC Consumption - Energy (Wh) | Inv20- AC Consumption - Power (W) | Inv21- AC Production - Energy (Wh) | Inv21- AC Production - Power (W) | Inv21- AC Consumption - Energy (Wh) | Inv21- AC Consumption - Power (W) | Inv22- AC Production - Energy (Wh) | Inv22- AC Production - Power (W) | Inv22- AC Consumption - Energy (Wh) | Inv22- AC Consumption - Power (W) | Inv23- AC Production - Energy (Wh) | Inv23- AC Production - Power (W) | Inv23- AC Consumption - Energy (Wh) | Inv23- AC Consumption - Power (W) | Inv24- AC Production - Energy (Wh) | Inv24- AC Production - Power (W) | Inv24- AC Consumption - Energy (Wh) | Inv24- AC Consumption - Power (W) | Inv25- AC Production - Energy (Wh) | Inv25- AC Production - Power (W) | Inv25- AC Consumption - Energy (Wh) | Inv25- AC Consumption - Power (W) | Inv26- AC Production - Energy (Wh) | Inv26- AC Production - Power (W) | Inv26- AC Consumption - Energy (Wh) | Inv26- AC Consumption - Power (W),2016,2016,0,"%m/%d/%y, %I:%M %p:2016",2024-10-05 00:00:00,2024-10-11 23:55:00,5 minutes,OK,,PV/production,PV/production markers,
data/raw/Data to be used/Data to be used/Power/Weekly Data/AC_power_energy/2024/Chart AC_power_Energy_2024_week_42 01_31_2025 02_09 PM.csv,598050,.csv,f1cba8d75e3a5f8a9c50a5d30ffeae7f78a696ca4f78e132feaa876f3a68fa41,Time | Inv1- AC Production - Energy (Wh) | Inv1- AC Production - Power (W) | Inv1- AC Consumption - Energy (Wh) | Inv1- AC Consumption - Power (W) | Inv2- AC Production - Energy (Wh) | Inv2- AC Production - Power (W) | Inv2- AC Consumption - Energy (Wh) | Inv2- AC Consumption - Power (W) | Inv3- AC Production - Energy (Wh) | Inv3- AC Production - Power (W) | Inv3- AC Consumption - Energy (Wh) | Inv3- AC Consumption - Power (W) | Inv4- AC Production - Energy (Wh) | Inv4- AC Production - Power (W) | Inv4- AC Consumption - Energy (Wh) | Inv4- AC Consumption - Power (W) | Inv5- AC Production - Energy (Wh) | Inv5- AC Production - Power (W) | Inv5- AC Consumption - Energy (Wh) | Inv5- AC Consumption - Power (W) | Inv6- AC Production - Energy (Wh) | Inv6- AC Production - Power (W) | Inv6- AC Consumption - Energy (Wh) | Inv6- AC Consumption - Power (W) | Inv7- AC Production - Energy (Wh) | Inv7- AC Production - Power (W) | Inv7- AC Consumption - Energy (Wh) | Inv7- AC Consumption - Power (W) | Inv8- AC Production - Energy (Wh) | Inv8- AC Production - Power (W) | Inv8- AC Consumption - Energy (Wh) | Inv8- AC Consumption - Power (W) | Inv9- AC Production - Energy (Wh) | Inv9- AC Production - Power (W) | Inv9- AC Consumption - Energy (Wh) | Inv9- AC Consumption - Power (W) | Inv10- AC Production - Energy (Wh) | Inv10- AC Production - Power (W) | Inv10- AC Consumption - Energy (Wh) | Inv10- AC Consumption - Power (W) | Inv11- AC Production - Energy (Wh) | Inv11- AC Production - Power (W) | Inv11- AC Consumption - Energy (Wh) | Inv11- AC Consumption - Power (W) | Inv12- AC Production - Energy (Wh) | Inv12- AC Production - Power (W) | Inv12- AC Consumption - Energy (Wh) | Inv12- AC Consumption - Power (W) | Inv13- AC Production - Energy (Wh) | Inv13- AC Production - Power (W) | Inv13- AC Consumption - Energy (Wh) | Inv13- AC Consumption - Power (W) | Inv14- AC Production - Energy (Wh) | Inv14- AC Production - Power (W) | Inv14- AC Consumption - Energy (Wh) | Inv14- AC Consumption - Power (W) | Inv15- AC Production - Energy (Wh) | Inv15- AC Production - Power (W) | Inv15- AC Consumption - Energy (Wh) | Inv15- AC Consumption - Power (W) | Inv16- AC Production - Energy (Wh) | Inv16- AC Production - Power (W) | Inv16- AC Consumption - Energy (Wh) | Inv16- AC Consumption - Power (W) | Inv17- AC Production - Energy (Wh) | Inv17- AC Production - Power (W) | Inv17- AC Consumption - Energy (Wh) | Inv17- AC Consumption - Power (W) | Inv18- AC Production - Energy (Wh) | Inv18- AC Production - Power (W) | Inv18- AC Consumption - Energy (Wh) | Inv18- AC Consumption - Power (W) | Inv19- AC Production - Energy (Wh) | Inv19- AC Production - Power (W) | Inv19- AC Consumption - Energy (Wh) | Inv19- AC Consumption - Power (W) | Inv20- AC Production - Energy (Wh) | Inv20- AC Production - Power (W) | Inv20- AC Consumption - Energy (Wh) | Inv20- AC Consumption - Power (W) | Inv21- AC Production - Energy (Wh) | Inv21- AC Production - Power (W) | Inv21- AC Consumption - Energy (Wh) | Inv21- AC Consumption - Power (W) | Inv22- AC Production - Energy (Wh) | Inv22- AC Production - Power (W) | Inv22- AC Consumption - Energy (Wh) | Inv22- AC Consumption - Power (W) | Inv23- AC Production - Energy (Wh) | Inv23- AC Production - Power (W) | Inv23- AC Consumption - Energy (Wh) | Inv23- AC Consumption - Power (W) | Inv24- AC Production - Energy (Wh) | Inv24- AC Production - Power (W) | Inv24- AC Consumption - Energy (Wh) | Inv24- AC Consumption - Power (W) | Inv25- AC Production - Energy (Wh) | Inv25- AC Production - Power (W) | Inv25- AC Consumption - Energy (Wh) | Inv25- AC Consumption - Power (W) | Inv26- AC Production - Energy (Wh) | Inv26- AC Production - Power (W) | Inv26- AC Consumption - Energy (Wh) | Inv26- AC Consumption - Power (W),2016,2016,0,"%m/%d/%y, %I:%M %p:2016",2024-10-12 00:00:00,2024-10-18 23:55:00,5 minutes,OK,,PV/production,PV/production markers,
data/raw/Data to be used/Data to be used/Power/Weekly Data/AC_power_energy/2024/Chart AC_power_Energy_2024_week_43 01_31_2025 02_10 PM.csv,603129,.csv,c2cb360e635eef59238210d0a522bff73a20eee36af50c892276c89de307bfe6,Time | Inv1- AC Production - Energy (Wh) | Inv1- AC Production - Power (W) | Inv1- AC Consumption - Energy (Wh) | Inv1- AC Consumption - Power (W) | Inv2- AC Production - Energy (Wh) | Inv2- AC Production - Power (W) | Inv2- AC Consumption - Energy (Wh) | Inv2- AC Consumption - Power (W) | Inv3- AC Production - Energy (Wh) | Inv3- AC Production - Power (W) | Inv3- AC Consumption - Energy (Wh) | Inv3- AC Consumption - Power (W) | Inv4- AC Production - Energy (Wh) | Inv4- AC Production - Power (W) | Inv4- AC Consumption - Energy (Wh) | Inv4- AC Consumption - Power (W) | Inv5- AC Production - Energy (Wh) | Inv5- AC Production - Power (W) | Inv5- AC Consumption - Energy (Wh) | Inv5- AC Consumption - Power (W) | Inv6- AC Production - Energy (Wh) | Inv6- AC Production - Power (W) | Inv6- AC Consumption - Energy (Wh) | Inv6- AC Consumption - Power (W) | Inv7- AC Production - Energy (Wh) | Inv7- AC Production - Power (W) | Inv7- AC Consumption - Energy (Wh) | Inv7- AC Consumption - Power (W) | Inv8- AC Production - Energy (Wh) | Inv8- AC Production - Power (W) | Inv8- AC Consumption - Energy (Wh) | Inv8- AC Consumption - Power (W) | Inv9- AC Production - Energy (Wh) | Inv9- AC Production - Power (W) | Inv9- AC Consumption - Energy (Wh) | Inv9- AC Consumption - Power (W) | Inv10- AC Production - Energy (Wh) | Inv10- AC Production - Power (W) | Inv10- AC Consumption - Energy (Wh) | Inv10- AC Consumption - Power (W) | Inv11- AC Production - Energy (Wh) | Inv11- AC Production - Power (W) | Inv11- AC Consumption - Energy (Wh) | Inv11- AC Consumption - Power (W) | Inv12- AC Production - Energy (Wh) | Inv12- AC Production - Power (W) | Inv12- AC Consumption - Energy (Wh) | Inv12- AC Consumption - Power (W) | Inv13- AC Production - Energy (Wh) | Inv13- AC Production - Power (W) | Inv13- AC Consumption - Energy (Wh) | Inv13- AC Consumption - Power (W) | Inv14- AC Production - Energy (Wh) | Inv14- AC Production - Power (W) | Inv14- AC Consumption - Energy (Wh) | Inv14- AC Consumption - Power (W) | Inv15- AC Production - Energy (Wh) | Inv15- AC Production - Power (W) | Inv15- AC Consumption - Energy (Wh) | Inv15- AC Consumption - Power (W) | Inv16- AC Production - Energy (Wh) | Inv16- AC Production - Power (W) | Inv16- AC Consumption - Energy (Wh) | Inv16- AC Consumption - Power (W) | Inv17- AC Production - Energy (Wh) | Inv17- AC Production - Power (W) | Inv17- AC Consumption - Energy (Wh) | Inv17- AC Consumption - Power (W) | Inv18- AC Production - Energy (Wh) | Inv18- AC Production - Power (W) | Inv18- AC Consumption - Energy (Wh) | Inv18- AC Consumption - Power (W) | Inv19- AC Production - Energy (Wh) | Inv19- AC Production - Power (W) | Inv19- AC Consumption - Energy (Wh) | Inv19- AC Consumption - Power (W) | Inv20- AC Production - Energy (Wh) | Inv20- AC Production - Power (W) | Inv20- AC Consumption - Energy (Wh) | Inv20- AC Consumption - Power (W) | Inv21- AC Production - Energy (Wh) | Inv21- AC Production - Power (W) | Inv21- AC Consumption - Energy (Wh) | Inv21- AC Consumption - Power (W) | Inv22- AC Production - Energy (Wh) | Inv22- AC Production - Power (W) | Inv22- AC Consumption - Energy (Wh) | Inv22- AC Consumption - Power (W) | Inv23- AC Production - Energy (Wh) | Inv23- AC Production - Power (W) | Inv23- AC Consumption - Energy (Wh) | Inv23- AC Consumption - Power (W) | Inv24- AC Production - Energy (Wh) | Inv24- AC Production - Power (W) | Inv24- AC Consumption - Energy (Wh) | Inv24- AC Consumption - Power (W) | Inv25- AC Production - Energy (Wh) | Inv25- AC Production - Power (W) | Inv25- AC Consumption - Energy (Wh) | Inv25- AC Consumption - Power (W) | Inv26- AC Production - Energy (Wh) | Inv26- AC Production - Power (W) | Inv26- AC Consumption - Energy (Wh) | Inv26- AC Consumption - Power (W),2016,2016,0,"%m/%d/%y, %I:%M %p:2016",2024-10-19 00:00:00,2024-10-25 23:55:00,5 minutes,OK,,PV/production,PV/production markers,
data/raw/Data to be used/Data to be used/Power/Weekly Data/AC_power_energy/2024/Chart AC_power_Energy_2024_week_44 01_31_2025 02_10 PM.csv,609368,.csv,087cddfb7f015948fb3c8d6522e4e7b74d9b3de66d2447bcc6c1ba0786a55af2,Time | Inv1- AC Production - Energy (Wh) | Inv1- AC Production - Power (W) | Inv1- AC Consumption - Energy (Wh) | Inv1- AC Consumption - Power (W) | Inv2- AC Production - Energy (Wh) | Inv2- AC Production - Power (W) | Inv2- AC Consumption - Energy (Wh) | Inv2- AC Consumption - Power (W) | Inv3- AC Production - Energy (Wh) | Inv3- AC Production - Power (W) | Inv3- AC Consumption - Energy (Wh) | Inv3- AC Consumption - Power (W) | Inv4- AC Production - Energy (Wh) | Inv4- AC Production - Power (W) | Inv4- AC Consumption - Energy (Wh) | Inv4- AC Consumption - Power (W) | Inv5- AC Production - Energy (Wh) | Inv5- AC Production - Power (W) | Inv5- AC Consumption - Energy (Wh) | Inv5- AC Consumption - Power (W) | Inv6- AC Production - Energy (Wh) | Inv6- AC Production - Power (W) | Inv6- AC Consumption - Energy (Wh) | Inv6- AC Consumption - Power (W) | Inv7- AC Production - Energy (Wh) | Inv7- AC Production - Power (W) | Inv7- AC Consumption - Energy (Wh) | Inv7- AC Consumption - Power (W) | Inv8- AC Production - Energy (Wh) | Inv8- AC Production - Power (W) | Inv8- AC Consumption - Energy (Wh) | Inv8- AC Consumption - Power (W) | Inv9- AC Production - Energy (Wh) | Inv9- AC Production - Power (W) | Inv9- AC Consumption - Energy (Wh) | Inv9- AC Consumption - Power (W) | Inv10- AC Production - Energy (Wh) | Inv10- AC Production - Power (W) | Inv10- AC Consumption - Energy (Wh) | Inv10- AC Consumption - Power (W) | Inv11- AC Production - Energy (Wh) | Inv11- AC Production - Power (W) | Inv11- AC Consumption - Energy (Wh) | Inv11- AC Consumption - Power (W) | Inv12- AC Production - Energy (Wh) | Inv12- AC Production - Power (W) | Inv12- AC Consumption - Energy (Wh) | Inv12- AC Consumption - Power (W) | Inv13- AC Production - Energy (Wh) | Inv13- AC Production - Power (W) | Inv13- AC Consumption - Energy (Wh) | Inv13- AC Consumption - Power (W) | Inv14- AC Production - Energy (Wh) | Inv14- AC Production - Power (W) | Inv14- AC Consumption - Energy (Wh) | Inv14- AC Consumption - Power (W) | Inv15- AC Production - Energy (Wh) | Inv15- AC Production - Power (W) | Inv15- AC Consumption - Energy (Wh) | Inv15- AC Consumption - Power (W) | Inv16- AC Production - Energy (Wh) | Inv16- AC Production - Power (W) | Inv16- AC Consumption - Energy (Wh) | Inv16- AC Consumption - Power (W) | Inv17- AC Production - Energy (Wh) | Inv17- AC Production - Power (W) | Inv17- AC Consumption - Energy (Wh) | Inv17- AC Consumption - Power (W) | Inv18- AC Production - Energy (Wh) | Inv18- AC Production - Power (W) | Inv18- AC Consumption - Energy (Wh) | Inv18- AC Consumption - Power (W) | Inv19- AC Production - Energy (Wh) | Inv19- AC Production - Power (W) | Inv19- AC Consumption - Energy (Wh) | Inv19- AC Consumption - Power (W) | Inv20- AC Production - Energy (Wh) | Inv20- AC Production - Power (W) | Inv20- AC Consumption - Energy (Wh) | Inv20- AC Consumption - Power (W) | Inv21- AC Production - Energy (Wh) | Inv21- AC Production - Power (W) | Inv21- AC Consumption - Energy (Wh) | Inv21- AC Consumption - Power (W) | Inv22- AC Production - Energy (Wh) | Inv22- AC Production - Power (W) | Inv22- AC Consumption - Energy (Wh) | Inv22- AC Consumption - Power (W) | Inv23- AC Production - Energy (Wh) | Inv23- AC Production - Power (W) | Inv23- AC Consumption - Energy (Wh) | Inv23- AC Consumption - Power (W) | Inv24- AC Production - Energy (Wh) | Inv24- AC Production - Power (W) | Inv24- AC Consumption - Energy (Wh) | Inv24- AC Consumption - Power (W) | Inv25- AC Production - Energy (Wh) | Inv25- AC Production - Power (W) | Inv25- AC Consumption - Energy (Wh) | Inv25- AC Consumption - Power (W) | Inv26- AC Production - Energy (Wh) | Inv26- AC Production - Power (W) | Inv26- AC Consumption - Energy (Wh) | Inv26- AC Consumption - Power (W),2016,2016,0,"%m/%d/%y, %I:%M %p:2016",2024-10-26 00:00:00,2024-11-01 23:55:00,5 minutes,OK,,PV/production,PV/production markers,
data/raw/Data to be used/Data to be used/Power/Weekly Data/AC_power_energy/2024/Chart AC_power_Energy_2024_week_45 01_31_2025 02_10 PM.csv,598028,.csv,f662f1ac9a133a4a8afc3b17cb61667613333dd3387be670acadabaf45b4d6c1,Time | Inv1- AC Production - Energy (Wh) | Inv1- AC Production - Power (W) | Inv1- AC Consumption - Energy (Wh) | Inv1- AC Consumption - Power (W) | Inv2- AC Production - Energy (Wh) | Inv2- AC Production - Power (W) | Inv2- AC Consumption - Energy (Wh) | Inv2- AC Consumption - Power (W) | Inv3- AC Production - Energy (Wh) | Inv3- AC Production - Power (W) | Inv3- AC Consumption - Energy (Wh) | Inv3- AC Consumption - Power (W) | Inv4- AC Production - Energy (Wh) | Inv4- AC Production - Power (W) | Inv4- AC Consumption - Energy (Wh) | Inv4- AC Consumption - Power (W) | Inv5- AC Production - Energy (Wh) | Inv5- AC Production - Power (W) | Inv5- AC Consumption - Energy (Wh) | Inv5- AC Consumption - Power (W) | Inv6- AC Production - Energy (Wh) | Inv6- AC Production - Power (W) | Inv6- AC Consumption - Energy (Wh) | Inv6- AC Consumption - Power (W) | Inv7- AC Production - Energy (Wh) | Inv7- AC Production - Power (W) | Inv7- AC Consumption - Energy (Wh) | Inv7- AC Consumption - Power (W) | Inv8- AC Production - Energy (Wh) | Inv8- AC Production - Power (W) | Inv8- AC Consumption - Energy (Wh) | Inv8- AC Consumption - Power (W) | Inv9- AC Production - Energy (Wh) | Inv9- AC Production - Power (W) | Inv9- AC Consumption - Energy (Wh) | Inv9- AC Consumption - Power (W) | Inv10- AC Production - Energy (Wh) | Inv10- AC Production - Power (W) | Inv10- AC Consumption - Energy (Wh) | Inv10- AC Consumption - Power (W) | Inv11- AC Production - Energy (Wh) | Inv11- AC Production - Power (W) | Inv11- AC Consumption - Energy (Wh) | Inv11- AC Consumption - Power (W) | Inv12- AC Production - Energy (Wh) | Inv12- AC Production - Power (W) | Inv12- AC Consumption - Energy (Wh) | Inv12- AC Consumption - Power (W) | Inv13- AC Production - Energy (Wh) | Inv13- AC Production - Power (W) | Inv13- AC Consumption - Energy (Wh) | Inv13- AC Consumption - Power (W) | Inv14- AC Production - Energy (Wh) | Inv14- AC Production - Power (W) | Inv14- AC Consumption - Energy (Wh) | Inv14- AC Consumption - Power (W) | Inv15- AC Production - Energy (Wh) | Inv15- AC Production - Power (W) | Inv15- AC Consumption - Energy (Wh) | Inv15- AC Consumption - Power (W) | Inv16- AC Production - Energy (Wh) | Inv16- AC Production - Power (W) | Inv16- AC Consumption - Energy (Wh) | Inv16- AC Consumption - Power (W) | Inv17- AC Production - Energy (Wh) | Inv17- AC Production - Power (W) | Inv17- AC Consumption - Energy (Wh) | Inv17- AC Consumption - Power (W) | Inv18- AC Production - Energy (Wh) | Inv18- AC Production - Power (W) | Inv18- AC Consumption - Energy (Wh) | Inv18- AC Consumption - Power (W) | Inv19- AC Production - Energy (Wh) | Inv19- AC Production - Power (W) | Inv19- AC Consumption - Energy (Wh) | Inv19- AC Consumption - Power (W) | Inv20- AC Production - Energy (Wh) | Inv20- AC Production - Power (W) | Inv20- AC Consumption - Energy (Wh) | Inv20- AC Consumption - Power (W) | Inv21- AC Production - Energy (Wh) | Inv21- AC Production - Power (W) | Inv21- AC Consumption - Energy (Wh) | Inv21- AC Consumption - Power (W) | Inv22- AC Production - Energy (Wh) | Inv22- AC Production - Power (W) | Inv22- AC Consumption - Energy (Wh) | Inv22- AC Consumption - Power (W) | Inv23- AC Production - Energy (Wh) | Inv23- AC Production - Power (W) | Inv23- AC Consumption - Energy (Wh) | Inv23- AC Consumption - Power (W) | Inv24- AC Production - Energy (Wh) | Inv24- AC Production - Power (W) | Inv24- AC Consumption - Energy (Wh) | Inv24- AC Consumption - Power (W) | Inv25- AC Production - Energy (Wh) | Inv25- AC Production - Power (W) | Inv25- AC Consumption - Energy (Wh) | Inv25- AC Consumption - Power (W) | Inv26- AC Production - Energy (Wh) | Inv26- AC Production - Power (W) | Inv26- AC Consumption - Energy (Wh) | Inv26- AC Consumption - Power (W),2016,2016,0,"%m/%d/%y, %I:%M %p:2016",2024-11-02 00:00:00,2024-11-08 23:55:00,5 minutes,OK,,PV/production,PV/production markers,
data/raw/Data to be used/Data to be used/Power/Weekly Data/AC_power_energy/2024/Chart AC_power_Energy_2024_week_46 01_31_2025 02_11 PM.csv,589486,.csv,d1a8145c027d3afa2bbc30ea62ca419319e7285037d6dc32f3744cfef7267915,Time | Inv1- AC Production - Energy (Wh) | Inv1- AC Production - Power (W) | Inv1- AC Consumption - Energy (Wh) | Inv1- AC Consumption - Power (W) | Inv2- AC Production - Energy (Wh) | Inv2- AC Production - Power (W) | Inv2- AC Consumption - Energy (Wh) | Inv2- AC Consumption - Power (W) | Inv3- AC Production - Energy (Wh) | Inv3- AC Production - Power (W) | Inv3- AC Consumption - Energy (Wh) | Inv3- AC Consumption - Power (W) | Inv4- AC Production - Energy (Wh) | Inv4- AC Production - Power (W) | Inv4- AC Consumption - Energy (Wh) | Inv4- AC Consumption - Power (W) | Inv5- AC Production - Energy (Wh) | Inv5- AC Production - Power (W) | Inv5- AC Consumption - Energy (Wh) | Inv5- AC Consumption - Power (W) | Inv6- AC Production - Energy (Wh) | Inv6- AC Production - Power (W) | Inv6- AC Consumption - Energy (Wh) | Inv6- AC Consumption - Power (W) | Inv7- AC Production - Energy (Wh) | Inv7- AC Production - Power (W) | Inv7- AC Consumption - Energy (Wh) | Inv7- AC Consumption - Power (W) | Inv8- AC Production - Energy (Wh) | Inv8- AC Production - Power (W) | Inv8- AC Consumption - Energy (Wh) | Inv8- AC Consumption - Power (W) | Inv9- AC Production - Energy (Wh) | Inv9- AC Production - Power (W) | Inv9- AC Consumption - Energy (Wh) | Inv9- AC Consumption - Power (W) | Inv10- AC Production - Energy (Wh) | Inv10- AC Production - Power (W) | Inv10- AC Consumption - Energy (Wh) | Inv10- AC Consumption - Power (W) | Inv11- AC Production - Energy (Wh) | Inv11- AC Production - Power (W) | Inv11- AC Consumption - Energy (Wh) | Inv11- AC Consumption - Power (W) | Inv12- AC Production - Energy (Wh) | Inv12- AC Production - Power (W) | Inv12- AC Consumption - Energy (Wh) | Inv12- AC Consumption - Power (W) | Inv13- AC Production - Energy (Wh) | Inv13- AC Production - Power (W) | Inv13- AC Consumption - Energy (Wh) | Inv13- AC Consumption - Power (W) | Inv14- AC Production - Energy (Wh) | Inv14- AC Production - Power (W) | Inv14- AC Consumption - Energy (Wh) | Inv14- AC Consumption - Power (W) | Inv15- AC Production - Energy (Wh) | Inv15- AC Production - Power (W) | Inv15- AC Consumption - Energy (Wh) | Inv15- AC Consumption - Power (W) | Inv16- AC Production - Energy (Wh) | Inv16- AC Production - Power (W) | Inv16- AC Consumption - Energy (Wh) | Inv16- AC Consumption - Power (W) | Inv17- AC Production - Energy (Wh) | Inv17- AC Production - Power (W) | Inv17- AC Consumption - Energy (Wh) | Inv17- AC Consumption - Power (W) | Inv18- AC Production - Energy (Wh) | Inv18- AC Production - Power (W) | Inv18- AC Consumption - Energy (Wh) | Inv18- AC Consumption - Power (W) | Inv19- AC Production - Energy (Wh) | Inv19- AC Production - Power (W) | Inv19- AC Consumption - Energy (Wh) | Inv19- AC Consumption - Power (W) | Inv20- AC Production - Energy (Wh) | Inv20- AC Production - Power (W) | Inv20- AC Consumption - Energy (Wh) | Inv20- AC Consumption - Power (W) | Inv21- AC Production - Energy (Wh) | Inv21- AC Production - Power (W) | Inv21- AC Consumption - Energy (Wh) | Inv21- AC Consumption - Power (W) | Inv22- AC Production - Energy (Wh) | Inv22- AC Production - Power (W) | Inv22- AC Consumption - Energy (Wh) | Inv22- AC Consumption - Power (W) | Inv23- AC Production - Energy (Wh) | Inv23- AC Production - Power (W) | Inv23- AC Consumption - Energy (Wh) | Inv23- AC Consumption - Power (W) | Inv24- AC Production - Energy (Wh) | Inv24- AC Production - Power (W) | Inv24- AC Consumption - Energy (Wh) | Inv24- AC Consumption - Power (W) | Inv25- AC Production - Energy (Wh) | Inv25- AC Production - Power (W) | Inv25- AC Consumption - Energy (Wh) | Inv25- AC Consumption - Power (W) | Inv26- AC Production - Energy (Wh) | Inv26- AC Production - Power (W) | Inv26- AC Consumption - Energy (Wh) | Inv26- AC Consumption - Power (W),2016,2016,0,"%m/%d/%y, %I:%M %p:2016",2024-11-09 00:00:00,2024-11-15 23:55:00,5 minutes,OK,,PV/production,PV/production markers,
data/raw/Data to be used/Data to be used/Power/Weekly Data/AC_power_energy/2024/Chart AC_power_Energy_2024_week_47 01_31_2025 02_11 PM.csv,597175,.csv,0698f2b34befbb2e916ad1f41887c2a98598dbabc320a730d5ffe98b4d5b8573,Time | Inv1- AC Production - Energy (Wh) | Inv1- AC Production - Power (W) | Inv1- AC Consumption - Energy (Wh) | Inv1- AC Consumption - Power (W) | Inv2- AC Production - Energy (Wh) | Inv2- AC Production - Power (W) | Inv2- AC Consumption - Energy (Wh) | Inv2- AC Consumption - Power (W) | Inv3- AC Production - Energy (Wh) | Inv3- AC Production - Power (W) | Inv3- AC Consumption - Energy (Wh) | Inv3- AC Consumption - Power (W) | Inv4- AC Production - Energy (Wh) | Inv4- AC Production - Power (W) | Inv4- AC Consumption - Energy (Wh) | Inv4- AC Consumption - Power (W) | Inv5- AC Production - Energy (Wh) | Inv5- AC Production - Power (W) | Inv5- AC Consumption - Energy (Wh) | Inv5- AC Consumption - Power (W) | Inv6- AC Production - Energy (Wh) | Inv6- AC Production - Power (W) | Inv6- AC Consumption - Energy (Wh) | Inv6- AC Consumption - Power (W) | Inv7- AC Production - Energy (Wh) | Inv7- AC Production - Power (W) | Inv7- AC Consumption - Energy (Wh) | Inv7- AC Consumption - Power (W) | Inv8- AC Production - Energy (Wh) | Inv8- AC Production - Power (W) | Inv8- AC Consumption - Energy (Wh) | Inv8- AC Consumption - Power (W) | Inv9- AC Production - Energy (Wh) | Inv9- AC Production - Power (W) | Inv9- AC Consumption - Energy (Wh) | Inv9- AC Consumption - Power (W) | Inv10- AC Production - Energy (Wh) | Inv10- AC Production - Power (W) | Inv10- AC Consumption - Energy (Wh) | Inv10- AC Consumption - Power (W) | Inv11- AC Production - Energy (Wh) | Inv11- AC Production - Power (W) | Inv11- AC Consumption - Energy (Wh) | Inv11- AC Consumption - Power (W) | Inv12- AC Production - Energy (Wh) | Inv12- AC Production - Power (W) | Inv12- AC Consumption - Energy (Wh) | Inv12- AC Consumption - Power (W) | Inv13- AC Production - Energy (Wh) | Inv13- AC Production - Power (W) | Inv13- AC Consumption - Energy (Wh) | Inv13- AC Consumption - Power (W) | Inv14- AC Production - Energy (Wh) | Inv14- AC Production - Power (W) | Inv14- AC Consumption - Energy (Wh) | Inv14- AC Consumption - Power (W) | Inv15- AC Production - Energy (Wh) | Inv15- AC Production - Power (W) | Inv15- AC Consumption - Energy (Wh) | Inv15- AC Consumption - Power (W) | Inv16- AC Production - Energy (Wh) | Inv16- AC Production - Power (W) | Inv16- AC Consumption - Energy (Wh) | Inv16- AC Consumption - Power (W) | Inv17- AC Production - Energy (Wh) | Inv17- AC Production - Power (W) | Inv17- AC Consumption - Energy (Wh) | Inv17- AC Consumption - Power (W) | Inv18- AC Production - Energy (Wh) | Inv18- AC Production - Power (W) | Inv18- AC Consumption - Energy (Wh) | Inv18- AC Consumption - Power (W) | Inv19- AC Production - Energy (Wh) | Inv19- AC Production - Power (W) | Inv19- AC Consumption - Energy (Wh) | Inv19- AC Consumption - Power (W) | Inv20- AC Production - Energy (Wh) | Inv20- AC Production - Power (W) | Inv20- AC Consumption - Energy (Wh) | Inv20- AC Consumption - Power (W) | Inv21- AC Production - Energy (Wh) | Inv21- AC Production - Power (W) | Inv21- AC Consumption - Energy (Wh) | Inv21- AC Consumption - Power (W) | Inv22- AC Production - Energy (Wh) | Inv22- AC Production - Power (W) | Inv22- AC Consumption - Energy (Wh) | Inv22- AC Consumption - Power (W) | Inv23- AC Production - Energy (Wh) | Inv23- AC Production - Power (W) | Inv23- AC Consumption - Energy (Wh) | Inv23- AC Consumption - Power (W) | Inv24- AC Production - Energy (Wh) | Inv24- AC Production - Power (W) | Inv24- AC Consumption - Energy (Wh) | Inv24- AC Consumption - Power (W) | Inv25- AC Production - Energy (Wh) | Inv25- AC Production - Power (W) | Inv25- AC Consumption - Energy (Wh) | Inv25- AC Consumption - Power (W) | Inv26- AC Production - Energy (Wh) | Inv26- AC Production - Power (W) | Inv26- AC Consumption - Energy (Wh) | Inv26- AC Consumption - Power (W),2016,2016,0,"%m/%d/%y, %I:%M %p:2016",2024-11-16 00:00:00,2024-11-22 23:55:00,5 minutes,OK,,PV/production,PV/production markers,
data/raw/Data to be used/Data to be used/Power/Weekly Data/AC_power_energy/2024/Chart AC_power_Energy_2024_week_48 01_31_2025 02_12 PM.csv,580071,.csv,4d91e8af36fbad06c1e553569d96b6a11adbc4293c44cf3bb76b0985891e8df6,Time | Inv1- AC Production - Energy (Wh) | Inv1- AC Production - Power (W) | Inv1- AC Consumption - Energy (Wh) | Inv1- AC Consumption - Power (W) | Inv2- AC Production - Energy (Wh) | Inv2- AC Production - Power (W) | Inv2- AC Consumption - Energy (Wh) | Inv2- AC Consumption - Power (W) | Inv3- AC Production - Energy (Wh) | Inv3- AC Production - Power (W) | Inv3- AC Consumption - Energy (Wh) | Inv3- AC Consumption - Power (W) | Inv4- AC Production - Energy (Wh) | Inv4- AC Production - Power (W) | Inv4- AC Consumption - Energy (Wh) | Inv4- AC Consumption - Power (W) | Inv5- AC Production - Energy (Wh) | Inv5- AC Production - Power (W) | Inv5- AC Consumption - Energy (Wh) | Inv5- AC Consumption - Power (W) | Inv6- AC Production - Energy (Wh) | Inv6- AC Production - Power (W) | Inv6- AC Consumption - Energy (Wh) | Inv6- AC Consumption - Power (W) | Inv7- AC Production - Energy (Wh) | Inv7- AC Production - Power (W) | Inv7- AC Consumption - Energy (Wh) | Inv7- AC Consumption - Power (W) | Inv8- AC Production - Energy (Wh) | Inv8- AC Production - Power (W) | Inv8- AC Consumption - Energy (Wh) | Inv8- AC Consumption - Power (W) | Inv9- AC Production - Energy (Wh) | Inv9- AC Production - Power (W) | Inv9- AC Consumption - Energy (Wh) | Inv9- AC Consumption - Power (W) | Inv10- AC Production - Energy (Wh) | Inv10- AC Production - Power (W) | Inv10- AC Consumption - Energy (Wh) | Inv10- AC Consumption - Power (W) | Inv11- AC Production - Energy (Wh) | Inv11- AC Production - Power (W) | Inv11- AC Consumption - Energy (Wh) | Inv11- AC Consumption - Power (W) | Inv12- AC Production - Energy (Wh) | Inv12- AC Production - Power (W) | Inv12- AC Consumption - Energy (Wh) | Inv12- AC Consumption - Power (W) | Inv13- AC Production - Energy (Wh) | Inv13- AC Production - Power (W) | Inv13- AC Consumption - Energy (Wh) | Inv13- AC Consumption - Power (W) | Inv14- AC Production - Energy (Wh) | Inv14- AC Production - Power (W) | Inv14- AC Consumption - Energy (Wh) | Inv14- AC Consumption - Power (W) | Inv15- AC Production - Energy (Wh) | Inv15- AC Production - Power (W) | Inv15- AC Consumption - Energy (Wh) | Inv15- AC Consumption - Power (W) | Inv16- AC Production - Energy (Wh) | Inv16- AC Production - Power (W) | Inv16- AC Consumption - Energy (Wh) | Inv16- AC Consumption - Power (W) | Inv17- AC Production - Energy (Wh) | Inv17- AC Production - Power (W) | Inv17- AC Consumption - Energy (Wh) | Inv17- AC Consumption - Power (W) | Inv18- AC Production - Energy (Wh) | Inv18- AC Production - Power (W) | Inv18- AC Consumption - Energy (Wh) | Inv18- AC Consumption - Power (W) | Inv19- AC Production - Energy (Wh) | Inv19- AC Production - Power (W) | Inv19- AC Consumption - Energy (Wh) | Inv19- AC Consumption - Power (W) | Inv20- AC Production - Energy (Wh) | Inv20- AC Production - Power (W) | Inv20- AC Consumption - Energy (Wh) | Inv20- AC Consumption - Power (W) | Inv21- AC Production - Energy (Wh) | Inv21- AC Production - Power (W) | Inv21- AC Consumption - Energy (Wh) | Inv21- AC Consumption - Power (W) | Inv22- AC Production - Energy (Wh) | Inv22- AC Production - Power (W) | Inv22- AC Consumption - Energy (Wh) | Inv22- AC Consumption - Power (W) | Inv23- AC Production - Energy (Wh) | Inv23- AC Production - Power (W) | Inv23- AC Consumption - Energy (Wh) | Inv23- AC Consumption - Power (W) | Inv24- AC Production - Energy (Wh) | Inv24- AC Production - Power (W) | Inv24- AC Consumption - Energy (Wh) | Inv24- AC Consumption - Power (W) | Inv25- AC Production - Energy (Wh) | Inv25- AC Production - Power (W) | Inv25- AC Consumption - Energy (Wh) | Inv25- AC Consumption - Power (W) | Inv26- AC Production - Energy (Wh) | Inv26- AC Production - Power (W) | Inv26- AC Consumption - Energy (Wh) | Inv26- AC Consumption - Power (W),2016,2016,0,"%m/%d/%y, %I:%M %p:2016",2024-11-23 00:00:00,2024-11-29 23:55:00,5 minutes,OK,,PV/production,PV/production markers,
data/raw/Data to be used/Data to be used/Power/Weekly Data/AC_power_energy/2024/Chart AC_power_Energy_2024_week_49 01_31_2025 02_12 PM.csv,597385,.csv,36076a3f1f792aa4e5c210c791b12ad1f47a79a07f50168b2ab78e2b7c4339fa,Time | Inv1- AC Production - Energy (Wh) | Inv1- AC Production - Power (W) | Inv1- AC Consumption - Energy (Wh) | Inv1- AC Consumption - Power (W) | Inv2- AC Production - Energy (Wh) | Inv2- AC Production - Power (W) | Inv2- AC Consumption - Energy (Wh) | Inv2- AC Consumption - Power (W) | Inv3- AC Production - Energy (Wh) | Inv3- AC Production - Power (W) | Inv3- AC Consumption - Energy (Wh) | Inv3- AC Consumption - Power (W) | Inv4- AC Production - Energy (Wh) | Inv4- AC Production - Power (W) | Inv4- AC Consumption - Energy (Wh) | Inv4- AC Consumption - Power (W) | Inv5- AC Production - Energy (Wh) | Inv5- AC Production - Power (W) | Inv5- AC Consumption - Energy (Wh) | Inv5- AC Consumption - Power (W) | Inv6- AC Production - Energy (Wh) | Inv6- AC Production - Power (W) | Inv6- AC Consumption - Energy (Wh) | Inv6- AC Consumption - Power (W) | Inv7- AC Production - Energy (Wh) | Inv7- AC Production - Power (W) | Inv7- AC Consumption - Energy (Wh) | Inv7- AC Consumption - Power (W) | Inv8- AC Production - Energy (Wh) | Inv8- AC Production - Power (W) | Inv8- AC Consumption - Energy (Wh) | Inv8- AC Consumption - Power (W) | Inv9- AC Production - Energy (Wh) | Inv9- AC Production - Power (W) | Inv9- AC Consumption - Energy (Wh) | Inv9- AC Consumption - Power (W) | Inv10- AC Production - Energy (Wh) | Inv10- AC Production - Power (W) | Inv10- AC Consumption - Energy (Wh) | Inv10- AC Consumption - Power (W) | Inv11- AC Production - Energy (Wh) | Inv11- AC Production - Power (W) | Inv11- AC Consumption - Energy (Wh) | Inv11- AC Consumption - Power (W) | Inv12- AC Production - Energy (Wh) | Inv12- AC Production - Power (W) | Inv12- AC Consumption - Energy (Wh) | Inv12- AC Consumption - Power (W) | Inv13- AC Production - Energy (Wh) | Inv13- AC Production - Power (W) | Inv13- AC Consumption - Energy (Wh) | Inv13- AC Consumption - Power (W) | Inv14- AC Production - Energy (Wh) | Inv14- AC Production - Power (W) | Inv14- AC Consumption - Energy (Wh) | Inv14- AC Consumption - Power (W) | Inv15- AC Production - Energy (Wh) | Inv15- AC Production - Power (W) | Inv15- AC Consumption - Energy (Wh) | Inv15- AC Consumption - Power (W) | Inv16- AC Production - Energy (Wh) | Inv16- AC Production - Power (W) | Inv16- AC Consumption - Energy (Wh) | Inv16- AC Consumption - Power (W) | Inv17- AC Production - Energy (Wh) | Inv17- AC Production - Power (W) | Inv17- AC Consumption - Energy (Wh) | Inv17- AC Consumption - Power (W) | Inv18- AC Production - Energy (Wh) | Inv18- AC Production - Power (W) | Inv18- AC Consumption - Energy (Wh) | Inv18- AC Consumption - Power (W) | Inv19- AC Production - Energy (Wh) | Inv19- AC Production - Power (W) | Inv19- AC Consumption - Energy (Wh) | Inv19- AC Consumption - Power (W) | Inv20- AC Production - Energy (Wh) | Inv20- AC Production - Power (W) | Inv20- AC Consumption - Energy (Wh) | Inv20- AC Consumption - Power (W) | Inv21- AC Production - Energy (Wh) | Inv21- AC Production - Power (W) | Inv21- AC Consumption - Energy (Wh) | Inv21- AC Consumption - Power (W) | Inv22- AC Production - Energy (Wh) | Inv22- AC Production - Power (W) | Inv22- AC Consumption - Energy (Wh) | Inv22- AC Consumption - Power (W) | Inv23- AC Production - Energy (Wh) | Inv23- AC Production - Power (W) | Inv23- AC Consumption - Energy (Wh) | Inv23- AC Consumption - Power (W) | Inv24- AC Production - Energy (Wh) | Inv24- AC Production - Power (W) | Inv24- AC Consumption - Energy (Wh) | Inv24- AC Consumption - Power (W) | Inv25- AC Production - Energy (Wh) | Inv25- AC Production - Power (W) | Inv25- AC Consumption - Energy (Wh) | Inv25- AC Consumption - Power (W) | Inv26- AC Production - Energy (Wh) | Inv26- AC Production - Power (W) | Inv26- AC Consumption - Energy (Wh) | Inv26- AC Consumption - Power (W),2016,2016,0,"%m/%d/%y, %I:%M %p:2016",2024-11-30 00:00:00,2024-12-06 23:55:00,5 minutes,OK,,PV/production,PV/production markers,
data/raw/Data to be used/Data to be used/Power/Weekly Data/AC_power_energy/2024/Chart AC_power_Energy_2024_week_5 01_31_2025 01_46 PM.csv,494079,.csv,c7265f63a69b34f2306fe037fe8be0b733d92e7d0edc3e7f0b62542b1debe3f7,Time | Inv1- AC Production - Energy (Wh) | Inv1- AC Production - Power (W) | Inv1- AC Consumption - Energy (Wh) | Inv1- AC Consumption - Power (W) | Inv2- AC Production - Energy (Wh) | Inv2- AC Production - Power (W) | Inv2- AC Consumption - Energy (Wh) | Inv2- AC Consumption - Power (W) | Inv3- AC Production - Energy (Wh) | Inv3- AC Production - Power (W) | Inv3- AC Consumption - Energy (Wh) | Inv3- AC Consumption - Power (W) | Inv4- AC Production - Energy (Wh) | Inv4- AC Production - Power (W) | Inv4- AC Consumption - Energy (Wh) | Inv4- AC Consumption - Power (W) | Inv5- AC Production - Energy (Wh) | Inv5- AC Production - Power (W) | Inv5- AC Consumption - Energy (Wh) | Inv5- AC Consumption - Power (W) | Inv6- AC Production - Energy (Wh) | Inv6- AC Production - Power (W) | Inv6- AC Consumption - Energy (Wh) | Inv6- AC Consumption - Power (W) | Inv7- AC Production - Energy (Wh) | Inv7- AC Production - Power (W) | Inv7- AC Consumption - Energy (Wh) | Inv7- AC Consumption - Power (W) | Inv8- AC Production - Energy (Wh) | Inv8- AC Production - Power (W) | Inv8- AC Consumption - Energy (Wh) | Inv8- AC Consumption - Power (W) | Inv9- AC Production - Energy (Wh) | Inv9- AC Production - Power (W) | Inv9- AC Consumption - Energy (Wh) | Inv9- AC Consumption - Power (W) | Inv10- AC Production - Energy (Wh) | Inv10- AC Production - Power (W) | Inv10- AC Consumption - Energy (Wh) | Inv10- AC Consumption - Power (W) | Inv11- AC Production - Energy (Wh) | Inv11- AC Production - Power (W) | Inv11- AC Consumption - Energy (Wh) | Inv11- AC Consumption - Power (W) | Inv12- AC Production - Energy (Wh) | Inv12- AC Production - Power (W) | Inv12- AC Consumption - Energy (Wh) | Inv12- AC Consumption - Power (W) | Inv13- AC Production - Energy (Wh) | Inv13- AC Production - Power (W) | Inv13- AC Consumption - Energy (Wh) | Inv13- AC Consumption - Power (W) | Inv14- AC Production - Energy (Wh) | Inv14- AC Production - Power (W) | Inv14- AC Consumption - Energy (Wh) | Inv14- AC Consumption - Power (W) | Inv15- AC Production - Energy (Wh) | Inv15- AC Production - Power (W) | Inv15- AC Consumption - Energy (Wh) | Inv15- AC Consumption - Power (W) | Inv16- AC Production - Energy (Wh) | Inv16- AC Production - Power (W) | Inv16- AC Consumption - Energy (Wh) | Inv16- AC Consumption - Power (W) | Inv17- AC Production - Energy (Wh) | Inv17- AC Production - Power (W) | Inv17- AC Consumption - Energy (Wh) | Inv17- AC Consumption - Power (W) | Inv18- AC Production - Energy (Wh) | Inv18- AC Production - Power (W) | Inv18- AC Consumption - Energy (Wh) | Inv18- AC Consumption - Power (W) | Inv19- AC Production - Energy (Wh) | Inv19- AC Production - Power (W) | Inv19- AC Consumption - Energy (Wh) | Inv19- AC Consumption - Power (W) | Inv20- AC Production - Energy (Wh) | Inv20- AC Production - Power (W) | Inv20- AC Consumption - Energy (Wh) | Inv20- AC Consumption - Power (W) | Inv21- AC Production - Energy (Wh) | Inv21- AC Production - Power (W) | Inv21- AC Consumption - Energy (Wh) | Inv21- AC Consumption - Power (W) | Inv22- AC Production - Energy (Wh) | Inv22- AC Production - Power (W) | Inv22- AC Consumption - Energy (Wh) | Inv22- AC Consumption - Power (W) | Inv23- AC Production - Energy (Wh) | Inv23- AC Production - Power (W) | Inv23- AC Consumption - Energy (Wh) | Inv23- AC Consumption - Power (W) | Inv24- AC Production - Energy (Wh) | Inv24- AC Production - Power (W) | Inv24- AC Consumption - Energy (Wh) | Inv24- AC Consumption - Power (W) | Inv25- AC Production - Energy (Wh) | Inv25- AC Production - Power (W) | Inv25- AC Consumption - Energy (Wh) | Inv25- AC Consumption - Power (W) | Inv26- AC Production - Energy (Wh) | Inv26- AC Production - Power (W) | Inv26- AC Consumption - Energy (Wh) | Inv26- AC Consumption - Power (W),2016,2016,0,"%m/%d/%y, %I:%M %p:2016",2024-01-20 00:00:00,2024-01-26 23:55:00,5 minutes,OK,,PV/production,PV/production markers,
data/raw/Data to be used/Data to be used/Power/Weekly Data/AC_power_energy/2024/Chart AC_power_Energy_2024_week_50 01_31_2025 02_13 PM.csv,606445,.csv,98ca4680f16b863f3db2f0cae93439ab60c91fcb88353b4ee5cef1f84f99235f,Time | Inv1- AC Production - Energy (Wh) | Inv1- AC Production - Power (W) | Inv1- AC Consumption - Energy (Wh) | Inv1- AC Consumption - Power (W) | Inv2- AC Production - Energy (Wh) | Inv2- AC Production - Power (W) | Inv2- AC Consumption - Energy (Wh) | Inv2- AC Consumption - Power (W) | Inv3- AC Production - Energy (Wh) | Inv3- AC Production - Power (W) | Inv3- AC Consumption - Energy (Wh) | Inv3- AC Consumption - Power (W) | Inv4- AC Production - Energy (Wh) | Inv4- AC Production - Power (W) | Inv4- AC Consumption - Energy (Wh) | Inv4- AC Consumption - Power (W) | Inv5- AC Production - Energy (Wh) | Inv5- AC Production - Power (W) | Inv5- AC Consumption - Energy (Wh) | Inv5- AC Consumption - Power (W) | Inv6- AC Production - Energy (Wh) | Inv6- AC Production - Power (W) | Inv6- AC Consumption - Energy (Wh) | Inv6- AC Consumption - Power (W) | Inv7- AC Production - Energy (Wh) | Inv7- AC Production - Power (W) | Inv7- AC Consumption - Energy (Wh) | Inv7- AC Consumption - Power (W) | Inv8- AC Production - Energy (Wh) | Inv8- AC Production - Power (W) | Inv8- AC Consumption - Energy (Wh) | Inv8- AC Consumption - Power (W) | Inv9- AC Production - Energy (Wh) | Inv9- AC Production - Power (W) | Inv9- AC Consumption - Energy (Wh) | Inv9- AC Consumption - Power (W) | Inv10- AC Production - Energy (Wh) | Inv10- AC Production - Power (W) | Inv10- AC Consumption - Energy (Wh) | Inv10- AC Consumption - Power (W) | Inv11- AC Production - Energy (Wh) | Inv11- AC Production - Power (W) | Inv11- AC Consumption - Energy (Wh) | Inv11- AC Consumption - Power (W) | Inv12- AC Production - Energy (Wh) | Inv12- AC Production - Power (W) | Inv12- AC Consumption - Energy (Wh) | Inv12- AC Consumption - Power (W) | Inv13- AC Production - Energy (Wh) | Inv13- AC Production - Power (W) | Inv13- AC Consumption - Energy (Wh) | Inv13- AC Consumption - Power (W) | Inv14- AC Production - Energy (Wh) | Inv14- AC Production - Power (W) | Inv14- AC Consumption - Energy (Wh) | Inv14- AC Consumption - Power (W) | Inv15- AC Production - Energy (Wh) | Inv15- AC Production - Power (W) | Inv15- AC Consumption - Energy (Wh) | Inv15- AC Consumption - Power (W) | Inv16- AC Production - Energy (Wh) | Inv16- AC Production - Power (W) | Inv16- AC Consumption - Energy (Wh) | Inv16- AC Consumption - Power (W) | Inv17- AC Production - Energy (Wh) | Inv17- AC Production - Power (W) | Inv17- AC Consumption - Energy (Wh) | Inv17- AC Consumption - Power (W) | Inv18- AC Production - Energy (Wh) | Inv18- AC Production - Power (W) | Inv18- AC Consumption - Energy (Wh) | Inv18- AC Consumption - Power (W) | Inv19- AC Production - Energy (Wh) | Inv19- AC Production - Power (W) | Inv19- AC Consumption - Energy (Wh) | Inv19- AC Consumption - Power (W) | Inv20- AC Production - Energy (Wh) | Inv20- AC Production - Power (W) | Inv20- AC Consumption - Energy (Wh) | Inv20- AC Consumption - Power (W) | Inv21- AC Production - Energy (Wh) | Inv21- AC Production - Power (W) | Inv21- AC Consumption - Energy (Wh) | Inv21- AC Consumption - Power (W) | Inv22- AC Production - Energy (Wh) | Inv22- AC Production - Power (W) | Inv22- AC Consumption - Energy (Wh) | Inv22- AC Consumption - Power (W) | Inv23- AC Production - Energy (Wh) | Inv23- AC Production - Power (W) | Inv23- AC Consumption - Energy (Wh) | Inv23- AC Consumption - Power (W) | Inv24- AC Production - Energy (Wh) | Inv24- AC Production - Power (W) | Inv24- AC Consumption - Energy (Wh) | Inv24- AC Consumption - Power (W) | Inv25- AC Production - Energy (Wh) | Inv25- AC Production - Power (W) | Inv25- AC Consumption - Energy (Wh) | Inv25- AC Consumption - Power (W) | Inv26- AC Production - Energy (Wh) | Inv26- AC Production - Power (W) | Inv26- AC Consumption - Energy (Wh) | Inv26- AC Consumption - Power (W),2016,2016,0,"%m/%d/%y, %I:%M %p:2016",2024-12-07 00:00:00,2024-12-13 23:55:00,5 minutes,OK,,PV/production,PV/production markers,
data/raw/Data to be used/Data to be used/Power/Weekly Data/AC_power_energy/2024/Chart AC_power_Energy_2024_week_51 01_31_2025 02_13 PM.csv,592280,.csv,8009caa6089172c91a1d519e4d418cbab216115b0df9044ee902c7c9f82e151b,Time | Inv1- AC Production - Energy (Wh) | Inv1- AC Production - Power (W) | Inv1- AC Consumption - Energy (Wh) | Inv1- AC Consumption - Power (W) | Inv2- AC Production - Energy (Wh) | Inv2- AC Production - Power (W) | Inv2- AC Consumption - Energy (Wh) | Inv2- AC Consumption - Power (W) | Inv3- AC Production - Energy (Wh) | Inv3- AC Production - Power (W) | Inv3- AC Consumption - Energy (Wh) | Inv3- AC Consumption - Power (W) | Inv4- AC Production - Energy (Wh) | Inv4- AC Production - Power (W) | Inv4- AC Consumption - Energy (Wh) | Inv4- AC Consumption - Power (W) | Inv5- AC Production - Energy (Wh) | Inv5- AC Production - Power (W) | Inv5- AC Consumption - Energy (Wh) | Inv5- AC Consumption - Power (W) | Inv6- AC Production - Energy (Wh) | Inv6- AC Production - Power (W) | Inv6- AC Consumption - Energy (Wh) | Inv6- AC Consumption - Power (W) | Inv7- AC Production - Energy (Wh) | Inv7- AC Production - Power (W) | Inv7- AC Consumption - Energy (Wh) | Inv7- AC Consumption - Power (W) | Inv8- AC Production - Energy (Wh) | Inv8- AC Production - Power (W) | Inv8- AC Consumption - Energy (Wh) | Inv8- AC Consumption - Power (W) | Inv9- AC Production - Energy (Wh) | Inv9- AC Production - Power (W) | Inv9- AC Consumption - Energy (Wh) | Inv9- AC Consumption - Power (W) | Inv10- AC Production - Energy (Wh) | Inv10- AC Production - Power (W) | Inv10- AC Consumption - Energy (Wh) | Inv10- AC Consumption - Power (W) | Inv11- AC Production - Energy (Wh) | Inv11- AC Production - Power (W) | Inv11- AC Consumption - Energy (Wh) | Inv11- AC Consumption - Power (W) | Inv12- AC Production - Energy (Wh) | Inv12- AC Production - Power (W) | Inv12- AC Consumption - Energy (Wh) | Inv12- AC Consumption - Power (W) | Inv13- AC Production - Energy (Wh) | Inv13- AC Production - Power (W) | Inv13- AC Consumption - Energy (Wh) | Inv13- AC Consumption - Power (W) | Inv14- AC Production - Energy (Wh) | Inv14- AC Production - Power (W) | Inv14- AC Consumption - Energy (Wh) | Inv14- AC Consumption - Power (W) | Inv15- AC Production - Energy (Wh) | Inv15- AC Production - Power (W) | Inv15- AC Consumption - Energy (Wh) | Inv15- AC Consumption - Power (W) | Inv16- AC Production - Energy (Wh) | Inv16- AC Production - Power (W) | Inv16- AC Consumption - Energy (Wh) | Inv16- AC Consumption - Power (W) | Inv17- AC Production - Energy (Wh) | Inv17- AC Production - Power (W) | Inv17- AC Consumption - Energy (Wh) | Inv17- AC Consumption - Power (W) | Inv18- AC Production - Energy (Wh) | Inv18- AC Production - Power (W) | Inv18- AC Consumption - Energy (Wh) | Inv18- AC Consumption - Power (W) | Inv19- AC Production - Energy (Wh) | Inv19- AC Production - Power (W) | Inv19- AC Consumption - Energy (Wh) | Inv19- AC Consumption - Power (W) | Inv20- AC Production - Energy (Wh) | Inv20- AC Production - Power (W) | Inv20- AC Consumption - Energy (Wh) | Inv20- AC Consumption - Power (W) | Inv21- AC Production - Energy (Wh) | Inv21- AC Production - Power (W) | Inv21- AC Consumption - Energy (Wh) | Inv21- AC Consumption - Power (W) | Inv22- AC Production - Energy (Wh) | Inv22- AC Production - Power (W) | Inv22- AC Consumption - Energy (Wh) | Inv22- AC Consumption - Power (W) | Inv23- AC Production - Energy (Wh) | Inv23- AC Production - Power (W) | Inv23- AC Consumption - Energy (Wh) | Inv23- AC Consumption - Power (W) | Inv24- AC Production - Energy (Wh) | Inv24- AC Production - Power (W) | Inv24- AC Consumption - Energy (Wh) | Inv24- AC Consumption - Power (W) | Inv25- AC Production - Energy (Wh) | Inv25- AC Production - Power (W) | Inv25- AC Consumption - Energy (Wh) | Inv25- AC Consumption - Power (W) | Inv26- AC Production - Energy (Wh) | Inv26- AC Production - Power (W) | Inv26- AC Consumption - Energy (Wh) | Inv26- AC Consumption - Power (W),2016,2016,0,"%m/%d/%y, %I:%M %p:2016",2024-12-14 00:00:00,2024-12-20 23:55:00,5 minutes,OK,,PV/production,PV/production markers,
data/raw/Data to be used/Data to be used/Power/Weekly Data/AC_power_energy/2024/Chart AC_power_Energy_2024_week_52 01_31_2025 02_14 PM.csv,601780,.csv,940719dac2052efbc0780aab2f2d1e2000339c81ac5113a3bdb8e6a5936d9f8d,Time | Inv1- AC Production - Energy (Wh) | Inv1- AC Production - Power (W) | Inv1- AC Consumption - Energy (Wh) | Inv1- AC Consumption - Power (W) | Inv2- AC Production - Energy (Wh) | Inv2- AC Production - Power (W) | Inv2- AC Consumption - Energy (Wh) | Inv2- AC Consumption - Power (W) | Inv3- AC Production - Energy (Wh) | Inv3- AC Production - Power (W) | Inv3- AC Consumption - Energy (Wh) | Inv3- AC Consumption - Power (W) | Inv4- AC Production - Energy (Wh) | Inv4- AC Production - Power (W) | Inv4- AC Consumption - Energy (Wh) | Inv4- AC Consumption - Power (W) | Inv5- AC Production - Energy (Wh) | Inv5- AC Production - Power (W) | Inv5- AC Consumption - Energy (Wh) | Inv5- AC Consumption - Power (W) | Inv6- AC Production - Energy (Wh) | Inv6- AC Production - Power (W) | Inv6- AC Consumption - Energy (Wh) | Inv6- AC Consumption - Power (W) | Inv7- AC Production - Energy (Wh) | Inv7- AC Production - Power (W) | Inv7- AC Consumption - Energy (Wh) | Inv7- AC Consumption - Power (W) | Inv8- AC Production - Energy (Wh) | Inv8- AC Production - Power (W) | Inv8- AC Consumption - Energy (Wh) | Inv8- AC Consumption - Power (W) | Inv9- AC Production - Energy (Wh) | Inv9- AC Production - Power (W) | Inv9- AC Consumption - Energy (Wh) | Inv9- AC Consumption - Power (W) | Inv10- AC Production - Energy (Wh) | Inv10- AC Production - Power (W) | Inv10- AC Consumption - Energy (Wh) | Inv10- AC Consumption - Power (W) | Inv11- AC Production - Energy (Wh) | Inv11- AC Production - Power (W) | Inv11- AC Consumption - Energy (Wh) | Inv11- AC Consumption - Power (W) | Inv12- AC Production - Energy (Wh) | Inv12- AC Production - Power (W) | Inv12- AC Consumption - Energy (Wh) | Inv12- AC Consumption - Power (W) | Inv13- AC Production - Energy (Wh) | Inv13- AC Production - Power (W) | Inv13- AC Consumption - Energy (Wh) | Inv13- AC Consumption - Power (W) | Inv14- AC Production - Energy (Wh) | Inv14- AC Production - Power (W) | Inv14- AC Consumption - Energy (Wh) | Inv14- AC Consumption - Power (W) | Inv15- AC Production - Energy (Wh) | Inv15- AC Production - Power (W) | Inv15- AC Consumption - Energy (Wh) | Inv15- AC Consumption - Power (W) | Inv16- AC Production - Energy (Wh) | Inv16- AC Production - Power (W) | Inv16- AC Consumption - Energy (Wh) | Inv16- AC Consumption - Power (W) | Inv17- AC Production - Energy (Wh) | Inv17- AC Production - Power (W) | Inv17- AC Consumption - Energy (Wh) | Inv17- AC Consumption - Power (W) | Inv18- AC Production - Energy (Wh) | Inv18- AC Production - Power (W) | Inv18- AC Consumption - Energy (Wh) | Inv18- AC Consumption - Power (W) | Inv19- AC Production - Energy (Wh) | Inv19- AC Production - Power (W) | Inv19- AC Consumption - Energy (Wh) | Inv19- AC Consumption - Power (W) | Inv20- AC Production - Energy (Wh) | Inv20- AC Production - Power (W) | Inv20- AC Consumption - Energy (Wh) | Inv20- AC Consumption - Power (W) | Inv21- AC Production - Energy (Wh) | Inv21- AC Production - Power (W) | Inv21- AC Consumption - Energy (Wh) | Inv21- AC Consumption - Power (W) | Inv22- AC Production - Energy (Wh) | Inv22- AC Production - Power (W) | Inv22- AC Consumption - Energy (Wh) | Inv22- AC Consumption - Power (W) | Inv23- AC Production - Energy (Wh) | Inv23- AC Production - Power (W) | Inv23- AC Consumption - Energy (Wh) | Inv23- AC Consumption - Power (W) | Inv24- AC Production - Energy (Wh) | Inv24- AC Production - Power (W) | Inv24- AC Consumption - Energy (Wh) | Inv24- AC Consumption - Power (W) | Inv25- AC Production - Energy (Wh) | Inv25- AC Production - Power (W) | Inv25- AC Consumption - Energy (Wh) | Inv25- AC Consumption - Power (W) | Inv26- AC Production - Energy (Wh) | Inv26- AC Production - Power (W) | Inv26- AC Consumption - Energy (Wh) | Inv26- AC Consumption - Power (W),2016,2016,0,"%m/%d/%y, %I:%M %p:2016",2024-12-21 00:00:00,2024-12-27 23:55:00,5 minutes,OK,,PV/production,PV/production markers,
data/raw/Data to be used/Data to be used/Power/Weekly Data/AC_power_energy/2024/Chart AC_power_Energy_2024_week_53 01_31_2025 02_15 PM.csv,604614,.csv,81f608946ab3b3adafb256b4cc9abab0bd856be74a0c544f25cb4244bebfeac3,Time | Inv1- AC Production - Energy (Wh) | Inv1- AC Production - Power (W) | Inv1- AC Consumption - Energy (Wh) | Inv1- AC Consumption - Power (W) | Inv2- AC Production - Energy (Wh) | Inv2- AC Production - Power (W) | Inv2- AC Consumption - Energy (Wh) | Inv2- AC Consumption - Power (W) | Inv3- AC Production - Energy (Wh) | Inv3- AC Production - Power (W) | Inv3- AC Consumption - Energy (Wh) | Inv3- AC Consumption - Power (W) | Inv4- AC Production - Energy (Wh) | Inv4- AC Production - Power (W) | Inv4- AC Consumption - Energy (Wh) | Inv4- AC Consumption - Power (W) | Inv5- AC Production - Energy (Wh) | Inv5- AC Production - Power (W) | Inv5- AC Consumption - Energy (Wh) | Inv5- AC Consumption - Power (W) | Inv6- AC Production - Energy (Wh) | Inv6- AC Production - Power (W) | Inv6- AC Consumption - Energy (Wh) | Inv6- AC Consumption - Power (W) | Inv7- AC Production - Energy (Wh) | Inv7- AC Production - Power (W) | Inv7- AC Consumption - Energy (Wh) | Inv7- AC Consumption - Power (W) | Inv8- AC Production - Energy (Wh) | Inv8- AC Production - Power (W) | Inv8- AC Consumption - Energy (Wh) | Inv8- AC Consumption - Power (W) | Inv9- AC Production - Energy (Wh) | Inv9- AC Production - Power (W) | Inv9- AC Consumption - Energy (Wh) | Inv9- AC Consumption - Power (W) | Inv10- AC Production - Energy (Wh) | Inv10- AC Production - Power (W) | Inv10- AC Consumption - Energy (Wh) | Inv10- AC Consumption - Power (W) | Inv11- AC Production - Energy (Wh) | Inv11- AC Production - Power (W) | Inv11- AC Consumption - Energy (Wh) | Inv11- AC Consumption - Power (W) | Inv12- AC Production - Energy (Wh) | Inv12- AC Production - Power (W) | Inv12- AC Consumption - Energy (Wh) | Inv12- AC Consumption - Power (W) | Inv13- AC Production - Energy (Wh) | Inv13- AC Production - Power (W) | Inv13- AC Consumption - Energy (Wh) | Inv13- AC Consumption - Power (W) | Inv14- AC Production - Energy (Wh) | Inv14- AC Production - Power (W) | Inv14- AC Consumption - Energy (Wh) | Inv14- AC Consumption - Power (W) | Inv15- AC Production - Energy (Wh) | Inv15- AC Production - Power (W) | Inv15- AC Consumption - Energy (Wh) | Inv15- AC Consumption - Power (W) | Inv16- AC Production - Energy (Wh) | Inv16- AC Production - Power (W) | Inv16- AC Consumption - Energy (Wh) | Inv16- AC Consumption - Power (W) | Inv17- AC Production - Energy (Wh) | Inv17- AC Production - Power (W) | Inv17- AC Consumption - Energy (Wh) | Inv17- AC Consumption - Power (W) | Inv18- AC Production - Energy (Wh) | Inv18- AC Production - Power (W) | Inv18- AC Consumption - Energy (Wh) | Inv18- AC Consumption - Power (W) | Inv19- AC Production - Energy (Wh) | Inv19- AC Production - Power (W) | Inv19- AC Consumption - Energy (Wh) | Inv19- AC Consumption - Power (W) | Inv20- AC Production - Energy (Wh) | Inv20- AC Production - Power (W) | Inv20- AC Consumption - Energy (Wh) | Inv20- AC Consumption - Power (W) | Inv21- AC Production - Energy (Wh) | Inv21- AC Production - Power (W) | Inv21- AC Consumption - Energy (Wh) | Inv21- AC Consumption - Power (W) | Inv22- AC Production - Energy (Wh) | Inv22- AC Production - Power (W) | Inv22- AC Consumption - Energy (Wh) | Inv22- AC Consumption - Power (W) | Inv23- AC Production - Energy (Wh) | Inv23- AC Production - Power (W) | Inv23- AC Consumption - Energy (Wh) | Inv23- AC Consumption - Power (W) | Inv24- AC Production - Energy (Wh) | Inv24- AC Production - Power (W) | Inv24- AC Consumption - Energy (Wh) | Inv24- AC Consumption - Power (W) | Inv25- AC Production - Energy (Wh) | Inv25- AC Production - Power (W) | Inv25- AC Consumption - Energy (Wh) | Inv25- AC Consumption - Power (W) | Inv26- AC Production - Energy (Wh) | Inv26- AC Production - Power (W) | Inv26- AC Consumption - Energy (Wh) | Inv26- AC Consumption - Power (W),2016,2016,0,"%m/%d/%y, %I:%M %p:2016",2024-12-28 00:00:00,2025-01-03 23:55:00,5 minutes,OK,,PV/production,PV/production markers,
data/raw/Data to be used/Data to be used/Power/Weekly Data/AC_power_energy/2024/Chart AC_power_Energy_2024_week_6 01_31_2025 01_46 PM.csv,500599,.csv,bb1aa6e152712c89b8c7629f1a36fcc8e4ccb216e6533553be1653231ca1f62e,Time | Inv1- AC Production - Energy (Wh) | Inv1- AC Production - Power (W) | Inv1- AC Consumption - Energy (Wh) | Inv1- AC Consumption - Power (W) | Inv2- AC Production - Energy (Wh) | Inv2- AC Production - Power (W) | Inv2- AC Consumption - Energy (Wh) | Inv2- AC Consumption - Power (W) | Inv3- AC Production - Energy (Wh) | Inv3- AC Production - Power (W) | Inv3- AC Consumption - Energy (Wh) | Inv3- AC Consumption - Power (W) | Inv4- AC Production - Energy (Wh) | Inv4- AC Production - Power (W) | Inv4- AC Consumption - Energy (Wh) | Inv4- AC Consumption - Power (W) | Inv5- AC Production - Energy (Wh) | Inv5- AC Production - Power (W) | Inv5- AC Consumption - Energy (Wh) | Inv5- AC Consumption - Power (W) | Inv6- AC Production - Energy (Wh) | Inv6- AC Production - Power (W) | Inv6- AC Consumption - Energy (Wh) | Inv6- AC Consumption - Power (W) | Inv7- AC Production - Energy (Wh) | Inv7- AC Production - Power (W) | Inv7- AC Consumption - Energy (Wh) | Inv7- AC Consumption - Power (W) | Inv8- AC Production - Energy (Wh) | Inv8- AC Production - Power (W) | Inv8- AC Consumption - Energy (Wh) | Inv8- AC Consumption - Power (W) | Inv9- AC Production - Energy (Wh) | Inv9- AC Production - Power (W) | Inv9- AC Consumption - Energy (Wh) | Inv9- AC Consumption - Power (W) | Inv10- AC Production - Energy (Wh) | Inv10- AC Production - Power (W) | Inv10- AC Consumption - Energy (Wh) | Inv10- AC Consumption - Power (W) | Inv11- AC Production - Energy (Wh) | Inv11- AC Production - Power (W) | Inv11- AC Consumption - Energy (Wh) | Inv11- AC Consumption - Power (W) | Inv12- AC Production - Energy (Wh) | Inv12- AC Production - Power (W) | Inv12- AC Consumption - Energy (Wh) | Inv12- AC Consumption - Power (W) | Inv13- AC Production - Energy (Wh) | Inv13- AC Production - Power (W) | Inv13- AC Consumption - Energy (Wh) | Inv13- AC Consumption - Power (W) | Inv14- AC Production - Energy (Wh) | Inv14- AC Production - Power (W) | Inv14- AC Consumption - Energy (Wh) | Inv14- AC Consumption - Power (W) | Inv15- AC Production - Energy (Wh) | Inv15- AC Production - Power (W) | Inv15- AC Consumption - Energy (Wh) | Inv15- AC Consumption - Power (W) | Inv16- AC Production - Energy (Wh) | Inv16- AC Production - Power (W) | Inv16- AC Consumption - Energy (Wh) | Inv16- AC Consumption - Power (W) | Inv17- AC Production - Energy (Wh) | Inv17- AC Production - Power (W) | Inv17- AC Consumption - Energy (Wh) | Inv17- AC Consumption - Power (W) | Inv18- AC Production - Energy (Wh) | Inv18- AC Production - Power (W) | Inv18- AC Consumption - Energy (Wh) | Inv18- AC Consumption - Power (W) | Inv19- AC Production - Energy (Wh) | Inv19- AC Production - Power (W) | Inv19- AC Consumption - Energy (Wh) | Inv19- AC Consumption - Power (W) | Inv20- AC Production - Energy (Wh) | Inv20- AC Production - Power (W) | Inv20- AC Consumption - Energy (Wh) | Inv20- AC Consumption - Power (W) | Inv21- AC Production - Energy (Wh) | Inv21- AC Production - Power (W) | Inv21- AC Consumption - Energy (Wh) | Inv21- AC Consumption - Power (W) | Inv22- AC Production - Energy (Wh) | Inv22- AC Production - Power (W) | Inv22- AC Consumption - Energy (Wh) | Inv22- AC Consumption - Power (W) | Inv23- AC Production - Energy (Wh) | Inv23- AC Production - Power (W) | Inv23- AC Consumption - Energy (Wh) | Inv23- AC Consumption - Power (W) | Inv24- AC Production - Energy (Wh) | Inv24- AC Production - Power (W) | Inv24- AC Consumption - Energy (Wh) | Inv24- AC Consumption - Power (W) | Inv25- AC Production - Energy (Wh) | Inv25- AC Production - Power (W) | Inv25- AC Consumption - Energy (Wh) | Inv25- AC Consumption - Power (W) | Inv26- AC Production - Energy (Wh) | Inv26- AC Production - Power (W) | Inv26- AC Consumption - Energy (Wh) | Inv26- AC Consumption - Power (W),2016,2016,0,"%m/%d/%y, %I:%M %p:2016",2024-01-27 00:00:00,2024-02-02 23:55:00,5 minutes,OK,,PV/production,PV/production markers,
data/raw/Data to be used/Data to be used/Power/Weekly Data/AC_power_energy/2024/Chart AC_power_Energy_2024_week_7 01_31_2025 01_46 PM.csv,510073,.csv,bb04bcefa8145349c6dadb13bfe8f8d347301b8f3020d33932143ba82e9edac1,Time | Inv1- AC Production - Energy (Wh) | Inv1- AC Production - Power (W) | Inv1- AC Consumption - Energy (Wh) | Inv1- AC Consumption - Power (W) | Inv2- AC Production - Energy (Wh) | Inv2- AC Production - Power (W) | Inv2- AC Consumption - Energy (Wh) | Inv2- AC Consumption - Power (W) | Inv3- AC Production - Energy (Wh) | Inv3- AC Production - Power (W) | Inv3- AC Consumption - Energy (Wh) | Inv3- AC Consumption - Power (W) | Inv4- AC Production - Energy (Wh) | Inv4- AC Production - Power (W) | Inv4- AC Consumption - Energy (Wh) | Inv4- AC Consumption - Power (W) | Inv5- AC Production - Energy (Wh) | Inv5- AC Production - Power (W) | Inv5- AC Consumption - Energy (Wh) | Inv5- AC Consumption - Power (W) | Inv6- AC Production - Energy (Wh) | Inv6- AC Production - Power (W) | Inv6- AC Consumption - Energy (Wh) | Inv6- AC Consumption - Power (W) | Inv7- AC Production - Energy (Wh) | Inv7- AC Production - Power (W) | Inv7- AC Consumption - Energy (Wh) | Inv7- AC Consumption - Power (W) | Inv8- AC Production - Energy (Wh) | Inv8- AC Production - Power (W) | Inv8- AC Consumption - Energy (Wh) | Inv8- AC Consumption - Power (W) | Inv9- AC Production - Energy (Wh) | Inv9- AC Production - Power (W) | Inv9- AC Consumption - Energy (Wh) | Inv9- AC Consumption - Power (W) | Inv10- AC Production - Energy (Wh) | Inv10- AC Production - Power (W) | Inv10- AC Consumption - Energy (Wh) | Inv10- AC Consumption - Power (W) | Inv11- AC Production - Energy (Wh) | Inv11- AC Production - Power (W) | Inv11- AC Consumption - Energy (Wh) | Inv11- AC Consumption - Power (W) | Inv12- AC Production - Energy (Wh) | Inv12- AC Production - Power (W) | Inv12- AC Consumption - Energy (Wh) | Inv12- AC Consumption - Power (W) | Inv13- AC Production - Energy (Wh) | Inv13- AC Production - Power (W) | Inv13- AC Consumption - Energy (Wh) | Inv13- AC Consumption - Power (W) | Inv14- AC Production - Energy (Wh) | Inv14- AC Production - Power (W) | Inv14- AC Consumption - Energy (Wh) | Inv14- AC Consumption - Power (W) | Inv15- AC Production - Energy (Wh) | Inv15- AC Production - Power (W) | Inv15- AC Consumption - Energy (Wh) | Inv15- AC Consumption - Power (W) | Inv16- AC Production - Energy (Wh) | Inv16- AC Production - Power (W) | Inv16- AC Consumption - Energy (Wh) | Inv16- AC Consumption - Power (W) | Inv17- AC Production - Energy (Wh) | Inv17- AC Production - Power (W) | Inv17- AC Consumption - Energy (Wh) | Inv17- AC Consumption - Power (W) | Inv18- AC Production - Energy (Wh) | Inv18- AC Production - Power (W) | Inv18- AC Consumption - Energy (Wh) | Inv18- AC Consumption - Power (W) | Inv19- AC Production - Energy (Wh) | Inv19- AC Production - Power (W) | Inv19- AC Consumption - Energy (Wh) | Inv19- AC Consumption - Power (W) | Inv20- AC Production - Energy (Wh) | Inv20- AC Production - Power (W) | Inv20- AC Consumption - Energy (Wh) | Inv20- AC Consumption - Power (W) | Inv21- AC Production - Energy (Wh) | Inv21- AC Production - Power (W) | Inv21- AC Consumption - Energy (Wh) | Inv21- AC Consumption - Power (W) | Inv22- AC Production - Energy (Wh) | Inv22- AC Production - Power (W) | Inv22- AC Consumption - Energy (Wh) | Inv22- AC Consumption - Power (W) | Inv23- AC Production - Energy (Wh) | Inv23- AC Production - Power (W) | Inv23- AC Consumption - Energy (Wh) | Inv23- AC Consumption - Power (W) | Inv24- AC Production - Energy (Wh) | Inv24- AC Production - Power (W) | Inv24- AC Consumption - Energy (Wh) | Inv24- AC Consumption - Power (W) | Inv25- AC Production - Energy (Wh) | Inv25- AC Production - Power (W) | Inv25- AC Consumption - Energy (Wh) | Inv25- AC Consumption - Power (W) | Inv26- AC Production - Energy (Wh) | Inv26- AC Production - Power (W) | Inv26- AC Consumption - Energy (Wh) | Inv26- AC Consumption - Power (W),2016,2016,0,"%m/%d/%y, %I:%M %p:2016",2024-02-03 00:00:00,2024-02-09 23:55:00,5 minutes,OK,,PV/production,PV/production markers,
data/raw/Data to be used/Data to be used/Power/Weekly Data/AC_power_energy/2024/Chart AC_power_Energy_2024_week_8 01_31_2025 01_47 PM.csv,507535,.csv,0c50acdfc882819d4da82272465250e2c891acccd71d9ed8b1601b7a2aad9801,Time | Inv1- AC Production - Energy (Wh) | Inv1- AC Production - Power (W) | Inv1- AC Consumption - Energy (Wh) | Inv1- AC Consumption - Power (W) | Inv2- AC Production - Energy (Wh) | Inv2- AC Production - Power (W) | Inv2- AC Consumption - Energy (Wh) | Inv2- AC Consumption - Power (W) | Inv3- AC Production - Energy (Wh) | Inv3- AC Production - Power (W) | Inv3- AC Consumption - Energy (Wh) | Inv3- AC Consumption - Power (W) | Inv4- AC Production - Energy (Wh) | Inv4- AC Production - Power (W) | Inv4- AC Consumption - Energy (Wh) | Inv4- AC Consumption - Power (W) | Inv5- AC Production - Energy (Wh) | Inv5- AC Production - Power (W) | Inv5- AC Consumption - Energy (Wh) | Inv5- AC Consumption - Power (W) | Inv6- AC Production - Energy (Wh) | Inv6- AC Production - Power (W) | Inv6- AC Consumption - Energy (Wh) | Inv6- AC Consumption - Power (W) | Inv7- AC Production - Energy (Wh) | Inv7- AC Production - Power (W) | Inv7- AC Consumption - Energy (Wh) | Inv7- AC Consumption - Power (W) | Inv8- AC Production - Energy (Wh) | Inv8- AC Production - Power (W) | Inv8- AC Consumption - Energy (Wh) | Inv8- AC Consumption - Power (W) | Inv9- AC Production - Energy (Wh) | Inv9- AC Production - Power (W) | Inv9- AC Consumption - Energy (Wh) | Inv9- AC Consumption - Power (W) | Inv10- AC Production - Energy (Wh) | Inv10- AC Production - Power (W) | Inv10- AC Consumption - Energy (Wh) | Inv10- AC Consumption - Power (W) | Inv11- AC Production - Energy (Wh) | Inv11- AC Production - Power (W) | Inv11- AC Consumption - Energy (Wh) | Inv11- AC Consumption - Power (W) | Inv12- AC Production - Energy (Wh) | Inv12- AC Production - Power (W) | Inv12- AC Consumption - Energy (Wh) | Inv12- AC Consumption - Power (W) | Inv13- AC Production - Energy (Wh) | Inv13- AC Production - Power (W) | Inv13- AC Consumption - Energy (Wh) | Inv13- AC Consumption - Power (W) | Inv14- AC Production - Energy (Wh) | Inv14- AC Production - Power (W) | Inv14- AC Consumption - Energy (Wh) | Inv14- AC Consumption - Power (W) | Inv15- AC Production - Energy (Wh) | Inv15- AC Production - Power (W) | Inv15- AC Consumption - Energy (Wh) | Inv15- AC Consumption - Power (W) | Inv16- AC Production - Energy (Wh) | Inv16- AC Production - Power (W) | Inv16- AC Consumption - Energy (Wh) | Inv16- AC Consumption - Power (W) | Inv17- AC Production - Energy (Wh) | Inv17- AC Production - Power (W) | Inv17- AC Consumption - Energy (Wh) | Inv17- AC Consumption - Power (W) | Inv18- AC Production - Energy (Wh) | Inv18- AC Production - Power (W) | Inv18- AC Consumption - Energy (Wh) | Inv18- AC Consumption - Power (W) | Inv19- AC Production - Energy (Wh) | Inv19- AC Production - Power (W) | Inv19- AC Consumption - Energy (Wh) | Inv19- AC Consumption - Power (W) | Inv20- AC Production - Energy (Wh) | Inv20- AC Production - Power (W) | Inv20- AC Consumption - Energy (Wh) | Inv20- AC Consumption - Power (W) | Inv21- AC Production - Energy (Wh) | Inv21- AC Production - Power (W) | Inv21- AC Consumption - Energy (Wh) | Inv21- AC Consumption - Power (W) | Inv22- AC Production - Energy (Wh) | Inv22- AC Production - Power (W) | Inv22- AC Consumption - Energy (Wh) | Inv22- AC Consumption - Power (W) | Inv23- AC Production - Energy (Wh) | Inv23- AC Production - Power (W) | Inv23- AC Consumption - Energy (Wh) | Inv23- AC Consumption - Power (W) | Inv24- AC Production - Energy (Wh) | Inv24- AC Production - Power (W) | Inv24- AC Consumption - Energy (Wh) | Inv24- AC Consumption - Power (W) | Inv25- AC Production - Energy (Wh) | Inv25- AC Production - Power (W) | Inv25- AC Consumption - Energy (Wh) | Inv25- AC Consumption - Power (W) | Inv26- AC Production - Energy (Wh) | Inv26- AC Production - Power (W) | Inv26- AC Consumption - Energy (Wh) | Inv26- AC Consumption - Power (W),2016,2016,0,"%m/%d/%y, %I:%M %p:2016",2024-02-10 00:00:00,2024-02-16 23:55:00,5 minutes,OK,,PV/production,PV/production markers,
data/raw/Data to be used/Data to be used/Power/Weekly Data/AC_power_energy/2024/Chart AC_power_Energy_2024_week_9 01_31_2025 01_48 PM.csv,509335,.csv,54bfa5117dc51b98197a56e716a6c9107b570297b61ac65ce1360624cdba38c2,Time | Inv1- AC Production - Energy (Wh) | Inv1- AC Production - Power (W) | Inv1- AC Consumption - Energy (Wh) | Inv1- AC Consumption - Power (W) | Inv2- AC Production - Energy (Wh) | Inv2- AC Production - Power (W) | Inv2- AC Consumption - Energy (Wh) | Inv2- AC Consumption - Power (W) | Inv3- AC Production - Energy (Wh) | Inv3- AC Production - Power (W) | Inv3- AC Consumption - Energy (Wh) | Inv3- AC Consumption - Power (W) | Inv4- AC Production - Energy (Wh) | Inv4- AC Production - Power (W) | Inv4- AC Consumption - Energy (Wh) | Inv4- AC Consumption - Power (W) | Inv5- AC Production - Energy (Wh) | Inv5- AC Production - Power (W) | Inv5- AC Consumption - Energy (Wh) | Inv5- AC Consumption - Power (W) | Inv6- AC Production - Energy (Wh) | Inv6- AC Production - Power (W) | Inv6- AC Consumption - Energy (Wh) | Inv6- AC Consumption - Power (W) | Inv7- AC Production - Energy (Wh) | Inv7- AC Production - Power (W) | Inv7- AC Consumption - Energy (Wh) | Inv7- AC Consumption - Power (W) | Inv8- AC Production - Energy (Wh) | Inv8- AC Production - Power (W) | Inv8- AC Consumption - Energy (Wh) | Inv8- AC Consumption - Power (W) | Inv9- AC Production - Energy (Wh) | Inv9- AC Production - Power (W) | Inv9- AC Consumption - Energy (Wh) | Inv9- AC Consumption - Power (W) | Inv10- AC Production - Energy (Wh) | Inv10- AC Production - Power (W) | Inv10- AC Consumption - Energy (Wh) | Inv10- AC Consumption - Power (W) | Inv11- AC Production - Energy (Wh) | Inv11- AC Production - Power (W) | Inv11- AC Consumption - Energy (Wh) | Inv11- AC Consumption - Power (W) | Inv12- AC Production - Energy (Wh) | Inv12- AC Production - Power (W) | Inv12- AC Consumption - Energy (Wh) | Inv12- AC Consumption - Power (W) | Inv13- AC Production - Energy (Wh) | Inv13- AC Production - Power (W) | Inv13- AC Consumption - Energy (Wh) | Inv13- AC Consumption - Power (W) | Inv14- AC Production - Energy (Wh) | Inv14- AC Production - Power (W) | Inv14- AC Consumption - Energy (Wh) | Inv14- AC Consumption - Power (W) | Inv15- AC Production - Energy (Wh) | Inv15- AC Production - Power (W) | Inv15- AC Consumption - Energy (Wh) | Inv15- AC Consumption - Power (W) | Inv16- AC Production - Energy (Wh) | Inv16- AC Production - Power (W) | Inv16- AC Consumption - Energy (Wh) | Inv16- AC Consumption - Power (W) | Inv17- AC Production - Energy (Wh) | Inv17- AC Production - Power (W) | Inv17- AC Consumption - Energy (Wh) | Inv17- AC Consumption - Power (W) | Inv18- AC Production - Energy (Wh) | Inv18- AC Production - Power (W) | Inv18- AC Consumption - Energy (Wh) | Inv18- AC Consumption - Power (W) | Inv19- AC Production - Energy (Wh) | Inv19- AC Production - Power (W) | Inv19- AC Consumption - Energy (Wh) | Inv19- AC Consumption - Power (W) | Inv20- AC Production - Energy (Wh) | Inv20- AC Production - Power (W) | Inv20- AC Consumption - Energy (Wh) | Inv20- AC Consumption - Power (W) | Inv21- AC Production - Energy (Wh) | Inv21- AC Production - Power (W) | Inv21- AC Consumption - Energy (Wh) | Inv21- AC Consumption - Power (W) | Inv22- AC Production - Energy (Wh) | Inv22- AC Production - Power (W) | Inv22- AC Consumption - Energy (Wh) | Inv22- AC Consumption - Power (W) | Inv23- AC Production - Energy (Wh) | Inv23- AC Production - Power (W) | Inv23- AC Consumption - Energy (Wh) | Inv23- AC Consumption - Power (W) | Inv24- AC Production - Energy (Wh) | Inv24- AC Production - Power (W) | Inv24- AC Consumption - Energy (Wh) | Inv24- AC Consumption - Power (W) | Inv25- AC Production - Energy (Wh) | Inv25- AC Production - Power (W) | Inv25- AC Consumption - Energy (Wh) | Inv25- AC Consumption - Power (W) | Inv26- AC Production - Energy (Wh) | Inv26- AC Production - Power (W) | Inv26- AC Consumption - Energy (Wh) | Inv26- AC Consumption - Power (W),2016,2016,0,"%m/%d/%y, %I:%M %p:2016",2024-02-17 00:00:00,2024-02-23 23:55:00,5 minutes,OK,,PV/production,PV/production markers,
data/raw/Data to be used/Data to be used/Power/Weekly Data/AC_power_energy/2024/Chart AC_power_energy_2025_week-1 01_31_2025 01_42 PM.csv,604614,.csv,81f608946ab3b3adafb256b4cc9abab0bd856be74a0c544f25cb4244bebfeac3,Time | Inv1- AC Production - Energy (Wh) | Inv1- AC Production - Power (W) | Inv1- AC Consumption - Energy (Wh) | Inv1- AC Consumption - Power (W) | Inv2- AC Production - Energy (Wh) | Inv2- AC Production - Power (W) | Inv2- AC Consumption - Energy (Wh) | Inv2- AC Consumption - Power (W) | Inv3- AC Production - Energy (Wh) | Inv3- AC Production - Power (W) | Inv3- AC Consumption - Energy (Wh) | Inv3- AC Consumption - Power (W) | Inv4- AC Production - Energy (Wh) | Inv4- AC Production - Power (W) | Inv4- AC Consumption - Energy (Wh) | Inv4- AC Consumption - Power (W) | Inv5- AC Production - Energy (Wh) | Inv5- AC Production - Power (W) | Inv5- AC Consumption - Energy (Wh) | Inv5- AC Consumption - Power (W) | Inv6- AC Production - Energy (Wh) | Inv6- AC Production - Power (W) | Inv6- AC Consumption - Energy (Wh) | Inv6- AC Consumption - Power (W) | Inv7- AC Production - Energy (Wh) | Inv7- AC Production - Power (W) | Inv7- AC Consumption - Energy (Wh) | Inv7- AC Consumption - Power (W) | Inv8- AC Production - Energy (Wh) | Inv8- AC Production - Power (W) | Inv8- AC Consumption - Energy (Wh) | Inv8- AC Consumption - Power (W) | Inv9- AC Production - Energy (Wh) | Inv9- AC Production - Power (W) | Inv9- AC Consumption - Energy (Wh) | Inv9- AC Consumption - Power (W) | Inv10- AC Production - Energy (Wh) | Inv10- AC Production - Power (W) | Inv10- AC Consumption - Energy (Wh) | Inv10- AC Consumption - Power (W) | Inv11- AC Production - Energy (Wh) | Inv11- AC Production - Power (W) | Inv11- AC Consumption - Energy (Wh) | Inv11- AC Consumption - Power (W) | Inv12- AC Production - Energy (Wh) | Inv12- AC Production - Power (W) | Inv12- AC Consumption - Energy (Wh) | Inv12- AC Consumption - Power (W) | Inv13- AC Production - Energy (Wh) | Inv13- AC Production - Power (W) | Inv13- AC Consumption - Energy (Wh) | Inv13- AC Consumption - Power (W) | Inv14- AC Production - Energy (Wh) | Inv14- AC Production - Power (W) | Inv14- AC Consumption - Energy (Wh) | Inv14- AC Consumption - Power (W) | Inv15- AC Production - Energy (Wh) | Inv15- AC Production - Power (W) | Inv15- AC Consumption - Energy (Wh) | Inv15- AC Consumption - Power (W) | Inv16- AC Production - Energy (Wh) | Inv16- AC Production - Power (W) | Inv16- AC Consumption - Energy (Wh) | Inv16- AC Consumption - Power (W) | Inv17- AC Production - Energy (Wh) | Inv17- AC Production - Power (W) | Inv17- AC Consumption - Energy (Wh) | Inv17- AC Consumption - Power (W) | Inv18- AC Production - Energy (Wh) | Inv18- AC Production - Power (W) | Inv18- AC Consumption - Energy (Wh) | Inv18- AC Consumption - Power (W) | Inv19- AC Production - Energy (Wh) | Inv19- AC Production - Power (W) | Inv19- AC Consumption - Energy (Wh) | Inv19- AC Consumption - Power (W) | Inv20- AC Production - Energy (Wh) | Inv20- AC Production - Power (W) | Inv20- AC Consumption - Energy (Wh) | Inv20- AC Consumption - Power (W) | Inv21- AC Production - Energy (Wh) | Inv21- AC Production - Power (W) | Inv21- AC Consumption - Energy (Wh) | Inv21- AC Consumption - Power (W) | Inv22- AC Production - Energy (Wh) | Inv22- AC Production - Power (W) | Inv22- AC Consumption - Energy (Wh) | Inv22- AC Consumption - Power (W) | Inv23- AC Production - Energy (Wh) | Inv23- AC Production - Power (W) | Inv23- AC Consumption - Energy (Wh) | Inv23- AC Consumption - Power (W) | Inv24- AC Production - Energy (Wh) | Inv24- AC Production - Power (W) | Inv24- AC Consumption - Energy (Wh) | Inv24- AC Consumption - Power (W) | Inv25- AC Production - Energy (Wh) | Inv25- AC Production - Power (W) | Inv25- AC Consumption - Energy (Wh) | Inv25- AC Consumption - Power (W) | Inv26- AC Production - Energy (Wh) | Inv26- AC Production - Power (W) | Inv26- AC Consumption - Energy (Wh) | Inv26- AC Consumption - Power (W),2016,2016,0,"%m/%d/%y, %I:%M %p:2016",2024-12-28 00:00:00,2025-01-03 23:55:00,5 minutes,OK,,PV/production,PV/production markers,EXACT_DUPLICATE_OF=data/raw/Data to be used/Data to be used/Power/Weekly Data/AC_power_energy/2024/Chart AC_power_Energy_2024_week_53 01_31_2025 02_15 PM.csv
data/raw/Data to be used/Data to be used/Power/Weekly Data/AC_power_energy/2024/Chart Dec_week5_jan_Week_1_2024_5_AC Power_Energy 01_31_2025 12_06 PM (1).csv,60012,.csv,51ef039b1c53ed7940998102aad026ff0426b4b4cb45bca7d99c93b74f7a190d,Time | String 1.0- Production - Energy (Wh) | Inv1- AC Production - Energy (Wh) | Inv1- AC Production - Power (W) | Inv1- AC Consumption - Energy (Wh) | Inv1- AC Consumption - Power (W) | Inv2- AC Production - Energy (Wh) | Inv2- AC Production - Power (W) | Inv2- AC Consumption - Energy (Wh) | Inv2- AC Consumption - Power (W) | Inv3- AC Production - Energy (Wh) | Inv3- AC Production - Power (W) | Inv3- AC Consumption - Energy (Wh) | Inv3- AC Consumption - Power (W) | Inv4- AC Production - Energy (Wh) | Inv4- AC Production - Power (W) | Inv4- AC Consumption - Energy (Wh) | Inv4- AC Consumption - Power (W) | Inv5- AC Production - Energy (Wh) | Inv5- AC Production - Power (W) | Inv5- AC Consumption - Energy (Wh) | Inv5- AC Consumption - Power (W) | Inv6- AC Production - Energy (Wh) | Inv6- AC Production - Power (W) | Inv6- AC Consumption - Energy (Wh) | Inv6- AC Consumption - Power (W) | Inv7- AC Production - Energy (Wh) | Inv7- AC Production - Power (W) | Inv7- AC Consumption - Energy (Wh) | Inv7- AC Consumption - Power (W) | Inv8- AC Production - Energy (Wh) | Inv8- AC Production - Power (W) | Inv8- AC Consumption - Energy (Wh) | Inv8- AC Consumption - Power (W) | Inv9- AC Production - Energy (Wh) | Inv9- AC Production - Power (W) | Inv9- AC Consumption - Energy (Wh) | Inv9- AC Consumption - Power (W) | Inv10- AC Production - Energy (Wh) | Inv10- AC Production - Power (W) | Inv10- AC Consumption - Energy (Wh) | Inv10- AC Consumption - Power (W) | Inv11- AC Production - Energy (Wh) | Inv11- AC Production - Power (W) | Inv11- AC Consumption - Energy (Wh) | Inv11- AC Consumption - Power (W) | Inv12- AC Production - Energy (Wh) | Inv12- AC Production - Power (W) | Inv12- AC Consumption - Energy (Wh) | Inv12- AC Consumption - Power (W) | Inv13- AC Production - Energy (Wh) | Inv13- AC Production - Power (W) | Inv13- AC Consumption - Energy (Wh) | Inv13- AC Consumption - Power (W) | Inv14- AC Production - Energy (Wh) | Inv14- AC Production - Power (W) | Inv14- AC Consumption - Energy (Wh) | Inv14- AC Consumption - Power (W) | Inv15- AC Production - Energy (Wh) | Inv15- AC Production - Power (W) | Inv15- AC Consumption - Energy (Wh) | Inv15- AC Consumption - Power (W) | Inv16- AC Production - Energy (Wh) | Inv16- AC Production - Power (W) | Inv16- AC Consumption - Energy (Wh) | Inv16- AC Consumption - Power (W) | Inv17- AC Production - Energy (Wh) | Inv17- AC Production - Power (W) | Inv17- AC Consumption - Energy (Wh) | Inv17- AC Consumption - Power (W) | Inv18- AC Production - Energy (Wh) | Inv18- AC Production - Power (W) | Inv18- AC Consumption - Energy (Wh) | Inv18- AC Consumption - Power (W) | Inv19- AC Production - Energy (Wh) | Inv19- AC Production - Power (W) | Inv19- AC Consumption - Energy (Wh) | Inv19- AC Consumption - Power (W) | Inv20- AC Production - Energy (Wh) | Inv20- AC Production - Power (W) | Inv20- AC Consumption - Energy (Wh) | Inv20- AC Consumption - Power (W) | Inv21- AC Production - Energy (Wh) | Inv21- AC Production - Power (W) | Inv21- AC Consumption - Energy (Wh) | Inv21- AC Consumption - Power (W) | Inv22- AC Production - Energy (Wh) | Inv22- AC Production - Power (W) | Inv22- AC Consumption - Energy (Wh) | Inv22- AC Consumption - Power (W) | Inv23- AC Production - Energy (Wh) | Inv23- AC Production - Power (W) | Inv23- AC Consumption - Energy (Wh) | Inv23- AC Consumption - Power (W) | Inv24- AC Production - Energy (Wh) | Inv24- AC Production - Power (W) | Inv24- AC Consumption - Energy (Wh) | Inv24- AC Consumption - Power (W) | Inv25- AC Production - Energy (Wh) | Inv25- AC Production - Power (W) | Inv25- AC Consumption - Energy (Wh) | Inv25- AC Consumption - Power (W) | Inv26- AC Production - Energy (Wh) | Inv26- AC Production - Power (W) | Inv26- AC Consumption - Energy (Wh) | Inv26- AC Consumption - Power (W),168,168,0,"%m/%d/%y, %I:%M %p:168",2024-12-28 00:00:00,2025-01-03 23:00:00,60 minutes,OK,,PV/production,PV/production markers,
data/raw/Data to be used/Data to be used/Power/Weekly Data/AC_power_energy/2024/Chart Dec_week5_jan_Week_1_2024_5_AC Power_Energy 01_31_2025 12_06 PM.csv,60012,.csv,51ef039b1c53ed7940998102aad026ff0426b4b4cb45bca7d99c93b74f7a190d,Time | String 1.0- Production - Energy (Wh) | Inv1- AC Production - Energy (Wh) | Inv1- AC Production - Power (W) | Inv1- AC Consumption - Energy (Wh) | Inv1- AC Consumption - Power (W) | Inv2- AC Production - Energy (Wh) | Inv2- AC Production - Power (W) | Inv2- AC Consumption - Energy (Wh) | Inv2- AC Consumption - Power (W) | Inv3- AC Production - Energy (Wh) | Inv3- AC Production - Power (W) | Inv3- AC Consumption - Energy (Wh) | Inv3- AC Consumption - Power (W) | Inv4- AC Production - Energy (Wh) | Inv4- AC Production - Power (W) | Inv4- AC Consumption - Energy (Wh) | Inv4- AC Consumption - Power (W) | Inv5- AC Production - Energy (Wh) | Inv5- AC Production - Power (W) | Inv5- AC Consumption - Energy (Wh) | Inv5- AC Consumption - Power (W) | Inv6- AC Production - Energy (Wh) | Inv6- AC Production - Power (W) | Inv6- AC Consumption - Energy (Wh) | Inv6- AC Consumption - Power (W) | Inv7- AC Production - Energy (Wh) | Inv7- AC Production - Power (W) | Inv7- AC Consumption - Energy (Wh) | Inv7- AC Consumption - Power (W) | Inv8- AC Production - Energy (Wh) | Inv8- AC Production - Power (W) | Inv8- AC Consumption - Energy (Wh) | Inv8- AC Consumption - Power (W) | Inv9- AC Production - Energy (Wh) | Inv9- AC Production - Power (W) | Inv9- AC Consumption - Energy (Wh) | Inv9- AC Consumption - Power (W) | Inv10- AC Production - Energy (Wh) | Inv10- AC Production - Power (W) | Inv10- AC Consumption - Energy (Wh) | Inv10- AC Consumption - Power (W) | Inv11- AC Production - Energy (Wh) | Inv11- AC Production - Power (W) | Inv11- AC Consumption - Energy (Wh) | Inv11- AC Consumption - Power (W) | Inv12- AC Production - Energy (Wh) | Inv12- AC Production - Power (W) | Inv12- AC Consumption - Energy (Wh) | Inv12- AC Consumption - Power (W) | Inv13- AC Production - Energy (Wh) | Inv13- AC Production - Power (W) | Inv13- AC Consumption - Energy (Wh) | Inv13- AC Consumption - Power (W) | Inv14- AC Production - Energy (Wh) | Inv14- AC Production - Power (W) | Inv14- AC Consumption - Energy (Wh) | Inv14- AC Consumption - Power (W) | Inv15- AC Production - Energy (Wh) | Inv15- AC Production - Power (W) | Inv15- AC Consumption - Energy (Wh) | Inv15- AC Consumption - Power (W) | Inv16- AC Production - Energy (Wh) | Inv16- AC Production - Power (W) | Inv16- AC Consumption - Energy (Wh) | Inv16- AC Consumption - Power (W) | Inv17- AC Production - Energy (Wh) | Inv17- AC Production - Power (W) | Inv17- AC Consumption - Energy (Wh) | Inv17- AC Consumption - Power (W) | Inv18- AC Production - Energy (Wh) | Inv18- AC Production - Power (W) | Inv18- AC Consumption - Energy (Wh) | Inv18- AC Consumption - Power (W) | Inv19- AC Production - Energy (Wh) | Inv19- AC Production - Power (W) | Inv19- AC Consumption - Energy (Wh) | Inv19- AC Consumption - Power (W) | Inv20- AC Production - Energy (Wh) | Inv20- AC Production - Power (W) | Inv20- AC Consumption - Energy (Wh) | Inv20- AC Consumption - Power (W) | Inv21- AC Production - Energy (Wh) | Inv21- AC Production - Power (W) | Inv21- AC Consumption - Energy (Wh) | Inv21- AC Consumption - Power (W) | Inv22- AC Production - Energy (Wh) | Inv22- AC Production - Power (W) | Inv22- AC Consumption - Energy (Wh) | Inv22- AC Consumption - Power (W) | Inv23- AC Production - Energy (Wh) | Inv23- AC Production - Power (W) | Inv23- AC Consumption - Energy (Wh) | Inv23- AC Consumption - Power (W) | Inv24- AC Production - Energy (Wh) | Inv24- AC Production - Power (W) | Inv24- AC Consumption - Energy (Wh) | Inv24- AC Consumption - Power (W) | Inv25- AC Production - Energy (Wh) | Inv25- AC Production - Power (W) | Inv25- AC Consumption - Energy (Wh) | Inv25- AC Consumption - Power (W) | Inv26- AC Production - Energy (Wh) | Inv26- AC Production - Power (W) | Inv26- AC Consumption - Energy (Wh) | Inv26- AC Consumption - Power (W),168,168,0,"%m/%d/%y, %I:%M %p:168",2024-12-28 00:00:00,2025-01-03 23:00:00,60 minutes,OK,,PV/production,PV/production markers,EXACT_DUPLICATE_OF=data/raw/Data to be used/Data to be used/Power/Weekly Data/AC_power_energy/2024/Chart Dec_week5_jan_Week_1_2024_5_AC Power_Energy 01_31_2025 12_06 PM (1).csv
data/raw/Data to be used/Data to be used/Power/Weekly Data/AC_power_energy/2025/Chart AC_power_energy_2025_week-1 01_31_2025 01_42 PM.csv,604614,.csv,81f608946ab3b3adafb256b4cc9abab0bd856be74a0c544f25cb4244bebfeac3,Time | Inv1- AC Production - Energy (Wh) | Inv1- AC Production - Power (W) | Inv1- AC Consumption - Energy (Wh) | Inv1- AC Consumption - Power (W) | Inv2- AC Production - Energy (Wh) | Inv2- AC Production - Power (W) | Inv2- AC Consumption - Energy (Wh) | Inv2- AC Consumption - Power (W) | Inv3- AC Production - Energy (Wh) | Inv3- AC Production - Power (W) | Inv3- AC Consumption - Energy (Wh) | Inv3- AC Consumption - Power (W) | Inv4- AC Production - Energy (Wh) | Inv4- AC Production - Power (W) | Inv4- AC Consumption - Energy (Wh) | Inv4- AC Consumption - Power (W) | Inv5- AC Production - Energy (Wh) | Inv5- AC Production - Power (W) | Inv5- AC Consumption - Energy (Wh) | Inv5- AC Consumption - Power (W) | Inv6- AC Production - Energy (Wh) | Inv6- AC Production - Power (W) | Inv6- AC Consumption - Energy (Wh) | Inv6- AC Consumption - Power (W) | Inv7- AC Production - Energy (Wh) | Inv7- AC Production - Power (W) | Inv7- AC Consumption - Energy (Wh) | Inv7- AC Consumption - Power (W) | Inv8- AC Production - Energy (Wh) | Inv8- AC Production - Power (W) | Inv8- AC Consumption - Energy (Wh) | Inv8- AC Consumption - Power (W) | Inv9- AC Production - Energy (Wh) | Inv9- AC Production - Power (W) | Inv9- AC Consumption - Energy (Wh) | Inv9- AC Consumption - Power (W) | Inv10- AC Production - Energy (Wh) | Inv10- AC Production - Power (W) | Inv10- AC Consumption - Energy (Wh) | Inv10- AC Consumption - Power (W) | Inv11- AC Production - Energy (Wh) | Inv11- AC Production - Power (W) | Inv11- AC Consumption - Energy (Wh) | Inv11- AC Consumption - Power (W) | Inv12- AC Production - Energy (Wh) | Inv12- AC Production - Power (W) | Inv12- AC Consumption - Energy (Wh) | Inv12- AC Consumption - Power (W) | Inv13- AC Production - Energy (Wh) | Inv13- AC Production - Power (W) | Inv13- AC Consumption - Energy (Wh) | Inv13- AC Consumption - Power (W) | Inv14- AC Production - Energy (Wh) | Inv14- AC Production - Power (W) | Inv14- AC Consumption - Energy (Wh) | Inv14- AC Consumption - Power (W) | Inv15- AC Production - Energy (Wh) | Inv15- AC Production - Power (W) | Inv15- AC Consumption - Energy (Wh) | Inv15- AC Consumption - Power (W) | Inv16- AC Production - Energy (Wh) | Inv16- AC Production - Power (W) | Inv16- AC Consumption - Energy (Wh) | Inv16- AC Consumption - Power (W) | Inv17- AC Production - Energy (Wh) | Inv17- AC Production - Power (W) | Inv17- AC Consumption - Energy (Wh) | Inv17- AC Consumption - Power (W) | Inv18- AC Production - Energy (Wh) | Inv18- AC Production - Power (W) | Inv18- AC Consumption - Energy (Wh) | Inv18- AC Consumption - Power (W) | Inv19- AC Production - Energy (Wh) | Inv19- AC Production - Power (W) | Inv19- AC Consumption - Energy (Wh) | Inv19- AC Consumption - Power (W) | Inv20- AC Production - Energy (Wh) | Inv20- AC Production - Power (W) | Inv20- AC Consumption - Energy (Wh) | Inv20- AC Consumption - Power (W) | Inv21- AC Production - Energy (Wh) | Inv21- AC Production - Power (W) | Inv21- AC Consumption - Energy (Wh) | Inv21- AC Consumption - Power (W) | Inv22- AC Production - Energy (Wh) | Inv22- AC Production - Power (W) | Inv22- AC Consumption - Energy (Wh) | Inv22- AC Consumption - Power (W) | Inv23- AC Production - Energy (Wh) | Inv23- AC Production - Power (W) | Inv23- AC Consumption - Energy (Wh) | Inv23- AC Consumption - Power (W) | Inv24- AC Production - Energy (Wh) | Inv24- AC Production - Power (W) | Inv24- AC Consumption - Energy (Wh) | Inv24- AC Consumption - Power (W) | Inv25- AC Production - Energy (Wh) | Inv25- AC Production - Power (W) | Inv25- AC Consumption - Energy (Wh) | Inv25- AC Consumption - Power (W) | Inv26- AC Production - Energy (Wh) | Inv26- AC Production - Power (W) | Inv26- AC Consumption - Energy (Wh) | Inv26- AC Consumption - Power (W),2016,2016,0,"%m/%d/%y, %I:%M %p:2016",2024-12-28 00:00:00,2025-01-03 23:55:00,5 minutes,OK,,PV/production,PV/production markers,EXACT_DUPLICATE_OF=data/raw/Data to be used/Data to be used/Power/Weekly Data/AC_power_energy/2024/Chart AC_power_Energy_2024_week_53 01_31_2025 02_15 PM.csv
data/raw/Data to be used/Data to be used/Power/Weekly Data/AC_power_energy/2025/Chart AC_power_Energy_2025_Week2 01_31_2025 01_39 PM (1).csv,600416,.csv,0ecbfd71b2c910d9468b8de9aef448b6b40e48b4aaf252a1d5804cc0113e71af,Time | Inv1- AC Production - Energy (Wh) | Inv1- AC Production - Power (W) | Inv1- AC Consumption - Energy (Wh) | Inv1- AC Consumption - Power (W) | Inv2- AC Production - Energy (Wh) | Inv2- AC Production - Power (W) | Inv2- AC Consumption - Energy (Wh) | Inv2- AC Consumption - Power (W) | Inv3- AC Production - Energy (Wh) | Inv3- AC Production - Power (W) | Inv3- AC Consumption - Energy (Wh) | Inv3- AC Consumption - Power (W) | Inv4- AC Production - Energy (Wh) | Inv4- AC Production - Power (W) | Inv4- AC Consumption - Energy (Wh) | Inv4- AC Consumption - Power (W) | Inv5- AC Production - Energy (Wh) | Inv5- AC Production - Power (W) | Inv5- AC Consumption - Energy (Wh) | Inv5- AC Consumption - Power (W) | Inv6- AC Production - Energy (Wh) | Inv6- AC Production - Power (W) | Inv6- AC Consumption - Energy (Wh) | Inv6- AC Consumption - Power (W) | Inv7- AC Production - Energy (Wh) | Inv7- AC Production - Power (W) | Inv7- AC Consumption - Energy (Wh) | Inv7- AC Consumption - Power (W) | Inv8- AC Production - Energy (Wh) | Inv8- AC Production - Power (W) | Inv8- AC Consumption - Energy (Wh) | Inv8- AC Consumption - Power (W) | Inv9- AC Production - Energy (Wh) | Inv9- AC Production - Power (W) | Inv9- AC Consumption - Energy (Wh) | Inv9- AC Consumption - Power (W) | Inv10- AC Production - Energy (Wh) | Inv10- AC Production - Power (W) | Inv10- AC Consumption - Energy (Wh) | Inv10- AC Consumption - Power (W) | Inv11- AC Production - Energy (Wh) | Inv11- AC Production - Power (W) | Inv11- AC Consumption - Energy (Wh) | Inv11- AC Consumption - Power (W) | Inv12- AC Production - Energy (Wh) | Inv12- AC Production - Power (W) | Inv12- AC Consumption - Energy (Wh) | Inv12- AC Consumption - Power (W) | Inv13- AC Production - Energy (Wh) | Inv13- AC Production - Power (W) | Inv13- AC Consumption - Energy (Wh) | Inv13- AC Consumption - Power (W) | Inv14- AC Production - Energy (Wh) | Inv14- AC Production - Power (W) | Inv14- AC Consumption - Energy (Wh) | Inv14- AC Consumption - Power (W) | Inv15- AC Production - Energy (Wh) | Inv15- AC Production - Power (W) | Inv15- AC Consumption - Energy (Wh) | Inv15- AC Consumption - Power (W) | Inv16- AC Production - Energy (Wh) | Inv16- AC Production - Power (W) | Inv16- AC Consumption - Energy (Wh) | Inv16- AC Consumption - Power (W) | Inv17- AC Production - Energy (Wh) | Inv17- AC Production - Power (W) | Inv17- AC Consumption - Energy (Wh) | Inv17- AC Consumption - Power (W) | Inv18- AC Production - Energy (Wh) | Inv18- AC Production - Power (W) | Inv18- AC Consumption - Energy (Wh) | Inv18- AC Consumption - Power (W) | Inv19- AC Production - Energy (Wh) | Inv19- AC Production - Power (W) | Inv19- AC Consumption - Energy (Wh) | Inv19- AC Consumption - Power (W) | Inv20- AC Production - Energy (Wh) | Inv20- AC Production - Power (W) | Inv20- AC Consumption - Energy (Wh) | Inv20- AC Consumption - Power (W) | Inv21- AC Production - Energy (Wh) | Inv21- AC Production - Power (W) | Inv21- AC Consumption - Energy (Wh) | Inv21- AC Consumption - Power (W) | Inv22- AC Production - Energy (Wh) | Inv22- AC Production - Power (W) | Inv22- AC Consumption - Energy (Wh) | Inv22- AC Consumption - Power (W) | Inv23- AC Production - Energy (Wh) | Inv23- AC Production - Power (W) | Inv23- AC Consumption - Energy (Wh) | Inv23- AC Consumption - Power (W) | Inv24- AC Production - Energy (Wh) | Inv24- AC Production - Power (W) | Inv24- AC Consumption - Energy (Wh) | Inv24- AC Consumption - Power (W) | Inv25- AC Production - Energy (Wh) | Inv25- AC Production - Power (W) | Inv25- AC Consumption - Energy (Wh) | Inv25- AC Consumption - Power (W) | Inv26- AC Production - Energy (Wh) | Inv26- AC Production - Power (W) | Inv26- AC Consumption - Energy (Wh) | Inv26- AC Consumption - Power (W),2016,2016,0,"%m/%d/%y, %I:%M %p:2016",2025-01-04 00:00:00,2025-01-10 23:55:00,5 minutes,OK,,PV/production,PV/production markers,
data/raw/Data to be used/Data to be used/Power/Weekly Data/AC_power_energy/2025/Chart AC_power_Energy_2025_Week3 01_31_2025 01_39 PM.csv,603296,.csv,2c2c4f4656d28fe0cf432850a265d3e33e552227580d11b632180e7919980e55,Time | Inv1- AC Production - Energy (Wh) | Inv1- AC Production - Power (W) | Inv1- AC Consumption - Energy (Wh) | Inv1- AC Consumption - Power (W) | Inv2- AC Production - Energy (Wh) | Inv2- AC Production - Power (W) | Inv2- AC Consumption - Energy (Wh) | Inv2- AC Consumption - Power (W) | Inv3- AC Production - Energy (Wh) | Inv3- AC Production - Power (W) | Inv3- AC Consumption - Energy (Wh) | Inv3- AC Consumption - Power (W) | Inv4- AC Production - Energy (Wh) | Inv4- AC Production - Power (W) | Inv4- AC Consumption - Energy (Wh) | Inv4- AC Consumption - Power (W) | Inv5- AC Production - Energy (Wh) | Inv5- AC Production - Power (W) | Inv5- AC Consumption - Energy (Wh) | Inv5- AC Consumption - Power (W) | Inv6- AC Production - Energy (Wh) | Inv6- AC Production - Power (W) | Inv6- AC Consumption - Energy (Wh) | Inv6- AC Consumption - Power (W) | Inv7- AC Production - Energy (Wh) | Inv7- AC Production - Power (W) | Inv7- AC Consumption - Energy (Wh) | Inv7- AC Consumption - Power (W) | Inv8- AC Production - Energy (Wh) | Inv8- AC Production - Power (W) | Inv8- AC Consumption - Energy (Wh) | Inv8- AC Consumption - Power (W) | Inv9- AC Production - Energy (Wh) | Inv9- AC Production - Power (W) | Inv9- AC Consumption - Energy (Wh) | Inv9- AC Consumption - Power (W) | Inv10- AC Production - Energy (Wh) | Inv10- AC Production - Power (W) | Inv10- AC Consumption - Energy (Wh) | Inv10- AC Consumption - Power (W) | Inv11- AC Production - Energy (Wh) | Inv11- AC Production - Power (W) | Inv11- AC Consumption - Energy (Wh) | Inv11- AC Consumption - Power (W) | Inv12- AC Production - Energy (Wh) | Inv12- AC Production - Power (W) | Inv12- AC Consumption - Energy (Wh) | Inv12- AC Consumption - Power (W) | Inv13- AC Production - Energy (Wh) | Inv13- AC Production - Power (W) | Inv13- AC Consumption - Energy (Wh) | Inv13- AC Consumption - Power (W) | Inv14- AC Production - Energy (Wh) | Inv14- AC Production - Power (W) | Inv14- AC Consumption - Energy (Wh) | Inv14- AC Consumption - Power (W) | Inv15- AC Production - Energy (Wh) | Inv15- AC Production - Power (W) | Inv15- AC Consumption - Energy (Wh) | Inv15- AC Consumption - Power (W) | Inv16- AC Production - Energy (Wh) | Inv16- AC Production - Power (W) | Inv16- AC Consumption - Energy (Wh) | Inv16- AC Consumption - Power (W) | Inv17- AC Production - Energy (Wh) | Inv17- AC Production - Power (W) | Inv17- AC Consumption - Energy (Wh) | Inv17- AC Consumption - Power (W) | Inv18- AC Production - Energy (Wh) | Inv18- AC Production - Power (W) | Inv18- AC Consumption - Energy (Wh) | Inv18- AC Consumption - Power (W) | Inv19- AC Production - Energy (Wh) | Inv19- AC Production - Power (W) | Inv19- AC Consumption - Energy (Wh) | Inv19- AC Consumption - Power (W) | Inv20- AC Production - Energy (Wh) | Inv20- AC Production - Power (W) | Inv20- AC Consumption - Energy (Wh) | Inv20- AC Consumption - Power (W) | Inv21- AC Production - Energy (Wh) | Inv21- AC Production - Power (W) | Inv21- AC Consumption - Energy (Wh) | Inv21- AC Consumption - Power (W) | Inv22- AC Production - Energy (Wh) | Inv22- AC Production - Power (W) | Inv22- AC Consumption - Energy (Wh) | Inv22- AC Consumption - Power (W) | Inv23- AC Production - Energy (Wh) | Inv23- AC Production - Power (W) | Inv23- AC Consumption - Energy (Wh) | Inv23- AC Consumption - Power (W) | Inv24- AC Production - Energy (Wh) | Inv24- AC Production - Power (W) | Inv24- AC Consumption - Energy (Wh) | Inv24- AC Consumption - Power (W) | Inv25- AC Production - Energy (Wh) | Inv25- AC Production - Power (W) | Inv25- AC Consumption - Energy (Wh) | Inv25- AC Consumption - Power (W) | Inv26- AC Production - Energy (Wh) | Inv26- AC Production - Power (W) | Inv26- AC Consumption - Energy (Wh) | Inv26- AC Consumption - Power (W),2016,2016,0,"%m/%d/%y, %I:%M %p:2016",2025-01-11 00:00:00,2025-01-17 23:55:00,5 minutes,OK,,PV/production,PV/production markers,
data/raw/Data to be used/Data to be used/Power/Weekly Data/AC_power_energy/2025/Chart AC_power_Energy_2025_Week4 01_31_2025 01_38 PM.csv,603911,.csv,c1563079475edbaa535b57ae292da670f90523ba5bba1cae08d4d1db8e65fd69,Time | Inv1- AC Production - Energy (Wh) | Inv1- AC Production - Power (W) | Inv1- AC Consumption - Energy (Wh) | Inv1- AC Consumption - Power (W) | Inv2- AC Production - Energy (Wh) | Inv2- AC Production - Power (W) | Inv2- AC Consumption - Energy (Wh) | Inv2- AC Consumption - Power (W) | Inv3- AC Production - Energy (Wh) | Inv3- AC Production - Power (W) | Inv3- AC Consumption - Energy (Wh) | Inv3- AC Consumption - Power (W) | Inv4- AC Production - Energy (Wh) | Inv4- AC Production - Power (W) | Inv4- AC Consumption - Energy (Wh) | Inv4- AC Consumption - Power (W) | Inv5- AC Production - Energy (Wh) | Inv5- AC Production - Power (W) | Inv5- AC Consumption - Energy (Wh) | Inv5- AC Consumption - Power (W) | Inv6- AC Production - Energy (Wh) | Inv6- AC Production - Power (W) | Inv6- AC Consumption - Energy (Wh) | Inv6- AC Consumption - Power (W) | Inv7- AC Production - Energy (Wh) | Inv7- AC Production - Power (W) | Inv7- AC Consumption - Energy (Wh) | Inv7- AC Consumption - Power (W) | Inv8- AC Production - Energy (Wh) | Inv8- AC Production - Power (W) | Inv8- AC Consumption - Energy (Wh) | Inv8- AC Consumption - Power (W) | Inv9- AC Production - Energy (Wh) | Inv9- AC Production - Power (W) | Inv9- AC Consumption - Energy (Wh) | Inv9- AC Consumption - Power (W) | Inv10- AC Production - Energy (Wh) | Inv10- AC Production - Power (W) | Inv10- AC Consumption - Energy (Wh) | Inv10- AC Consumption - Power (W) | Inv11- AC Production - Energy (Wh) | Inv11- AC Production - Power (W) | Inv11- AC Consumption - Energy (Wh) | Inv11- AC Consumption - Power (W) | Inv12- AC Production - Energy (Wh) | Inv12- AC Production - Power (W) | Inv12- AC Consumption - Energy (Wh) | Inv12- AC Consumption - Power (W) | Inv13- AC Production - Energy (Wh) | Inv13- AC Production - Power (W) | Inv13- AC Consumption - Energy (Wh) | Inv13- AC Consumption - Power (W) | Inv14- AC Production - Energy (Wh) | Inv14- AC Production - Power (W) | Inv14- AC Consumption - Energy (Wh) | Inv14- AC Consumption - Power (W) | Inv15- AC Production - Energy (Wh) | Inv15- AC Production - Power (W) | Inv15- AC Consumption - Energy (Wh) | Inv15- AC Consumption - Power (W) | Inv16- AC Production - Energy (Wh) | Inv16- AC Production - Power (W) | Inv16- AC Consumption - Energy (Wh) | Inv16- AC Consumption - Power (W) | Inv17- AC Production - Energy (Wh) | Inv17- AC Production - Power (W) | Inv17- AC Consumption - Energy (Wh) | Inv17- AC Consumption - Power (W) | Inv18- AC Production - Energy (Wh) | Inv18- AC Production - Power (W) | Inv18- AC Consumption - Energy (Wh) | Inv18- AC Consumption - Power (W) | Inv19- AC Production - Energy (Wh) | Inv19- AC Production - Power (W) | Inv19- AC Consumption - Energy (Wh) | Inv19- AC Consumption - Power (W) | Inv20- AC Production - Energy (Wh) | Inv20- AC Production - Power (W) | Inv20- AC Consumption - Energy (Wh) | Inv20- AC Consumption - Power (W) | Inv21- AC Production - Energy (Wh) | Inv21- AC Production - Power (W) | Inv21- AC Consumption - Energy (Wh) | Inv21- AC Consumption - Power (W) | Inv22- AC Production - Energy (Wh) | Inv22- AC Production - Power (W) | Inv22- AC Consumption - Energy (Wh) | Inv22- AC Consumption - Power (W) | Inv23- AC Production - Energy (Wh) | Inv23- AC Production - Power (W) | Inv23- AC Consumption - Energy (Wh) | Inv23- AC Consumption - Power (W) | Inv24- AC Production - Energy (Wh) | Inv24- AC Production - Power (W) | Inv24- AC Consumption - Energy (Wh) | Inv24- AC Consumption - Power (W) | Inv25- AC Production - Energy (Wh) | Inv25- AC Production - Power (W) | Inv25- AC Consumption - Energy (Wh) | Inv25- AC Consumption - Power (W) | Inv26- AC Production - Energy (Wh) | Inv26- AC Production - Power (W) | Inv26- AC Consumption - Energy (Wh) | Inv26- AC Consumption - Power (W),2016,2016,0,"%m/%d/%y, %I:%M %p:2016",2025-01-18 00:00:00,2025-01-24 23:55:00,5 minutes,OK,,PV/production,PV/production markers,
data/raw/Data to be used/Data to be used/Power/Weekly Data/AC_power_energy/2025/Chart AC_power_Energy_2025_Week5 01_31_2025 01_38 PM.csv,556835,.csv,88669836f3a37e92dba0624da5b3921fb88299b7bd890a5755cc80330ca40fa0,Time | Inv1- AC Production - Energy (Wh) | Inv1- AC Production - Power (W) | Inv1- AC Consumption - Energy (Wh) | Inv1- AC Consumption - Power (W) | Inv2- AC Production - Energy (Wh) | Inv2- AC Production - Power (W) | Inv2- AC Consumption - Energy (Wh) | Inv2- AC Consumption - Power (W) | Inv3- AC Production - Energy (Wh) | Inv3- AC Production - Power (W) | Inv3- AC Consumption - Energy (Wh) | Inv3- AC Consumption - Power (W) | Inv4- AC Production - Energy (Wh) | Inv4- AC Production - Power (W) | Inv4- AC Consumption - Energy (Wh) | Inv4- AC Consumption - Power (W) | Inv5- AC Production - Energy (Wh) | Inv5- AC Production - Power (W) | Inv5- AC Consumption - Energy (Wh) | Inv5- AC Consumption - Power (W) | Inv6- AC Production - Energy (Wh) | Inv6- AC Production - Power (W) | Inv6- AC Consumption - Energy (Wh) | Inv6- AC Consumption - Power (W) | Inv7- AC Production - Energy (Wh) | Inv7- AC Production - Power (W) | Inv7- AC Consumption - Energy (Wh) | Inv7- AC Consumption - Power (W) | Inv8- AC Production - Energy (Wh) | Inv8- AC Production - Power (W) | Inv8- AC Consumption - Energy (Wh) | Inv8- AC Consumption - Power (W) | Inv9- AC Production - Energy (Wh) | Inv9- AC Production - Power (W) | Inv9- AC Consumption - Energy (Wh) | Inv9- AC Consumption - Power (W) | Inv10- AC Production - Energy (Wh) | Inv10- AC Production - Power (W) | Inv10- AC Consumption - Energy (Wh) | Inv10- AC Consumption - Power (W) | Inv11- AC Production - Energy (Wh) | Inv11- AC Production - Power (W) | Inv11- AC Consumption - Energy (Wh) | Inv11- AC Consumption - Power (W) | Inv12- AC Production - Energy (Wh) | Inv12- AC Production - Power (W) | Inv12- AC Consumption - Energy (Wh) | Inv12- AC Consumption - Power (W) | Inv13- AC Production - Energy (Wh) | Inv13- AC Production - Power (W) | Inv13- AC Consumption - Energy (Wh) | Inv13- AC Consumption - Power (W) | Inv14- AC Production - Energy (Wh) | Inv14- AC Production - Power (W) | Inv14- AC Consumption - Energy (Wh) | Inv14- AC Consumption - Power (W) | Inv15- AC Production - Energy (Wh) | Inv15- AC Production - Power (W) | Inv15- AC Consumption - Energy (Wh) | Inv15- AC Consumption - Power (W) | Inv16- AC Production - Energy (Wh) | Inv16- AC Production - Power (W) | Inv16- AC Consumption - Energy (Wh) | Inv16- AC Consumption - Power (W) | Inv17- AC Production - Energy (Wh) | Inv17- AC Production - Power (W) | Inv17- AC Consumption - Energy (Wh) | Inv17- AC Consumption - Power (W) | Inv18- AC Production - Energy (Wh) | Inv18- AC Production - Power (W) | Inv18- AC Consumption - Energy (Wh) | Inv18- AC Consumption - Power (W) | Inv19- AC Production - Energy (Wh) | Inv19- AC Production - Power (W) | Inv19- AC Consumption - Energy (Wh) | Inv19- AC Consumption - Power (W) | Inv20- AC Production - Energy (Wh) | Inv20- AC Production - Power (W) | Inv20- AC Consumption - Energy (Wh) | Inv20- AC Consumption - Power (W) | Inv21- AC Production - Energy (Wh) | Inv21- AC Production - Power (W) | Inv21- AC Consumption - Energy (Wh) | Inv21- AC Consumption - Power (W) | Inv22- AC Production - Energy (Wh) | Inv22- AC Production - Power (W) | Inv22- AC Consumption - Energy (Wh) | Inv22- AC Consumption - Power (W) | Inv23- AC Production - Energy (Wh) | Inv23- AC Production - Power (W) | Inv23- AC Consumption - Energy (Wh) | Inv23- AC Consumption - Power (W) | Inv24- AC Production - Energy (Wh) | Inv24- AC Production - Power (W) | Inv24- AC Consumption - Energy (Wh) | Inv24- AC Consumption - Power (W) | Inv25- AC Production - Energy (Wh) | Inv25- AC Production - Power (W) | Inv25- AC Consumption - Energy (Wh) | Inv25- AC Consumption - Power (W) | Inv26- AC Production - Energy (Wh) | Inv26- AC Production - Power (W) | Inv26- AC Consumption - Energy (Wh) | Inv26- AC Consumption - Power (W),2016,2016,0,"%m/%d/%y, %I:%M %p:2016",2025-01-25 00:00:00,2025-01-31 23:55:00,5 minutes,OK,,PV/production,PV/production markers,
data/raw/Data to be used/Data to be used/Power/Weekly Data/AC_power_energy/Combined Production Data/2024.csv,37076530,.csv,85bce48955145842e5f2b1fd9e9b686d11a35a9eb3a242713a08a62ee2c48d2b,Time | Production Energy (Wh) | Production Power (W) | Consumption Energy (Wh) | Consumption Power (W) | KWh/KWp (%) Inv1 | Production Energy (Wh) | Production Power (W) | Consumption Energy (Wh) | Consumption Power (W) | KWh/KWp (%) Inv 2 | Production Energy (Wh) | Production Power (W) | Consumption Energy (Wh) | Consumption Power (W) | KWh/KWp (%) Inv 3 | Production Energy (Wh) | Production Power (W) | Consumption Energy (Wh) | Consumption Power (W) | KWh/KWp (%) Inv 4 | Production Energy (Wh) | Production Power (W) | Consumption Energy (Wh) | Consumption Power (W) | KWh/KWp (%) Inv 5 | Production Energy (Wh) | Production Power (W) | Consumption Energy (Wh) | Consumption Power (W) | KWh/KWp (%) Inv 6 | Production Energy (Wh) | Production Power (W) | Consumption Energy (Wh) | Consumption Power (W) | KWh/KWp (%) Inv 7 | Production Energy (Wh) | Production Power (W) | Consumption Energy (Wh) | Consumption Power (W) | KWh/KWp (%) Inv 8 | Production Energy (Wh) | Production Power (W) | Consumption Energy (Wh) | Consumption Power (W) | KWh/KWp (%) Inv 9 | Production Energy (Wh) | Production Power (W) | Consumption Energy (Wh) | Consumption Power (W) | KWh/KWp (%) Inv 10 | Production Energy (Wh) | Production Power (W) | Consumption Energy (Wh) | Consumption Power (W) | KWh/KWp (%) Inv 11 | Production Energy (Wh) | Production Power (W) | Consumption Energy (Wh) | Consumption Power (W) | KWh/KWp (%) Inv 12 | Production Energy (Wh) | Production Power (W) | Consumption Energy (Wh) | Consumption Power (W) | KWh/KWp (%) Inv 13 | Production Energy (Wh) | Production Power (W) | Consumption Energy (Wh) | Consumption Power (W) | KWh/KWp (%) Inv 14 | Production Energy (Wh) | Production Power (W) | Consumption Energy (Wh) | Consumption Power (W) | KWh/KWp (%) Inv 15 | Production Energy (Wh) | Production Power (W) | Consumption Energy (Wh) | Consumption Power (W) | KWh/KWp (%) Inv 16 | Production Energy (Wh) | Production Power (W) | Consumption Energy (Wh) | Consumption Power (W) | KWh/KWp (%) Inv 17 | Production Energy (Wh) | Production Power (W) | Consumption Energy (Wh) | Consumption Power (W) | KWh/KWp (%) Inv 18 | Production Energy (Wh) | Production Power (W) | Consumption Energy (Wh) | Consumption Power (W) | KWh/KWp (%) Inv 19 | Production Energy (Wh) | Production Power (W) | Consumption Energy (Wh) | Consumption Power (W) | KWh/KWp (%) Inv 20 | Production Energy (Wh) | Production Power (W) | Consumption Energy (Wh) | Consumption Power (W) | KWh/KWp (%) Inv 21 | Production Energy (Wh) | Production Power (W) | Consumption Energy (Wh) | Consumption Power (W) | KWh/KWp (%) Inv 22 | Production Energy (Wh) | Production Power (W) | Consumption Energy (Wh) | Consumption Power (W) | KWh/KWp (%) Inv 23 | Production Energy (Wh) | Production Power (W) | Consumption Energy (Wh) | Consumption Power (W) | KWh/KWp (%) Inv 24 | Production Energy (Wh) | Production Power (W) | Consumption Energy (Wh) | Consumption Power (W) | KWh/KWp (%) Inv 25 | Production Energy (Wh) | Production Power (W) | Consumption Energy (Wh) | Consumption Power (W) | KWh/KWp (%) Inv 26 |  |  | ,102817,102816,1,"%m/%d/%y, %I:%M %p:102816",2023-12-30 00:00:00,2024-12-27 23:55:00,5 minutes,OK,,combined/model dataset,PV/production markers; combined/dataset marker,
data/raw/Data to be used/Data to be used/Power/Weekly Data/AC_power_energy/Combined Production Data/2024_2025.csv,40985458,.csv,f367e7975071c108724400a5a6bd73228395a36d8e73c955fea3c0965b43d482,Time | Production Energy (Wh) | Production Power (W) | Consumption Energy (Wh) | Consumption Power (W) | KWh/KWp (%) Inv1 | Production Energy (Wh) | Production Power (W) | Consumption Energy (Wh) | Consumption Power (W) | KWh/KWp (%) Inv 2 | Production Energy (Wh) | Production Power (W) | Consumption Energy (Wh) | Consumption Power (W) | KWh/KWp (%) Inv 3 | Production Energy (Wh) | Production Power (W) | Consumption Energy (Wh) | Consumption Power (W) | KWh/KWp (%) Inv 4 | Production Energy (Wh) | Production Power (W) | Consumption Energy (Wh) | Consumption Power (W) | KWh/KWp (%) Inv 5 | Production Energy (Wh) | Production Power (W) | Consumption Energy (Wh) | Consumption Power (W) | KWh/KWp (%) Inv 6 | Production Energy (Wh) | Production Power (W) | Consumption Energy (Wh) | Consumption Power (W) | KWh/KWp (%) Inv 7 | Production Energy (Wh) | Production Power (W) | Consumption Energy (Wh) | Consumption Power (W) | KWh/KWp (%) Inv 8 | Production Energy (Wh) | Production Power (W) | Consumption Energy (Wh) | Consumption Power (W) | KWh/KWp (%) Inv 9 | Production Energy (Wh) | Production Power (W) | Consumption Energy (Wh) | Consumption Power (W) | KWh/KWp (%) Inv 10 | Production Energy (Wh) | Production Power (W) | Consumption Energy (Wh) | Consumption Power (W) | KWh/KWp (%) Inv 11 | Production Energy (Wh) | Production Power (W) | Consumption Energy (Wh) | Consumption Power (W) | KWh/KWp (%) Inv 12 | Production Energy (Wh) | Production Power (W) | Consumption Energy (Wh) | Consumption Power (W) | KWh/KWp (%) Inv 13 | Production Energy (Wh) | Production Power (W) | Consumption Energy (Wh) | Consumption Power (W) | KWh/KWp (%) Inv 14 | Production Energy (Wh) | Production Power (W) | Consumption Energy (Wh) | Consumption Power (W) | KWh/KWp (%) Inv 15 | Production Energy (Wh) | Production Power (W) | Consumption Energy (Wh) | Consumption Power (W) | KWh/KWp (%) Inv 16 | Production Energy (Wh) | Production Power (W) | Consumption Energy (Wh) | Consumption Power (W) | KWh/KWp (%) Inv 17 | Production Energy (Wh) | Production Power (W) | Consumption Energy (Wh) | Consumption Power (W) | KWh/KWp (%) Inv 18 | Production Energy (Wh) | Production Power (W) | Consumption Energy (Wh) | Consumption Power (W) | KWh/KWp (%) Inv 19 | Production Energy (Wh) | Production Power (W) | Consumption Energy (Wh) | Consumption Power (W) | KWh/KWp (%) Inv 20 | Production Energy (Wh) | Production Power (W) | Consumption Energy (Wh) | Consumption Power (W) | KWh/KWp (%) Inv 21 | Production Energy (Wh) | Production Power (W) | Consumption Energy (Wh) | Consumption Power (W) | KWh/KWp (%) Inv 22 | Production Energy (Wh) | Production Power (W) | Consumption Energy (Wh) | Consumption Power (W) | KWh/KWp (%) Inv 23 | Production Energy (Wh) | Production Power (W) | Consumption Energy (Wh) | Consumption Power (W) | KWh/KWp (%) Inv 24 | Production Energy (Wh) | Production Power (W) | Consumption Energy (Wh) | Consumption Power (W) | KWh/KWp (%) Inv 25 | Production Energy (Wh) | Production Power (W) | Consumption Energy (Wh) | Consumption Power (W) | KWh/KWp (%) Inv 26 |  |  | ,112897,112896,1,"%m/%d/%y, %I:%M %p:112896",2023-12-30 00:00:00,2025-01-31 23:55:00,5 minutes,OK,,combined/model dataset,PV/production markers; combined/dataset marker,EXACT_DUPLICATE_OF=data/raw/Data to be used/Data to be used/New folder/2024_2025.csv
data/raw/Data to be used/Data to be used/Power/Weekly Data/AC_power_energy/Combined Production Data/2025/Jan_2025.csv,3882731,.csv,612dee347342d604c3383673132db55d7e1320eace8037136e4232f0951b1d91,Time | Inv1- AC Production - Energy (Wh) | Inv1- AC Production - Power (W) | Inv1- AC Consumption - Energy (Wh) | Inv1- AC Consumption - Power (W) | Inv1- KWh/KWp (%) | Inv2- AC Production - Energy (Wh) | Inv2- AC Production - Power (W) | Inv2- AC Consumption - Energy (Wh) | Inv2- AC Consumption - Power (W) | Inv2- KWh/KWp (%) | Inv3- AC Production - Energy (Wh) | Inv3- AC Production - Power (W) | Inv3- AC Consumption - Energy (Wh) | Inv3- AC Consumption - Power (W) | Inv3- KWh/KWp (%) | Inv4- AC Production - Energy (Wh) | Inv4- AC Production - Power (W) | Inv4- AC Consumption - Energy (Wh) | Inv4- AC Consumption - Power (W) | Inv4- KWh/KWp (%) | Inv5- AC Production - Energy (Wh) | Inv5- AC Production - Power (W) | Inv5- AC Consumption - Energy (Wh) | Inv5- AC Consumption - Power (W) | Inv5- KWh/KWp (%) | Inv6- AC Production - Energy (Wh) | Inv6- AC Production - Power (W) | Inv6- AC Consumption - Energy (Wh) | Inv6- AC Consumption - Power (W) | Inv6- KWh/KWp (%) | Inv7- AC Production - Energy (Wh) | Inv7- AC Production - Power (W) | Inv7- AC Consumption - Energy (Wh) | Inv7- AC Consumption - Power (W) | Inv7- KWh/KWp (%) | Inv8- AC Production - Energy (Wh) | Inv8- AC Production - Power (W) | Inv8- AC Consumption - Energy (Wh) | Inv8- AC Consumption - Power (W) | Inv8- KWh/KWp (%) | Inv9- AC Production - Energy (Wh) | Inv9- AC Production - Power (W) | Inv9- AC Consumption - Energy (Wh) | Inv9- AC Consumption - Power (W) | Inv9- KWh/KWp (%) | Inv10- AC Production - Energy (Wh) | Inv10- AC Production - Power (W) | Inv10- AC Consumption - Energy (Wh) | Inv10- AC Consumption - Power (W) | Inv10- KWh/KWp (%) | Inv11- AC Production - Energy (Wh) | Inv11- AC Production - Power (W) | Inv11- AC Consumption - Energy (Wh) | Inv11- AC Consumption - Power (W) | Inv11- KWh/KWp (%) | Inv12- AC Production - Energy (Wh) | Inv12- AC Production - Power (W) | Inv12- AC Consumption - Energy (Wh) | Inv12- AC Consumption - Power (W) | Inv12- KWh/KWp (%) | Inv13- AC Production - Energy (Wh) | Inv13- AC Production - Power (W) | Inv13- AC Consumption - Energy (Wh) | Inv13- AC Consumption - Power (W) | Inv13- KWh/KWp (%) | Inv14- AC Production - Energy (Wh) | Inv14- AC Production - Power (W) | Inv14- AC Consumption - Energy (Wh) | Inv14- AC Consumption - Power (W) | Inv14- KWh/KWp (%) | Inv15- AC Production - Energy (Wh) | Inv15- AC Production - Power (W) | Inv15- AC Consumption - Energy (Wh) | Inv15- AC Consumption - Power (W) | Inv15- KWh/KWp (%) | Inv16- AC Production - Energy (Wh) | Inv16- AC Production - Power (W) | Inv16- AC Consumption - Energy (Wh) | Inv16- AC Consumption - Power (W) | Inv16- KWh/KWp (%) | Inv17- AC Production - Energy (Wh) | Inv17- AC Production - Power (W) | Inv17- AC Consumption - Energy (Wh) | Inv17- AC Consumption - Power (W) | Inv17- KWh/KWp (%) | Inv18- AC Production - Energy (Wh) | Inv18- AC Production - Power (W) | Inv18- AC Consumption - Energy (Wh) | Inv18- AC Consumption - Power (W) | Inv18- KWh/KWp (%) | Inv19- AC Production - Energy (Wh) | Inv19- AC Production - Power (W) | Inv19- AC Consumption - Energy (Wh) | Inv19- AC Consumption - Power (W) | Inv19- KWh/KWp (%) | Inv20- AC Production - Energy (Wh) | Inv20- AC Production - Power (W) | Inv20- AC Consumption - Energy (Wh) | Inv20- AC Consumption - Power (W) | Inv20- KWh/KWp (%) | Inv21- AC Production - Energy (Wh) | Inv21- AC Production - Power (W) | Inv21- AC Consumption - Energy (Wh) | Inv21- AC Consumption - Power (W) | Inv21- KWh/KWp (%) | Inv22- AC Production - Energy (Wh) | Inv22- AC Production - Power (W) | Inv22- AC Consumption - Energy (Wh) | Inv22- AC Consumption - Power (W) | Inv22- KWh/KWp (%) | Inv23- AC Production - Energy (Wh) | Inv23- AC Production - Power (W) | Inv23- AC Consumption - Energy (Wh) | Inv23- AC Consumption - Power (W) | Inv23- KWh/KWp (%) | Inv24- AC Production - Energy (Wh) | Inv24- AC Production - Power (W) | Inv24- AC Consumption - Energy (Wh) | Inv24- AC Consumption - Power (W) | Inv24- KWh/KWp (%) | Inv25- AC Production - Energy (Wh) | Inv25- AC Production - Power (W) | Inv25- AC Consumption - Energy (Wh) | Inv25- AC Consumption - Power (W) | Inv25- KWh/KWp (%) | Inv26- AC Production - Energy (Wh) | Inv26- AC Production - Power (W) | Inv26- AC Consumption - Energy (Wh) | Inv26- AC Consumption - Power (W) | Inv26- KWh/KWp (%),10080,10080,0,"%m/%d/%y, %I:%M %p:10080",2024-12-28 00:00:00,2025-01-31 23:55:00,5 minutes,OK,,combined/model dataset,PV/production markers; combined/dataset marker,
data/raw/Data to be used/Data to be used/Power/Weekly Data/AC_power_energy/Combined Production Data/2025/Week_1.csv,798050,.csv,76d6b8f0054f4fde9fe65ef6c82812b96019018dfb993a363a5ac12754839cc7,Time | Inv1- AC Production - Energy (Wh) | Inv1- AC Production - Power (W) | Inv1- AC Consumption - Energy (Wh) | Inv1- AC Consumption - Power (W) | Inv1- KWh/KWp (%) | Inv2- AC Production - Energy (Wh) | Inv2- AC Production - Power (W) | Inv2- AC Consumption - Energy (Wh) | Inv2- AC Consumption - Power (W) | Inv2- KWh/KWp (%) | Inv3- AC Production - Energy (Wh) | Inv3- AC Production - Power (W) | Inv3- AC Consumption - Energy (Wh) | Inv3- AC Consumption - Power (W) | Inv3- KWh/KWp (%) | Inv4- AC Production - Energy (Wh) | Inv4- AC Production - Power (W) | Inv4- AC Consumption - Energy (Wh) | Inv4- AC Consumption - Power (W) | Inv4- KWh/KWp (%) | Inv5- AC Production - Energy (Wh) | Inv5- AC Production - Power (W) | Inv5- AC Consumption - Energy (Wh) | Inv5- AC Consumption - Power (W) | Inv5- KWh/KWp (%) | Inv6- AC Production - Energy (Wh) | Inv6- AC Production - Power (W) | Inv6- AC Consumption - Energy (Wh) | Inv6- AC Consumption - Power (W) | Inv6- KWh/KWp (%) | Inv7- AC Production - Energy (Wh) | Inv7- AC Production - Power (W) | Inv7- AC Consumption - Energy (Wh) | Inv7- AC Consumption - Power (W) | Inv7- KWh/KWp (%) | Inv8- AC Production - Energy (Wh) | Inv8- AC Production - Power (W) | Inv8- AC Consumption - Energy (Wh) | Inv8- AC Consumption - Power (W) | Inv8- KWh/KWp (%) | Inv9- AC Production - Energy (Wh) | Inv9- AC Production - Power (W) | Inv9- AC Consumption - Energy (Wh) | Inv9- AC Consumption - Power (W) | Inv9- KWh/KWp (%) | Inv10- AC Production - Energy (Wh) | Inv10- AC Production - Power (W) | Inv10- AC Consumption - Energy (Wh) | Inv10- AC Consumption - Power (W) | Inv10- KWh/KWp (%) | Inv11- AC Production - Energy (Wh) | Inv11- AC Production - Power (W) | Inv11- AC Consumption - Energy (Wh) | Inv11- AC Consumption - Power (W) | Inv11- KWh/KWp (%) | Inv12- AC Production - Energy (Wh) | Inv12- AC Production - Power (W) | Inv12- AC Consumption - Energy (Wh) | Inv12- AC Consumption - Power (W) | Inv12- KWh/KWp (%) | Inv13- AC Production - Energy (Wh) | Inv13- AC Production - Power (W) | Inv13- AC Consumption - Energy (Wh) | Inv13- AC Consumption - Power (W) | Inv13- KWh/KWp (%) | Inv14- AC Production - Energy (Wh) | Inv14- AC Production - Power (W) | Inv14- AC Consumption - Energy (Wh) | Inv14- AC Consumption - Power (W) | Inv14- KWh/KWp (%) | Inv15- AC Production - Energy (Wh) | Inv15- AC Production - Power (W) | Inv15- AC Consumption - Energy (Wh) | Inv15- AC Consumption - Power (W) | Inv15- KWh/KWp (%) | Inv16- AC Production - Energy (Wh) | Inv16- AC Production - Power (W) | Inv16- AC Consumption - Energy (Wh) | Inv16- AC Consumption - Power (W) | Inv16- KWh/KWp (%) | Inv17- AC Production - Energy (Wh) | Inv17- AC Production - Power (W) | Inv17- AC Consumption - Energy (Wh) | Inv17- AC Consumption - Power (W) | Inv17- KWh/KWp (%) | Inv18- AC Production - Energy (Wh) | Inv18- AC Production - Power (W) | Inv18- AC Consumption - Energy (Wh) | Inv18- AC Consumption - Power (W) | Inv18- KWh/KWp (%) | Inv19- AC Production - Energy (Wh) | Inv19- AC Production - Power (W) | Inv19- AC Consumption - Energy (Wh) | Inv19- AC Consumption - Power (W) | Inv19- KWh/KWp (%) | Inv20- AC Production - Energy (Wh) | Inv20- AC Production - Power (W) | Inv20- AC Consumption - Energy (Wh) | Inv20- AC Consumption - Power (W) | Inv20- KWh/KWp (%) | Inv21- AC Production - Energy (Wh) | Inv21- AC Production - Power (W) | Inv21- AC Consumption - Energy (Wh) | Inv21- AC Consumption - Power (W) | Inv21- KWh/KWp (%) | Inv22- AC Production - Energy (Wh) | Inv22- AC Production - Power (W) | Inv22- AC Consumption - Energy (Wh) | Inv22- AC Consumption - Power (W) | Inv22- KWh/KWp (%) | Inv23- AC Production - Energy (Wh) | Inv23- AC Production - Power (W) | Inv23- AC Consumption - Energy (Wh) | Inv23- AC Consumption - Power (W) | Inv23- KWh/KWp (%) | Inv24- AC Production - Energy (Wh) | Inv24- AC Production - Power (W) | Inv24- AC Consumption - Energy (Wh) | Inv24- AC Consumption - Power (W) | Inv24- KWh/KWp (%) | Inv25- AC Production - Energy (Wh) | Inv25- AC Production - Power (W) | Inv25- AC Consumption - Energy (Wh) | Inv25- AC Consumption - Power (W) | Inv25- KWh/KWp (%) | Inv26- AC Production - Energy (Wh) | Inv26- AC Production - Power (W) | Inv26- AC Consumption - Energy (Wh) | Inv26- AC Consumption - Power (W) | Inv26- KWh/KWp (%),2016,2016,0,"%m/%d/%y, %I:%M %p:2016",2024-12-28 00:00:00,2025-01-03 23:55:00,5 minutes,OK,,combined/model dataset,PV/production markers; combined/dataset marker,
data/raw/Data to be used/Data to be used/Power/Weekly Data/AC_power_energy/Combined Production Data/2025/Week_2.csv,793012,.csv,b623ba4f55da89e718502aeab6c170f9773ec6f900c297d0477bc56be9bb153f,Time | Inv1- AC Production - Energy (Wh) | Inv1- AC Production - Power (W) | Inv1- AC Consumption - Energy (Wh) | Inv1- AC Consumption - Power (W) | Inv1- KWh/KWp (%) | Inv2- AC Production - Energy (Wh) | Inv2- AC Production - Power (W) | Inv2- AC Consumption - Energy (Wh) | Inv2- AC Consumption - Power (W) | Inv2- KWh/KWp (%) | Inv3- AC Production - Energy (Wh) | Inv3- AC Production - Power (W) | Inv3- AC Consumption - Energy (Wh) | Inv3- AC Consumption - Power (W) | Inv3- KWh/KWp (%) | Inv4- AC Production - Energy (Wh) | Inv4- AC Production - Power (W) | Inv4- AC Consumption - Energy (Wh) | Inv4- AC Consumption - Power (W) | Inv4- KWh/KWp (%) | Inv5- AC Production - Energy (Wh) | Inv5- AC Production - Power (W) | Inv5- AC Consumption - Energy (Wh) | Inv5- AC Consumption - Power (W) | Inv5- KWh/KWp (%) | Inv6- AC Production - Energy (Wh) | Inv6- AC Production - Power (W) | Inv6- AC Consumption - Energy (Wh) | Inv6- AC Consumption - Power (W) | Inv6- KWh/KWp (%) | Inv7- AC Production - Energy (Wh) | Inv7- AC Production - Power (W) | Inv7- AC Consumption - Energy (Wh) | Inv7- AC Consumption - Power (W) | Inv7- KWh/KWp (%) | Inv8- AC Production - Energy (Wh) | Inv8- AC Production - Power (W) | Inv8- AC Consumption - Energy (Wh) | Inv8- AC Consumption - Power (W) | Inv8- KWh/KWp (%) | Inv9- AC Production - Energy (Wh) | Inv9- AC Production - Power (W) | Inv9- AC Consumption - Energy (Wh) | Inv9- AC Consumption - Power (W) | Inv9- KWh/KWp (%) | Inv10- AC Production - Energy (Wh) | Inv10- AC Production - Power (W) | Inv10- AC Consumption - Energy (Wh) | Inv10- AC Consumption - Power (W) | Inv10- KWh/KWp (%) | Inv11- AC Production - Energy (Wh) | Inv11- AC Production - Power (W) | Inv11- AC Consumption - Energy (Wh) | Inv11- AC Consumption - Power (W) | Inv11- KWh/KWp (%) | Inv12- AC Production - Energy (Wh) | Inv12- AC Production - Power (W) | Inv12- AC Consumption - Energy (Wh) | Inv12- AC Consumption - Power (W) | Inv12- KWh/KWp (%) | Inv13- AC Production - Energy (Wh) | Inv13- AC Production - Power (W) | Inv13- AC Consumption - Energy (Wh) | Inv13- AC Consumption - Power (W) | Inv13- KWh/KWp (%) | Inv14- AC Production - Energy (Wh) | Inv14- AC Production - Power (W) | Inv14- AC Consumption - Energy (Wh) | Inv14- AC Consumption - Power (W) | Inv14- KWh/KWp (%) | Inv15- AC Production - Energy (Wh) | Inv15- AC Production - Power (W) | Inv15- AC Consumption - Energy (Wh) | Inv15- AC Consumption - Power (W) | Inv15- KWh/KWp (%) | Inv16- AC Production - Energy (Wh) | Inv16- AC Production - Power (W) | Inv16- AC Consumption - Energy (Wh) | Inv16- AC Consumption - Power (W) | Inv16- KWh/KWp (%) | Inv17- AC Production - Energy (Wh) | Inv17- AC Production - Power (W) | Inv17- AC Consumption - Energy (Wh) | Inv17- AC Consumption - Power (W) | Inv17- KWh/KWp (%) | Inv18- AC Production - Energy (Wh) | Inv18- AC Production - Power (W) | Inv18- AC Consumption - Energy (Wh) | Inv18- AC Consumption - Power (W) | Inv18- KWh/KWp (%) | Inv19- AC Production - Energy (Wh) | Inv19- AC Production - Power (W) | Inv19- AC Consumption - Energy (Wh) | Inv19- AC Consumption - Power (W) | Inv19- KWh/KWp (%) | Inv20- AC Production - Energy (Wh) | Inv20- AC Production - Power (W) | Inv20- AC Consumption - Energy (Wh) | Inv20- AC Consumption - Power (W) | Inv20- KWh/KWp (%) | Inv21- AC Production - Energy (Wh) | Inv21- AC Production - Power (W) | Inv21- AC Consumption - Energy (Wh) | Inv21- AC Consumption - Power (W) | Inv21- KWh/KWp (%) | Inv22- AC Production - Energy (Wh) | Inv22- AC Production - Power (W) | Inv22- AC Consumption - Energy (Wh) | Inv22- AC Consumption - Power (W) | Inv22- KWh/KWp (%) | Inv23- AC Production - Energy (Wh) | Inv23- AC Production - Power (W) | Inv23- AC Consumption - Energy (Wh) | Inv23- AC Consumption - Power (W) | Inv23- KWh/KWp (%) | Inv24- AC Production - Energy (Wh) | Inv24- AC Production - Power (W) | Inv24- AC Consumption - Energy (Wh) | Inv24- AC Consumption - Power (W) | Inv24- KWh/KWp (%) | Inv25- AC Production - Energy (Wh) | Inv25- AC Production - Power (W) | Inv25- AC Consumption - Energy (Wh) | Inv25- AC Consumption - Power (W) | Inv25- KWh/KWp (%) | Inv26- AC Production - Energy (Wh) | Inv26- AC Production - Power (W) | Inv26- AC Consumption - Energy (Wh) | Inv26- AC Consumption - Power (W) | Inv26- KWh/KWp (%),2016,2016,0,"%m/%d/%y, %I:%M %p:2016",2025-01-04 00:00:00,2025-01-10 23:55:00,5 minutes,OK,,combined/model dataset,PV/production markers; combined/dataset marker,
data/raw/Data to be used/Data to be used/Power/Weekly Data/AC_power_energy/Combined Production Data/2025/Week_3.csv,796643,.csv,ad92b2fb52b789800f48ed1596a3c11a071257845f2f31b0b6630a336cc8f2e7,Time | Inv1- AC Production - Energy (Wh) | Inv1- AC Production - Power (W) | Inv1- AC Consumption - Energy (Wh) | Inv1- AC Consumption - Power (W) | Inv1- KWh/KWp (%) | Inv2- AC Production - Energy (Wh) | Inv2- AC Production - Power (W) | Inv2- AC Consumption - Energy (Wh) | Inv2- AC Consumption - Power (W) | Inv2- KWh/KWp (%) | Inv3- AC Production - Energy (Wh) | Inv3- AC Production - Power (W) | Inv3- AC Consumption - Energy (Wh) | Inv3- AC Consumption - Power (W) | Inv3- KWh/KWp (%) | Inv4- AC Production - Energy (Wh) | Inv4- AC Production - Power (W) | Inv4- AC Consumption - Energy (Wh) | Inv4- AC Consumption - Power (W) | Inv4- KWh/KWp (%) | Inv5- AC Production - Energy (Wh) | Inv5- AC Production - Power (W) | Inv5- AC Consumption - Energy (Wh) | Inv5- AC Consumption - Power (W) | Inv5- KWh/KWp (%) | Inv6- AC Production - Energy (Wh) | Inv6- AC Production - Power (W) | Inv6- AC Consumption - Energy (Wh) | Inv6- AC Consumption - Power (W) | Inv6- KWh/KWp (%) | Inv7- AC Production - Energy (Wh) | Inv7- AC Production - Power (W) | Inv7- AC Consumption - Energy (Wh) | Inv7- AC Consumption - Power (W) | Inv7- KWh/KWp (%) | Inv8- AC Production - Energy (Wh) | Inv8- AC Production - Power (W) | Inv8- AC Consumption - Energy (Wh) | Inv8- AC Consumption - Power (W) | Inv8- KWh/KWp (%) | Inv9- AC Production - Energy (Wh) | Inv9- AC Production - Power (W) | Inv9- AC Consumption - Energy (Wh) | Inv9- AC Consumption - Power (W) | Inv9- KWh/KWp (%) | Inv10- AC Production - Energy (Wh) | Inv10- AC Production - Power (W) | Inv10- AC Consumption - Energy (Wh) | Inv10- AC Consumption - Power (W) | Inv10- KWh/KWp (%) | Inv11- AC Production - Energy (Wh) | Inv11- AC Production - Power (W) | Inv11- AC Consumption - Energy (Wh) | Inv11- AC Consumption - Power (W) | Inv11- KWh/KWp (%) | Inv12- AC Production - Energy (Wh) | Inv12- AC Production - Power (W) | Inv12- AC Consumption - Energy (Wh) | Inv12- AC Consumption - Power (W) | Inv12- KWh/KWp (%) | Inv13- AC Production - Energy (Wh) | Inv13- AC Production - Power (W) | Inv13- AC Consumption - Energy (Wh) | Inv13- AC Consumption - Power (W) | Inv13- KWh/KWp (%) | Inv14- AC Production - Energy (Wh) | Inv14- AC Production - Power (W) | Inv14- AC Consumption - Energy (Wh) | Inv14- AC Consumption - Power (W) | Inv14- KWh/KWp (%) | Inv15- AC Production - Energy (Wh) | Inv15- AC Production - Power (W) | Inv15- AC Consumption - Energy (Wh) | Inv15- AC Consumption - Power (W) | Inv15- KWh/KWp (%) | Inv16- AC Production - Energy (Wh) | Inv16- AC Production - Power (W) | Inv16- AC Consumption - Energy (Wh) | Inv16- AC Consumption - Power (W) | Inv16- KWh/KWp (%) | Inv17- AC Production - Energy (Wh) | Inv17- AC Production - Power (W) | Inv17- AC Consumption - Energy (Wh) | Inv17- AC Consumption - Power (W) | Inv17- KWh/KWp (%) | Inv18- AC Production - Energy (Wh) | Inv18- AC Production - Power (W) | Inv18- AC Consumption - Energy (Wh) | Inv18- AC Consumption - Power (W) | Inv18- KWh/KWp (%) | Inv19- AC Production - Energy (Wh) | Inv19- AC Production - Power (W) | Inv19- AC Consumption - Energy (Wh) | Inv19- AC Consumption - Power (W) | Inv19- KWh/KWp (%) | Inv20- AC Production - Energy (Wh) | Inv20- AC Production - Power (W) | Inv20- AC Consumption - Energy (Wh) | Inv20- AC Consumption - Power (W) | Inv20- KWh/KWp (%) | Inv21- AC Production - Energy (Wh) | Inv21- AC Production - Power (W) | Inv21- AC Consumption - Energy (Wh) | Inv21- AC Consumption - Power (W) | Inv21- KWh/KWp (%) | Inv22- AC Production - Energy (Wh) | Inv22- AC Production - Power (W) | Inv22- AC Consumption - Energy (Wh) | Inv22- AC Consumption - Power (W) | Inv22- KWh/KWp (%) | Inv23- AC Production - Energy (Wh) | Inv23- AC Production - Power (W) | Inv23- AC Consumption - Energy (Wh) | Inv23- AC Consumption - Power (W) | Inv23- KWh/KWp (%) | Inv24- AC Production - Energy (Wh) | Inv24- AC Production - Power (W) | Inv24- AC Consumption - Energy (Wh) | Inv24- AC Consumption - Power (W) | Inv24- KWh/KWp (%) | Inv25- AC Production - Energy (Wh) | Inv25- AC Production - Power (W) | Inv25- AC Consumption - Energy (Wh) | Inv25- AC Consumption - Power (W) | Inv25- KWh/KWp (%) | Inv26- AC Production - Energy (Wh) | Inv26- AC Production - Power (W) | Inv26- AC Consumption - Energy (Wh) | Inv26- AC Consumption - Power (W) | Inv26- KWh/KWp (%),2016,2016,0,"%m/%d/%y, %I:%M %p:2016",2025-01-11 00:00:00,2025-01-17 23:55:00,5 minutes,OK,,combined/model dataset,PV/production markers; combined/dataset marker,
data/raw/Data to be used/Data to be used/Power/Weekly Data/AC_power_energy/Combined Production Data/2025/Week_4.csv,798919,.csv,fd7e4187370a3bcf2fad141f4008314647370f8cc7453ec7f28e9594c00c832a,Time | Inv1- AC Production - Energy (Wh) | Inv1- AC Production - Power (W) | Inv1- AC Consumption - Energy (Wh) | Inv1- AC Consumption - Power (W) | Inv1- KWh/KWp (%) | Inv2- AC Production - Energy (Wh) | Inv2- AC Production - Power (W) | Inv2- AC Consumption - Energy (Wh) | Inv2- AC Consumption - Power (W) | Inv2- KWh/KWp (%) | Inv3- AC Production - Energy (Wh) | Inv3- AC Production - Power (W) | Inv3- AC Consumption - Energy (Wh) | Inv3- AC Consumption - Power (W) | Inv3- KWh/KWp (%) | Inv4- AC Production - Energy (Wh) | Inv4- AC Production - Power (W) | Inv4- AC Consumption - Energy (Wh) | Inv4- AC Consumption - Power (W) | Inv4- KWh/KWp (%) | Inv5- AC Production - Energy (Wh) | Inv5- AC Production - Power (W) | Inv5- AC Consumption - Energy (Wh) | Inv5- AC Consumption - Power (W) | Inv5- KWh/KWp (%) | Inv6- AC Production - Energy (Wh) | Inv6- AC Production - Power (W) | Inv6- AC Consumption - Energy (Wh) | Inv6- AC Consumption - Power (W) | Inv6- KWh/KWp (%) | Inv7- AC Production - Energy (Wh) | Inv7- AC Production - Power (W) | Inv7- AC Consumption - Energy (Wh) | Inv7- AC Consumption - Power (W) | Inv7- KWh/KWp (%) | Inv8- AC Production - Energy (Wh) | Inv8- AC Production - Power (W) | Inv8- AC Consumption - Energy (Wh) | Inv8- AC Consumption - Power (W) | Inv8- KWh/KWp (%) | Inv9- AC Production - Energy (Wh) | Inv9- AC Production - Power (W) | Inv9- AC Consumption - Energy (Wh) | Inv9- AC Consumption - Power (W) | Inv9- KWh/KWp (%) | Inv10- AC Production - Energy (Wh) | Inv10- AC Production - Power (W) | Inv10- AC Consumption - Energy (Wh) | Inv10- AC Consumption - Power (W) | Inv10- KWh/KWp (%) | Inv11- AC Production - Energy (Wh) | Inv11- AC Production - Power (W) | Inv11- AC Consumption - Energy (Wh) | Inv11- AC Consumption - Power (W) | Inv11- KWh/KWp (%) | Inv12- AC Production - Energy (Wh) | Inv12- AC Production - Power (W) | Inv12- AC Consumption - Energy (Wh) | Inv12- AC Consumption - Power (W) | Inv12- KWh/KWp (%) | Inv13- AC Production - Energy (Wh) | Inv13- AC Production - Power (W) | Inv13- AC Consumption - Energy (Wh) | Inv13- AC Consumption - Power (W) | Inv13- KWh/KWp (%) | Inv14- AC Production - Energy (Wh) | Inv14- AC Production - Power (W) | Inv14- AC Consumption - Energy (Wh) | Inv14- AC Consumption - Power (W) | Inv14- KWh/KWp (%) | Inv15- AC Production - Energy (Wh) | Inv15- AC Production - Power (W) | Inv15- AC Consumption - Energy (Wh) | Inv15- AC Consumption - Power (W) | Inv15- KWh/KWp (%) | Inv16- AC Production - Energy (Wh) | Inv16- AC Production - Power (W) | Inv16- AC Consumption - Energy (Wh) | Inv16- AC Consumption - Power (W) | Inv16- KWh/KWp (%) | Inv17- AC Production - Energy (Wh) | Inv17- AC Production - Power (W) | Inv17- AC Consumption - Energy (Wh) | Inv17- AC Consumption - Power (W) | Inv17- KWh/KWp (%) | Inv18- AC Production - Energy (Wh) | Inv18- AC Production - Power (W) | Inv18- AC Consumption - Energy (Wh) | Inv18- AC Consumption - Power (W) | Inv18- KWh/KWp (%) | Inv19- AC Production - Energy (Wh) | Inv19- AC Production - Power (W) | Inv19- AC Consumption - Energy (Wh) | Inv19- AC Consumption - Power (W) | Inv19- KWh/KWp (%) | Inv20- AC Production - Energy (Wh) | Inv20- AC Production - Power (W) | Inv20- AC Consumption - Energy (Wh) | Inv20- AC Consumption - Power (W) | Inv20- KWh/KWp (%) | Inv21- AC Production - Energy (Wh) | Inv21- AC Production - Power (W) | Inv21- AC Consumption - Energy (Wh) | Inv21- AC Consumption - Power (W) | Inv21- KWh/KWp (%) | Inv22- AC Production - Energy (Wh) | Inv22- AC Production - Power (W) | Inv22- AC Consumption - Energy (Wh) | Inv22- AC Consumption - Power (W) | Inv22- KWh/KWp (%) | Inv23- AC Production - Energy (Wh) | Inv23- AC Production - Power (W) | Inv23- AC Consumption - Energy (Wh) | Inv23- AC Consumption - Power (W) | Inv23- KWh/KWp (%) | Inv24- AC Production - Energy (Wh) | Inv24- AC Production - Power (W) | Inv24- AC Consumption - Energy (Wh) | Inv24- AC Consumption - Power (W) | Inv24- KWh/KWp (%) | Inv25- AC Production - Energy (Wh) | Inv25- AC Production - Power (W) | Inv25- AC Consumption - Energy (Wh) | Inv25- AC Consumption - Power (W) | Inv25- KWh/KWp (%) | Inv26- AC Production - Energy (Wh) | Inv26- AC Production - Power (W) | Inv26- AC Consumption - Energy (Wh) | Inv26- AC Consumption - Power (W) | Inv26- KWh/KWp (%),2016,2016,0,"%m/%d/%y, %I:%M %p:2016",2025-01-18 00:00:00,2025-01-24 23:55:00,5 minutes,OK,,combined/model dataset,PV/production markers; combined/dataset marker,
data/raw/Data to be used/Data to be used/Power/Weekly Data/AC_power_energy/Combined Production Data/2025/Week_5.csv,712279,.csv,dad52b09200fb0e75bcb5a4c63ec59b5073cb6f1bf6be301d54ef7a530435b78,Time | Inv1- AC Production - Energy (Wh) | Inv1- AC Production - Power (W) | Inv1- AC Consumption - Energy (Wh) | Inv1- AC Consumption - Power (W) | Inv1- KWh/KWp (%) | Inv2- AC Production - Energy (Wh) | Inv2- AC Production - Power (W) | Inv2- AC Consumption - Energy (Wh) | Inv2- AC Consumption - Power (W) | Inv2- KWh/KWp (%) | Inv3- AC Production - Energy (Wh) | Inv3- AC Production - Power (W) | Inv3- AC Consumption - Energy (Wh) | Inv3- AC Consumption - Power (W) | Inv3- KWh/KWp (%) | Inv4- AC Production - Energy (Wh) | Inv4- AC Production - Power (W) | Inv4- AC Consumption - Energy (Wh) | Inv4- AC Consumption - Power (W) | Inv4- KWh/KWp (%) | Inv5- AC Production - Energy (Wh) | Inv5- AC Production - Power (W) | Inv5- AC Consumption - Energy (Wh) | Inv5- AC Consumption - Power (W) | Inv5- KWh/KWp (%) | Inv6- AC Production - Energy (Wh) | Inv6- AC Production - Power (W) | Inv6- AC Consumption - Energy (Wh) | Inv6- AC Consumption - Power (W) | Inv6- KWh/KWp (%) | Inv7- AC Production - Energy (Wh) | Inv7- AC Production - Power (W) | Inv7- AC Consumption - Energy (Wh) | Inv7- AC Consumption - Power (W) | Inv7- KWh/KWp (%) | Inv8- AC Production - Energy (Wh) | Inv8- AC Production - Power (W) | Inv8- AC Consumption - Energy (Wh) | Inv8- AC Consumption - Power (W) | Inv8- KWh/KWp (%) | Inv9- AC Production - Energy (Wh) | Inv9- AC Production - Power (W) | Inv9- AC Consumption - Energy (Wh) | Inv9- AC Consumption - Power (W) | Inv9- KWh/KWp (%) | Inv10- AC Production - Energy (Wh) | Inv10- AC Production - Power (W) | Inv10- AC Consumption - Energy (Wh) | Inv10- AC Consumption - Power (W) | Inv10- KWh/KWp (%) | Inv11- AC Production - Energy (Wh) | Inv11- AC Production - Power (W) | Inv11- AC Consumption - Energy (Wh) | Inv11- AC Consumption - Power (W) | Inv11- KWh/KWp (%) | Inv12- AC Production - Energy (Wh) | Inv12- AC Production - Power (W) | Inv12- AC Consumption - Energy (Wh) | Inv12- AC Consumption - Power (W) | Inv12- KWh/KWp (%) | Inv13- AC Production - Energy (Wh) | Inv13- AC Production - Power (W) | Inv13- AC Consumption - Energy (Wh) | Inv13- AC Consumption - Power (W) | Inv13- KWh/KWp (%) | Inv14- AC Production - Energy (Wh) | Inv14- AC Production - Power (W) | Inv14- AC Consumption - Energy (Wh) | Inv14- AC Consumption - Power (W) | Inv14- KWh/KWp (%) | Inv15- AC Production - Energy (Wh) | Inv15- AC Production - Power (W) | Inv15- AC Consumption - Energy (Wh) | Inv15- AC Consumption - Power (W) | Inv15- KWh/KWp (%) | Inv16- AC Production - Energy (Wh) | Inv16- AC Production - Power (W) | Inv16- AC Consumption - Energy (Wh) | Inv16- AC Consumption - Power (W) | Inv16- KWh/KWp (%) | Inv17- AC Production - Energy (Wh) | Inv17- AC Production - Power (W) | Inv17- AC Consumption - Energy (Wh) | Inv17- AC Consumption - Power (W) | Inv17- KWh/KWp (%) | Inv18- AC Production - Energy (Wh) | Inv18- AC Production - Power (W) | Inv18- AC Consumption - Energy (Wh) | Inv18- AC Consumption - Power (W) | Inv18- KWh/KWp (%) | Inv19- AC Production - Energy (Wh) | Inv19- AC Production - Power (W) | Inv19- AC Consumption - Energy (Wh) | Inv19- AC Consumption - Power (W) | Inv19- KWh/KWp (%) | Inv20- AC Production - Energy (Wh) | Inv20- AC Production - Power (W) | Inv20- AC Consumption - Energy (Wh) | Inv20- AC Consumption - Power (W) | Inv20- KWh/KWp (%) | Inv21- AC Production - Energy (Wh) | Inv21- AC Production - Power (W) | Inv21- AC Consumption - Energy (Wh) | Inv21- AC Consumption - Power (W) | Inv21- KWh/KWp (%) | Inv22- AC Production - Energy (Wh) | Inv22- AC Production - Power (W) | Inv22- AC Consumption - Energy (Wh) | Inv22- AC Consumption - Power (W) | Inv22- KWh/KWp (%) | Inv23- AC Production - Energy (Wh) | Inv23- AC Production - Power (W) | Inv23- AC Consumption - Energy (Wh) | Inv23- AC Consumption - Power (W) | Inv23- KWh/KWp (%) | Inv24- AC Production - Energy (Wh) | Inv24- AC Production - Power (W) | Inv24- AC Consumption - Energy (Wh) | Inv24- AC Consumption - Power (W) | Inv24- KWh/KWp (%) | Inv25- AC Production - Energy (Wh) | Inv25- AC Production - Power (W) | Inv25- AC Consumption - Energy (Wh) | Inv25- AC Consumption - Power (W) | Inv25- KWh/KWp (%) | Inv26- AC Production - Energy (Wh) | Inv26- AC Production - Power (W) | Inv26- AC Consumption - Energy (Wh) | Inv26- AC Consumption - Power (W) | Inv26- KWh/KWp (%),2016,2016,0,"%m/%d/%y, %I:%M %p:2016",2025-01-25 00:00:00,2025-01-31 23:55:00,5 minutes,OK,,combined/model dataset,PV/production markers; combined/dataset marker,
data/raw/Data to be used/Data to be used/Power/Weekly Data/AC_power_energy/Combined Production Data/Jan_2025.csv,3882731,.csv,612dee347342d604c3383673132db55d7e1320eace8037136e4232f0951b1d91,Time | Inv1- AC Production - Energy (Wh) | Inv1- AC Production - Power (W) | Inv1- AC Consumption - Energy (Wh) | Inv1- AC Consumption - Power (W) | Inv1- KWh/KWp (%) | Inv2- AC Production - Energy (Wh) | Inv2- AC Production - Power (W) | Inv2- AC Consumption - Energy (Wh) | Inv2- AC Consumption - Power (W) | Inv2- KWh/KWp (%) | Inv3- AC Production - Energy (Wh) | Inv3- AC Production - Power (W) | Inv3- AC Consumption - Energy (Wh) | Inv3- AC Consumption - Power (W) | Inv3- KWh/KWp (%) | Inv4- AC Production - Energy (Wh) | Inv4- AC Production - Power (W) | Inv4- AC Consumption - Energy (Wh) | Inv4- AC Consumption - Power (W) | Inv4- KWh/KWp (%) | Inv5- AC Production - Energy (Wh) | Inv5- AC Production - Power (W) | Inv5- AC Consumption - Energy (Wh) | Inv5- AC Consumption - Power (W) | Inv5- KWh/KWp (%) | Inv6- AC Production - Energy (Wh) | Inv6- AC Production - Power (W) | Inv6- AC Consumption - Energy (Wh) | Inv6- AC Consumption - Power (W) | Inv6- KWh/KWp (%) | Inv7- AC Production - Energy (Wh) | Inv7- AC Production - Power (W) | Inv7- AC Consumption - Energy (Wh) | Inv7- AC Consumption - Power (W) | Inv7- KWh/KWp (%) | Inv8- AC Production - Energy (Wh) | Inv8- AC Production - Power (W) | Inv8- AC Consumption - Energy (Wh) | Inv8- AC Consumption - Power (W) | Inv8- KWh/KWp (%) | Inv9- AC Production - Energy (Wh) | Inv9- AC Production - Power (W) | Inv9- AC Consumption - Energy (Wh) | Inv9- AC Consumption - Power (W) | Inv9- KWh/KWp (%) | Inv10- AC Production - Energy (Wh) | Inv10- AC Production - Power (W) | Inv10- AC Consumption - Energy (Wh) | Inv10- AC Consumption - Power (W) | Inv10- KWh/KWp (%) | Inv11- AC Production - Energy (Wh) | Inv11- AC Production - Power (W) | Inv11- AC Consumption - Energy (Wh) | Inv11- AC Consumption - Power (W) | Inv11- KWh/KWp (%) | Inv12- AC Production - Energy (Wh) | Inv12- AC Production - Power (W) | Inv12- AC Consumption - Energy (Wh) | Inv12- AC Consumption - Power (W) | Inv12- KWh/KWp (%) | Inv13- AC Production - Energy (Wh) | Inv13- AC Production - Power (W) | Inv13- AC Consumption - Energy (Wh) | Inv13- AC Consumption - Power (W) | Inv13- KWh/KWp (%) | Inv14- AC Production - Energy (Wh) | Inv14- AC Production - Power (W) | Inv14- AC Consumption - Energy (Wh) | Inv14- AC Consumption - Power (W) | Inv14- KWh/KWp (%) | Inv15- AC Production - Energy (Wh) | Inv15- AC Production - Power (W) | Inv15- AC Consumption - Energy (Wh) | Inv15- AC Consumption - Power (W) | Inv15- KWh/KWp (%) | Inv16- AC Production - Energy (Wh) | Inv16- AC Production - Power (W) | Inv16- AC Consumption - Energy (Wh) | Inv16- AC Consumption - Power (W) | Inv16- KWh/KWp (%) | Inv17- AC Production - Energy (Wh) | Inv17- AC Production - Power (W) | Inv17- AC Consumption - Energy (Wh) | Inv17- AC Consumption - Power (W) | Inv17- KWh/KWp (%) | Inv18- AC Production - Energy (Wh) | Inv18- AC Production - Power (W) | Inv18- AC Consumption - Energy (Wh) | Inv18- AC Consumption - Power (W) | Inv18- KWh/KWp (%) | Inv19- AC Production - Energy (Wh) | Inv19- AC Production - Power (W) | Inv19- AC Consumption - Energy (Wh) | Inv19- AC Consumption - Power (W) | Inv19- KWh/KWp (%) | Inv20- AC Production - Energy (Wh) | Inv20- AC Production - Power (W) | Inv20- AC Consumption - Energy (Wh) | Inv20- AC Consumption - Power (W) | Inv20- KWh/KWp (%) | Inv21- AC Production - Energy (Wh) | Inv21- AC Production - Power (W) | Inv21- AC Consumption - Energy (Wh) | Inv21- AC Consumption - Power (W) | Inv21- KWh/KWp (%) | Inv22- AC Production - Energy (Wh) | Inv22- AC Production - Power (W) | Inv22- AC Consumption - Energy (Wh) | Inv22- AC Consumption - Power (W) | Inv22- KWh/KWp (%) | Inv23- AC Production - Energy (Wh) | Inv23- AC Production - Power (W) | Inv23- AC Consumption - Energy (Wh) | Inv23- AC Consumption - Power (W) | Inv23- KWh/KWp (%) | Inv24- AC Production - Energy (Wh) | Inv24- AC Production - Power (W) | Inv24- AC Consumption - Energy (Wh) | Inv24- AC Consumption - Power (W) | Inv24- KWh/KWp (%) | Inv25- AC Production - Energy (Wh) | Inv25- AC Production - Power (W) | Inv25- AC Consumption - Energy (Wh) | Inv25- AC Consumption - Power (W) | Inv25- KWh/KWp (%) | Inv26- AC Production - Energy (Wh) | Inv26- AC Production - Power (W) | Inv26- AC Consumption - Energy (Wh) | Inv26- AC Consumption - Power (W) | Inv26- KWh/KWp (%),10080,10080,0,"%m/%d/%y, %I:%M %p:10080",2024-12-28 00:00:00,2025-01-31 23:55:00,5 minutes,OK,,combined/model dataset,PV/production markers; combined/dataset marker,EXACT_DUPLICATE_OF=data/raw/Data to be used/Data to be used/Power/Weekly Data/AC_power_energy/Combined Production Data/2025/Jan_2025.csv
data/raw/Data to be used/Data to be used/Power/Weekly Data/AC_power_energy/Combined Production Data/Week_1.csv,686347,.csv,1ebfbb1e9273561161a299d4ce33f6107785bd0402b3abf3291cb45176bdf868,Time | Production Energy (Wh) | Production Power (W) | Consumption Energy (Wh) | Consumption Power (W) | KWh/KWp (%) Inv1 | Production Energy (Wh) | Production Power (W) | Consumption Energy (Wh) | Consumption Power (W) | KWh/KWp (%) Inv 2 | Production Energy (Wh) | Production Power (W) | Consumption Energy (Wh) | Consumption Power (W) | KWh/KWp (%) Inv 3 | Production Energy (Wh) | Production Power (W) | Consumption Energy (Wh) | Consumption Power (W) | KWh/KWp (%) Inv 4 | Production Energy (Wh) | Production Power (W) | Consumption Energy (Wh) | Consumption Power (W) | KWh/KWp (%) Inv 5 | Production Energy (Wh) | Production Power (W) | Consumption Energy (Wh) | Consumption Power (W) | KWh/KWp (%) Inv 6 | Production Energy (Wh) | Production Power (W) | Consumption Energy (Wh) | Consumption Power (W) | KWh/KWp (%) Inv 7 | Production Energy (Wh) | Production Power (W) | Consumption Energy (Wh) | Consumption Power (W) | KWh/KWp (%) Inv 8 | Production Energy (Wh) | Production Power (W) | Consumption Energy (Wh) | Consumption Power (W) | KWh/KWp (%) Inv 9 | Production Energy (Wh) | Production Power (W) | Consumption Energy (Wh) | Consumption Power (W) | KWh/KWp (%) Inv 10 | Production Energy (Wh) | Production Power (W) | Consumption Energy (Wh) | Consumption Power (W) | KWh/KWp (%) Inv 11 | Production Energy (Wh) | Production Power (W) | Consumption Energy (Wh) | Consumption Power (W) | KWh/KWp (%) Inv 12 | Production Energy (Wh) | Production Power (W) | Consumption Energy (Wh) | Consumption Power (W) | KWh/KWp (%) Inv 13 | Production Energy (Wh) | Production Power (W) | Consumption Energy (Wh) | Consumption Power (W) | KWh/KWp (%) Inv 14 | Production Energy (Wh) | Production Power (W) | Consumption Energy (Wh) | Consumption Power (W) | KWh/KWp (%) Inv 15 | Production Energy (Wh) | Production Power (W) | Consumption Energy (Wh) | Consumption Power (W) | KWh/KWp (%) Inv 16 | Production Energy (Wh) | Production Power (W) | Consumption Energy (Wh) | Consumption Power (W) | KWh/KWp (%) Inv 17 | Production Energy (Wh) | Production Power (W) | Consumption Energy (Wh) | Consumption Power (W) | KWh/KWp (%) Inv 18 | Production Energy (Wh) | Production Power (W) | Consumption Energy (Wh) | Consumption Power (W) | KWh/KWp (%) Inv 19 | Production Energy (Wh) | Production Power (W) | Consumption Energy (Wh) | Consumption Power (W) | KWh/KWp (%) Inv 20 | Production Energy (Wh) | Production Power (W) | Consumption Energy (Wh) | Consumption Power (W) | KWh/KWp (%) Inv 21 | Production Energy (Wh) | Production Power (W) | Consumption Energy (Wh) | Consumption Power (W) | KWh/KWp (%) Inv 22 | Production Energy (Wh) | Production Power (W) | Consumption Energy (Wh) | Consumption Power (W) | KWh/KWp (%) Inv 23 | Production Energy (Wh) | Production Power (W) | Consumption Energy (Wh) | Consumption Power (W) | KWh/KWp (%) Inv 24 | Production Energy (Wh) | Production Power (W) | Consumption Energy (Wh) | Consumption Power (W) | KWh/KWp (%) Inv 25 | Production Energy (Wh) | Production Power (W) | Consumption Energy (Wh) | Consumption Power (W) | KWh/KWp (%) Inv 26,2016,2016,0,"%m/%d/%y, %I:%M %p:2016",2023-12-30 00:00:00,2024-01-05 23:55:00,5 minutes,OK,,combined/model dataset,PV/production markers; combined/dataset marker,EXACT_DUPLICATE_OF=data/raw/Data to be used/Data to be used/Power/Weekly Data/AC_power_energy/2024/Chart AC_power_Energy_2024_week_1 01_31_2025 01_44 PM.csv
data/raw/Data to be used/Data to be used/Power/Weekly Data/AC_power_energy/Combined Production Data/Week_10.csv,685539,.csv,17fc0d536e3416b3b4e3f1e3ee4fc04e8a32943baf4017ea38b8dac1e38cf7bb,Time | Inv1- AC Production - Energy (Wh) | Inv1- AC Production - Power (W) | Inv1- AC Consumption - Energy (Wh) | Inv1- AC Consumption - Power (W) | Inv1- KWh/KWp (%) | Inv2- AC Production - Energy (Wh) | Inv2- AC Production - Power (W) | Inv2- AC Consumption - Energy (Wh) | Inv2- AC Consumption - Power (W) | Inv2- KWh/KWp (%) | Inv3- AC Production - Energy (Wh) | Inv3- AC Production - Power (W) | Inv3- AC Consumption - Energy (Wh) | Inv3- AC Consumption - Power (W) | Inv3- KWh/KWp (%) | Inv4- AC Production - Energy (Wh) | Inv4- AC Production - Power (W) | Inv4- AC Consumption - Energy (Wh) | Inv4- AC Consumption - Power (W) | Inv4- KWh/KWp (%) | Inv5- AC Production - Energy (Wh) | Inv5- AC Production - Power (W) | Inv5- AC Consumption - Energy (Wh) | Inv5- AC Consumption - Power (W) | Inv5- KWh/KWp (%) | Inv6- AC Production - Energy (Wh) | Inv6- AC Production - Power (W) | Inv6- AC Consumption - Energy (Wh) | Inv6- AC Consumption - Power (W) | Inv6- KWh/KWp (%) | Inv7- AC Production - Energy (Wh) | Inv7- AC Production - Power (W) | Inv7- AC Consumption - Energy (Wh) | Inv7- AC Consumption - Power (W) | Inv7- KWh/KWp (%) | Inv8- AC Production - Energy (Wh) | Inv8- AC Production - Power (W) | Inv8- AC Consumption - Energy (Wh) | Inv8- AC Consumption - Power (W) | Inv8- KWh/KWp (%) | Inv9- AC Production - Energy (Wh) | Inv9- AC Production - Power (W) | Inv9- AC Consumption - Energy (Wh) | Inv9- AC Consumption - Power (W) | Inv9- KWh/KWp (%) | Inv10- AC Production - Energy (Wh) | Inv10- AC Production - Power (W) | Inv10- AC Consumption - Energy (Wh) | Inv10- AC Consumption - Power (W) | Inv10- KWh/KWp (%) | Inv11- AC Production - Energy (Wh) | Inv11- AC Production - Power (W) | Inv11- AC Consumption - Energy (Wh) | Inv11- AC Consumption - Power (W) | Inv11- KWh/KWp (%) | Inv12- AC Production - Energy (Wh) | Inv12- AC Production - Power (W) | Inv12- AC Consumption - Energy (Wh) | Inv12- AC Consumption - Power (W) | Inv12- KWh/KWp (%) | Inv13- AC Production - Energy (Wh) | Inv13- AC Production - Power (W) | Inv13- AC Consumption - Energy (Wh) | Inv13- AC Consumption - Power (W) | Inv13- KWh/KWp (%) | Inv14- AC Production - Energy (Wh) | Inv14- AC Production - Power (W) | Inv14- AC Consumption - Energy (Wh) | Inv14- AC Consumption - Power (W) | Inv14- KWh/KWp (%) | Inv15- AC Production - Energy (Wh) | Inv15- AC Production - Power (W) | Inv15- AC Consumption - Energy (Wh) | Inv15- AC Consumption - Power (W) | Inv15- KWh/KWp (%) | Inv16- AC Production - Energy (Wh) | Inv16- AC Production - Power (W) | Inv16- AC Consumption - Energy (Wh) | Inv16- AC Consumption - Power (W) | Inv16- KWh/KWp (%) | Inv17- AC Production - Energy (Wh) | Inv17- AC Production - Power (W) | Inv17- AC Consumption - Energy (Wh) | Inv17- AC Consumption - Power (W) | Inv17- KWh/KWp (%) | Inv18- AC Production - Energy (Wh) | Inv18- AC Production - Power (W) | Inv18- AC Consumption - Energy (Wh) | Inv18- AC Consumption - Power (W) | Inv18- KWh/KWp (%) | Inv19- AC Production - Energy (Wh) | Inv19- AC Production - Power (W) | Inv19- AC Consumption - Energy (Wh) | Inv19- AC Consumption - Power (W) | Inv19- KWh/KWp (%) | Inv20- AC Production - Energy (Wh) | Inv20- AC Production - Power (W) | Inv20- AC Consumption - Energy (Wh) | Inv20- AC Consumption - Power (W) | Inv20- KWh/KWp (%) | Inv21- AC Production - Energy (Wh) | Inv21- AC Production - Power (W) | Inv21- AC Consumption - Energy (Wh) | Inv21- AC Consumption - Power (W) | Inv21- KWh/KWp (%) | Inv22- AC Production - Energy (Wh) | Inv22- AC Production - Power (W) | Inv22- AC Consumption - Energy (Wh) | Inv22- AC Consumption - Power (W) | Inv22- KWh/KWp (%) | Inv23- AC Production - Energy (Wh) | Inv23- AC Production - Power (W) | Inv23- AC Consumption - Energy (Wh) | Inv23- AC Consumption - Power (W) | Inv23- KWh/KWp (%) | Inv24- AC Production - Energy (Wh) | Inv24- AC Production - Power (W) | Inv24- AC Consumption - Energy (Wh) | Inv24- AC Consumption - Power (W) | Inv24- KWh/KWp (%) | Inv25- AC Production - Energy (Wh) | Inv25- AC Production - Power (W) | Inv25- AC Consumption - Energy (Wh) | Inv25- AC Consumption - Power (W) | Inv25- KWh/KWp (%) | Inv26- AC Production - Energy (Wh) | Inv26- AC Production - Power (W) | Inv26- AC Consumption - Energy (Wh) | Inv26- AC Consumption - Power (W) | Inv26- KWh/KWp (%),2016,2016,0,"%m/%d/%y, %I:%M %p:2016",2024-03-02 00:00:00,2024-03-08 23:55:00,5 minutes,OK,,combined/model dataset,PV/production markers; combined/dataset marker,
data/raw/Data to be used/Data to be used/Power/Weekly Data/AC_power_energy/Combined Production Data/Week_11.csv,678604,.csv,1654cf544c804bef358f7275fc910b9d12c94791bd8bd01948ca031ed49a4acd,Time | Inv1- AC Production - Energy (Wh) | Inv1- AC Production - Power (W) | Inv1- AC Consumption - Energy (Wh) | Inv1- AC Consumption - Power (W) | Inv1- KWh/KWp (%) | Inv2- AC Production - Energy (Wh) | Inv2- AC Production - Power (W) | Inv2- AC Consumption - Energy (Wh) | Inv2- AC Consumption - Power (W) | Inv2- KWh/KWp (%) | Inv3- AC Production - Energy (Wh) | Inv3- AC Production - Power (W) | Inv3- AC Consumption - Energy (Wh) | Inv3- AC Consumption - Power (W) | Inv3- KWh/KWp (%) | Inv4- AC Production - Energy (Wh) | Inv4- AC Production - Power (W) | Inv4- AC Consumption - Energy (Wh) | Inv4- AC Consumption - Power (W) | Inv4- KWh/KWp (%) | Inv5- AC Production - Energy (Wh) | Inv5- AC Production - Power (W) | Inv5- AC Consumption - Energy (Wh) | Inv5- AC Consumption - Power (W) | Inv5- KWh/KWp (%) | Inv6- AC Production - Energy (Wh) | Inv6- AC Production - Power (W) | Inv6- AC Consumption - Energy (Wh) | Inv6- AC Consumption - Power (W) | Inv6- KWh/KWp (%) | Inv7- AC Production - Energy (Wh) | Inv7- AC Production - Power (W) | Inv7- AC Consumption - Energy (Wh) | Inv7- AC Consumption - Power (W) | Inv7- KWh/KWp (%) | Inv8- AC Production - Energy (Wh) | Inv8- AC Production - Power (W) | Inv8- AC Consumption - Energy (Wh) | Inv8- AC Consumption - Power (W) | Inv8- KWh/KWp (%) | Inv9- AC Production - Energy (Wh) | Inv9- AC Production - Power (W) | Inv9- AC Consumption - Energy (Wh) | Inv9- AC Consumption - Power (W) | Inv9- KWh/KWp (%) | Inv10- AC Production - Energy (Wh) | Inv10- AC Production - Power (W) | Inv10- AC Consumption - Energy (Wh) | Inv10- AC Consumption - Power (W) | Inv10- KWh/KWp (%) | Inv11- AC Production - Energy (Wh) | Inv11- AC Production - Power (W) | Inv11- AC Consumption - Energy (Wh) | Inv11- AC Consumption - Power (W) | Inv11- KWh/KWp (%) | Inv12- AC Production - Energy (Wh) | Inv12- AC Production - Power (W) | Inv12- AC Consumption - Energy (Wh) | Inv12- AC Consumption - Power (W) | Inv12- KWh/KWp (%) | Inv13- AC Production - Energy (Wh) | Inv13- AC Production - Power (W) | Inv13- AC Consumption - Energy (Wh) | Inv13- AC Consumption - Power (W) | Inv13- KWh/KWp (%) | Inv14- AC Production - Energy (Wh) | Inv14- AC Production - Power (W) | Inv14- AC Consumption - Energy (Wh) | Inv14- AC Consumption - Power (W) | Inv14- KWh/KWp (%) | Inv15- AC Production - Energy (Wh) | Inv15- AC Production - Power (W) | Inv15- AC Consumption - Energy (Wh) | Inv15- AC Consumption - Power (W) | Inv15- KWh/KWp (%) | Inv16- AC Production - Energy (Wh) | Inv16- AC Production - Power (W) | Inv16- AC Consumption - Energy (Wh) | Inv16- AC Consumption - Power (W) | Inv16- KWh/KWp (%) | Inv17- AC Production - Energy (Wh) | Inv17- AC Production - Power (W) | Inv17- AC Consumption - Energy (Wh) | Inv17- AC Consumption - Power (W) | Inv17- KWh/KWp (%) | Inv18- AC Production - Energy (Wh) | Inv18- AC Production - Power (W) | Inv18- AC Consumption - Energy (Wh) | Inv18- AC Consumption - Power (W) | Inv18- KWh/KWp (%) | Inv19- AC Production - Energy (Wh) | Inv19- AC Production - Power (W) | Inv19- AC Consumption - Energy (Wh) | Inv19- AC Consumption - Power (W) | Inv19- KWh/KWp (%) | Inv20- AC Production - Energy (Wh) | Inv20- AC Production - Power (W) | Inv20- AC Consumption - Energy (Wh) | Inv20- AC Consumption - Power (W) | Inv20- KWh/KWp (%) | Inv21- AC Production - Energy (Wh) | Inv21- AC Production - Power (W) | Inv21- AC Consumption - Energy (Wh) | Inv21- AC Consumption - Power (W) | Inv21- KWh/KWp (%) | Inv22- AC Production - Energy (Wh) | Inv22- AC Production - Power (W) | Inv22- AC Consumption - Energy (Wh) | Inv22- AC Consumption - Power (W) | Inv22- KWh/KWp (%) | Inv23- AC Production - Energy (Wh) | Inv23- AC Production - Power (W) | Inv23- AC Consumption - Energy (Wh) | Inv23- AC Consumption - Power (W) | Inv23- KWh/KWp (%) | Inv24- AC Production - Energy (Wh) | Inv24- AC Production - Power (W) | Inv24- AC Consumption - Energy (Wh) | Inv24- AC Consumption - Power (W) | Inv24- KWh/KWp (%) | Inv25- AC Production - Energy (Wh) | Inv25- AC Production - Power (W) | Inv25- AC Consumption - Energy (Wh) | Inv25- AC Consumption - Power (W) | Inv25- KWh/KWp (%) | Inv26- AC Production - Energy (Wh) | Inv26- AC Production - Power (W) | Inv26- AC Consumption - Energy (Wh) | Inv26- AC Consumption - Power (W) | Inv26- KWh/KWp (%),2016,2016,0,"%m/%d/%y, %I:%M %p:2016",2024-03-09 00:00:00,2024-03-15 23:55:00,5 minutes,OK,,combined/model dataset,PV/production markers; combined/dataset marker,
data/raw/Data to be used/Data to be used/Power/Weekly Data/AC_power_energy/Combined Production Data/Week_12.csv,682285,.csv,998e3d13cafbad4c69ce85a7ea33d5335a7909605adbb2978afaaedeb1595358,Time | Inv1- AC Production - Energy (Wh) | Inv1- AC Production - Power (W) | Inv1- AC Consumption - Energy (Wh) | Inv1- AC Consumption - Power (W) | Inv1- KWh/KWp (%) | Inv2- AC Production - Energy (Wh) | Inv2- AC Production - Power (W) | Inv2- AC Consumption - Energy (Wh) | Inv2- AC Consumption - Power (W) | Inv2- KWh/KWp (%) | Inv3- AC Production - Energy (Wh) | Inv3- AC Production - Power (W) | Inv3- AC Consumption - Energy (Wh) | Inv3- AC Consumption - Power (W) | Inv3- KWh/KWp (%) | Inv4- AC Production - Energy (Wh) | Inv4- AC Production - Power (W) | Inv4- AC Consumption - Energy (Wh) | Inv4- AC Consumption - Power (W) | Inv4- KWh/KWp (%) | Inv5- AC Production - Energy (Wh) | Inv5- AC Production - Power (W) | Inv5- AC Consumption - Energy (Wh) | Inv5- AC Consumption - Power (W) | Inv5- KWh/KWp (%) | Inv6- AC Production - Energy (Wh) | Inv6- AC Production - Power (W) | Inv6- AC Consumption - Energy (Wh) | Inv6- AC Consumption - Power (W) | Inv6- KWh/KWp (%) | Inv7- AC Production - Energy (Wh) | Inv7- AC Production - Power (W) | Inv7- AC Consumption - Energy (Wh) | Inv7- AC Consumption - Power (W) | Inv7- KWh/KWp (%) | Inv8- AC Production - Energy (Wh) | Inv8- AC Production - Power (W) | Inv8- AC Consumption - Energy (Wh) | Inv8- AC Consumption - Power (W) | Inv8- KWh/KWp (%) | Inv9- AC Production - Energy (Wh) | Inv9- AC Production - Power (W) | Inv9- AC Consumption - Energy (Wh) | Inv9- AC Consumption - Power (W) | Inv9- KWh/KWp (%) | Inv10- AC Production - Energy (Wh) | Inv10- AC Production - Power (W) | Inv10- AC Consumption - Energy (Wh) | Inv10- AC Consumption - Power (W) | Inv10- KWh/KWp (%) | Inv11- AC Production - Energy (Wh) | Inv11- AC Production - Power (W) | Inv11- AC Consumption - Energy (Wh) | Inv11- AC Consumption - Power (W) | Inv11- KWh/KWp (%) | Inv12- AC Production - Energy (Wh) | Inv12- AC Production - Power (W) | Inv12- AC Consumption - Energy (Wh) | Inv12- AC Consumption - Power (W) | Inv12- KWh/KWp (%) | Inv13- AC Production - Energy (Wh) | Inv13- AC Production - Power (W) | Inv13- AC Consumption - Energy (Wh) | Inv13- AC Consumption - Power (W) | Inv13- KWh/KWp (%) | Inv14- AC Production - Energy (Wh) | Inv14- AC Production - Power (W) | Inv14- AC Consumption - Energy (Wh) | Inv14- AC Consumption - Power (W) | Inv14- KWh/KWp (%) | Inv15- AC Production - Energy (Wh) | Inv15- AC Production - Power (W) | Inv15- AC Consumption - Energy (Wh) | Inv15- AC Consumption - Power (W) | Inv15- KWh/KWp (%) | Inv16- AC Production - Energy (Wh) | Inv16- AC Production - Power (W) | Inv16- AC Consumption - Energy (Wh) | Inv16- AC Consumption - Power (W) | Inv16- KWh/KWp (%) | Inv17- AC Production - Energy (Wh) | Inv17- AC Production - Power (W) | Inv17- AC Consumption - Energy (Wh) | Inv17- AC Consumption - Power (W) | Inv17- KWh/KWp (%) | Inv18- AC Production - Energy (Wh) | Inv18- AC Production - Power (W) | Inv18- AC Consumption - Energy (Wh) | Inv18- AC Consumption - Power (W) | Inv18- KWh/KWp (%) | Inv19- AC Production - Energy (Wh) | Inv19- AC Production - Power (W) | Inv19- AC Consumption - Energy (Wh) | Inv19- AC Consumption - Power (W) | Inv19- KWh/KWp (%) | Inv20- AC Production - Energy (Wh) | Inv20- AC Production - Power (W) | Inv20- AC Consumption - Energy (Wh) | Inv20- AC Consumption - Power (W) | Inv20- KWh/KWp (%) | Inv21- AC Production - Energy (Wh) | Inv21- AC Production - Power (W) | Inv21- AC Consumption - Energy (Wh) | Inv21- AC Consumption - Power (W) | Inv21- KWh/KWp (%) | Inv22- AC Production - Energy (Wh) | Inv22- AC Production - Power (W) | Inv22- AC Consumption - Energy (Wh) | Inv22- AC Consumption - Power (W) | Inv22- KWh/KWp (%) | Inv23- AC Production - Energy (Wh) | Inv23- AC Production - Power (W) | Inv23- AC Consumption - Energy (Wh) | Inv23- AC Consumption - Power (W) | Inv23- KWh/KWp (%) | Inv24- AC Production - Energy (Wh) | Inv24- AC Production - Power (W) | Inv24- AC Consumption - Energy (Wh) | Inv24- AC Consumption - Power (W) | Inv24- KWh/KWp (%) | Inv25- AC Production - Energy (Wh) | Inv25- AC Production - Power (W) | Inv25- AC Consumption - Energy (Wh) | Inv25- AC Consumption - Power (W) | Inv25- KWh/KWp (%) | Inv26- AC Production - Energy (Wh) | Inv26- AC Production - Power (W) | Inv26- AC Consumption - Energy (Wh) | Inv26- AC Consumption - Power (W) | Inv26- KWh/KWp (%),2016,2016,0,"%m/%d/%y, %I:%M %p:2016",2024-03-16 00:00:00,2024-03-22 23:55:00,5 minutes,OK,,combined/model dataset,PV/production markers; combined/dataset marker,
data/raw/Data to be used/Data to be used/Power/Weekly Data/AC_power_energy/Combined Production Data/Week_13.csv,671303,.csv,98d27fc79fb700b871ee35c843d60fe4dd897b25198ac6ea5ad3b6b11778c094,Time | Inv1- AC Production - Energy (Wh) | Inv1- AC Production - Power (W) | Inv1- AC Consumption - Energy (Wh) | Inv1- AC Consumption - Power (W) | Inv1- KWh/KWp (%) | Inv2- AC Production - Energy (Wh) | Inv2- AC Production - Power (W) | Inv2- AC Consumption - Energy (Wh) | Inv2- AC Consumption - Power (W) | Inv2- KWh/KWp (%) | Inv3- AC Production - Energy (Wh) | Inv3- AC Production - Power (W) | Inv3- AC Consumption - Energy (Wh) | Inv3- AC Consumption - Power (W) | Inv3- KWh/KWp (%) | Inv4- AC Production - Energy (Wh) | Inv4- AC Production - Power (W) | Inv4- AC Consumption - Energy (Wh) | Inv4- AC Consumption - Power (W) | Inv4- KWh/KWp (%) | Inv5- AC Production - Energy (Wh) | Inv5- AC Production - Power (W) | Inv5- AC Consumption - Energy (Wh) | Inv5- AC Consumption - Power (W) | Inv5- KWh/KWp (%) | Inv6- AC Production - Energy (Wh) | Inv6- AC Production - Power (W) | Inv6- AC Consumption - Energy (Wh) | Inv6- AC Consumption - Power (W) | Inv6- KWh/KWp (%) | Inv7- AC Production - Energy (Wh) | Inv7- AC Production - Power (W) | Inv7- AC Consumption - Energy (Wh) | Inv7- AC Consumption - Power (W) | Inv7- KWh/KWp (%) | Inv8- AC Production - Energy (Wh) | Inv8- AC Production - Power (W) | Inv8- AC Consumption - Energy (Wh) | Inv8- AC Consumption - Power (W) | Inv8- KWh/KWp (%) | Inv9- AC Production - Energy (Wh) | Inv9- AC Production - Power (W) | Inv9- AC Consumption - Energy (Wh) | Inv9- AC Consumption - Power (W) | Inv9- KWh/KWp (%) | Inv10- AC Production - Energy (Wh) | Inv10- AC Production - Power (W) | Inv10- AC Consumption - Energy (Wh) | Inv10- AC Consumption - Power (W) | Inv10- KWh/KWp (%) | Inv11- AC Production - Energy (Wh) | Inv11- AC Production - Power (W) | Inv11- AC Consumption - Energy (Wh) | Inv11- AC Consumption - Power (W) | Inv11- KWh/KWp (%) | Inv12- AC Production - Energy (Wh) | Inv12- AC Production - Power (W) | Inv12- AC Consumption - Energy (Wh) | Inv12- AC Consumption - Power (W) | Inv12- KWh/KWp (%) | Inv13- AC Production - Energy (Wh) | Inv13- AC Production - Power (W) | Inv13- AC Consumption - Energy (Wh) | Inv13- AC Consumption - Power (W) | Inv13- KWh/KWp (%) | Inv14- AC Production - Energy (Wh) | Inv14- AC Production - Power (W) | Inv14- AC Consumption - Energy (Wh) | Inv14- AC Consumption - Power (W) | Inv14- KWh/KWp (%) | Inv15- AC Production - Energy (Wh) | Inv15- AC Production - Power (W) | Inv15- AC Consumption - Energy (Wh) | Inv15- AC Consumption - Power (W) | Inv15- KWh/KWp (%) | Inv16- AC Production - Energy (Wh) | Inv16- AC Production - Power (W) | Inv16- AC Consumption - Energy (Wh) | Inv16- AC Consumption - Power (W) | Inv16- KWh/KWp (%) | Inv17- AC Production - Energy (Wh) | Inv17- AC Production - Power (W) | Inv17- AC Consumption - Energy (Wh) | Inv17- AC Consumption - Power (W) | Inv17- KWh/KWp (%) | Inv18- AC Production - Energy (Wh) | Inv18- AC Production - Power (W) | Inv18- AC Consumption - Energy (Wh) | Inv18- AC Consumption - Power (W) | Inv18- KWh/KWp (%) | Inv19- AC Production - Energy (Wh) | Inv19- AC Production - Power (W) | Inv19- AC Consumption - Energy (Wh) | Inv19- AC Consumption - Power (W) | Inv19- KWh/KWp (%) | Inv20- AC Production - Energy (Wh) | Inv20- AC Production - Power (W) | Inv20- AC Consumption - Energy (Wh) | Inv20- AC Consumption - Power (W) | Inv20- KWh/KWp (%) | Inv21- AC Production - Energy (Wh) | Inv21- AC Production - Power (W) | Inv21- AC Consumption - Energy (Wh) | Inv21- AC Consumption - Power (W) | Inv21- KWh/KWp (%) | Inv22- AC Production - Energy (Wh) | Inv22- AC Production - Power (W) | Inv22- AC Consumption - Energy (Wh) | Inv22- AC Consumption - Power (W) | Inv22- KWh/KWp (%) | Inv23- AC Production - Energy (Wh) | Inv23- AC Production - Power (W) | Inv23- AC Consumption - Energy (Wh) | Inv23- AC Consumption - Power (W) | Inv23- KWh/KWp (%) | Inv24- AC Production - Energy (Wh) | Inv24- AC Production - Power (W) | Inv24- AC Consumption - Energy (Wh) | Inv24- AC Consumption - Power (W) | Inv24- KWh/KWp (%) | Inv25- AC Production - Energy (Wh) | Inv25- AC Production - Power (W) | Inv25- AC Consumption - Energy (Wh) | Inv25- AC Consumption - Power (W) | Inv25- KWh/KWp (%) | Inv26- AC Production - Energy (Wh) | Inv26- AC Production - Power (W) | Inv26- AC Consumption - Energy (Wh) | Inv26- AC Consumption - Power (W) | Inv26- KWh/KWp (%),2016,2016,0,"%m/%d/%y, %I:%M %p:2016",2024-03-23 00:00:00,2024-03-29 23:55:00,5 minutes,OK,,combined/model dataset,PV/production markers; combined/dataset marker,
data/raw/Data to be used/Data to be used/Power/Weekly Data/AC_power_energy/Combined Production Data/Week_14.csv,651452,.csv,866846862be850f044ee3187e93f125e34e4cd83c411ee6eb9f23404f1f5554a,Time | Inv1- AC Production - Energy (Wh) | Inv1- AC Production - Power (W) | Inv1- AC Consumption - Energy (Wh) | Inv1- AC Consumption - Power (W) | Inv1- KWh/KWp (%) | Inv2- AC Production - Energy (Wh) | Inv2- AC Production - Power (W) | Inv2- AC Consumption - Energy (Wh) | Inv2- AC Consumption - Power (W) | Inv2- KWh/KWp (%) | Inv3- AC Production - Energy (Wh) | Inv3- AC Production - Power (W) | Inv3- AC Consumption - Energy (Wh) | Inv3- AC Consumption - Power (W) | Inv3- KWh/KWp (%) | Inv4- AC Production - Energy (Wh) | Inv4- AC Production - Power (W) | Inv4- AC Consumption - Energy (Wh) | Inv4- AC Consumption - Power (W) | Inv4- KWh/KWp (%) | Inv5- AC Production - Energy (Wh) | Inv5- AC Production - Power (W) | Inv5- AC Consumption - Energy (Wh) | Inv5- AC Consumption - Power (W) | Inv5- KWh/KWp (%) | Inv6- AC Production - Energy (Wh) | Inv6- AC Production - Power (W) | Inv6- AC Consumption - Energy (Wh) | Inv6- AC Consumption - Power (W) | Inv6- KWh/KWp (%) | Inv7- AC Production - Energy (Wh) | Inv7- AC Production - Power (W) | Inv7- AC Consumption - Energy (Wh) | Inv7- AC Consumption - Power (W) | Inv7- KWh/KWp (%) | Inv8- AC Production - Energy (Wh) | Inv8- AC Production - Power (W) | Inv8- AC Consumption - Energy (Wh) | Inv8- AC Consumption - Power (W) | Inv8- KWh/KWp (%) | Inv9- AC Production - Energy (Wh) | Inv9- AC Production - Power (W) | Inv9- AC Consumption - Energy (Wh) | Inv9- AC Consumption - Power (W) | Inv9- KWh/KWp (%) | Inv10- AC Production - Energy (Wh) | Inv10- AC Production - Power (W) | Inv10- AC Consumption - Energy (Wh) | Inv10- AC Consumption - Power (W) | Inv10- KWh/KWp (%) | Inv11- AC Production - Energy (Wh) | Inv11- AC Production - Power (W) | Inv11- AC Consumption - Energy (Wh) | Inv11- AC Consumption - Power (W) | Inv11- KWh/KWp (%) | Inv12- AC Production - Energy (Wh) | Inv12- AC Production - Power (W) | Inv12- AC Consumption - Energy (Wh) | Inv12- AC Consumption - Power (W) | Inv12- KWh/KWp (%) | Inv13- AC Production - Energy (Wh) | Inv13- AC Production - Power (W) | Inv13- AC Consumption - Energy (Wh) | Inv13- AC Consumption - Power (W) | Inv13- KWh/KWp (%) | Inv14- AC Production - Energy (Wh) | Inv14- AC Production - Power (W) | Inv14- AC Consumption - Energy (Wh) | Inv14- AC Consumption - Power (W) | Inv14- KWh/KWp (%) | Inv15- AC Production - Energy (Wh) | Inv15- AC Production - Power (W) | Inv15- AC Consumption - Energy (Wh) | Inv15- AC Consumption - Power (W) | Inv15- KWh/KWp (%) | Inv16- AC Production - Energy (Wh) | Inv16- AC Production - Power (W) | Inv16- AC Consumption - Energy (Wh) | Inv16- AC Consumption - Power (W) | Inv16- KWh/KWp (%) | Inv17- AC Production - Energy (Wh) | Inv17- AC Production - Power (W) | Inv17- AC Consumption - Energy (Wh) | Inv17- AC Consumption - Power (W) | Inv17- KWh/KWp (%) | Inv18- AC Production - Energy (Wh) | Inv18- AC Production - Power (W) | Inv18- AC Consumption - Energy (Wh) | Inv18- AC Consumption - Power (W) | Inv18- KWh/KWp (%) | Inv19- AC Production - Energy (Wh) | Inv19- AC Production - Power (W) | Inv19- AC Consumption - Energy (Wh) | Inv19- AC Consumption - Power (W) | Inv19- KWh/KWp (%) | Inv20- AC Production - Energy (Wh) | Inv20- AC Production - Power (W) | Inv20- AC Consumption - Energy (Wh) | Inv20- AC Consumption - Power (W) | Inv20- KWh/KWp (%) | Inv21- AC Production - Energy (Wh) | Inv21- AC Production - Power (W) | Inv21- AC Consumption - Energy (Wh) | Inv21- AC Consumption - Power (W) | Inv21- KWh/KWp (%) | Inv22- AC Production - Energy (Wh) | Inv22- AC Production - Power (W) | Inv22- AC Consumption - Energy (Wh) | Inv22- AC Consumption - Power (W) | Inv22- KWh/KWp (%) | Inv23- AC Production - Energy (Wh) | Inv23- AC Production - Power (W) | Inv23- AC Consumption - Energy (Wh) | Inv23- AC Consumption - Power (W) | Inv23- KWh/KWp (%) | Inv24- AC Production - Energy (Wh) | Inv24- AC Production - Power (W) | Inv24- AC Consumption - Energy (Wh) | Inv24- AC Consumption - Power (W) | Inv24- KWh/KWp (%) | Inv25- AC Production - Energy (Wh) | Inv25- AC Production - Power (W) | Inv25- AC Consumption - Energy (Wh) | Inv25- AC Consumption - Power (W) | Inv25- KWh/KWp (%) | Inv26- AC Production - Energy (Wh) | Inv26- AC Production - Power (W) | Inv26- AC Consumption - Energy (Wh) | Inv26- AC Consumption - Power (W) | Inv26- KWh/KWp (%),2016,2016,0,"%m/%d/%y, %I:%M %p:2016",2024-03-30 00:00:00,2024-04-05 23:55:00,5 minutes,OK,,combined/model dataset,PV/production markers; combined/dataset marker,
data/raw/Data to be used/Data to be used/Power/Weekly Data/AC_power_energy/Combined Production Data/Week_15.csv,645135,.csv,3c3165f026c45c60aa7d18e5ea67a587bfe67425721524422cc0592b1f7d932a,Time | Inv1- AC Production - Energy (Wh) | Inv1- AC Production - Power (W) | Inv1- AC Consumption - Energy (Wh) | Inv1- AC Consumption - Power (W) | Inv1- KWh/KWp (%) | Inv2- AC Production - Energy (Wh) | Inv2- AC Production - Power (W) | Inv2- AC Consumption - Energy (Wh) | Inv2- AC Consumption - Power (W) | Inv2- KWh/KWp (%) | Inv3- AC Production - Energy (Wh) | Inv3- AC Production - Power (W) | Inv3- AC Consumption - Energy (Wh) | Inv3- AC Consumption - Power (W) | Inv3- KWh/KWp (%) | Inv4- AC Production - Energy (Wh) | Inv4- AC Production - Power (W) | Inv4- AC Consumption - Energy (Wh) | Inv4- AC Consumption - Power (W) | Inv4- KWh/KWp (%) | Inv5- AC Production - Energy (Wh) | Inv5- AC Production - Power (W) | Inv5- AC Consumption - Energy (Wh) | Inv5- AC Consumption - Power (W) | Inv5- KWh/KWp (%) | Inv6- AC Production - Energy (Wh) | Inv6- AC Production - Power (W) | Inv6- AC Consumption - Energy (Wh) | Inv6- AC Consumption - Power (W) | Inv6- KWh/KWp (%) | Inv7- AC Production - Energy (Wh) | Inv7- AC Production - Power (W) | Inv7- AC Consumption - Energy (Wh) | Inv7- AC Consumption - Power (W) | Inv7- KWh/KWp (%) | Inv8- AC Production - Energy (Wh) | Inv8- AC Production - Power (W) | Inv8- AC Consumption - Energy (Wh) | Inv8- AC Consumption - Power (W) | Inv8- KWh/KWp (%) | Inv9- AC Production - Energy (Wh) | Inv9- AC Production - Power (W) | Inv9- AC Consumption - Energy (Wh) | Inv9- AC Consumption - Power (W) | Inv9- KWh/KWp (%) | Inv10- AC Production - Energy (Wh) | Inv10- AC Production - Power (W) | Inv10- AC Consumption - Energy (Wh) | Inv10- AC Consumption - Power (W) | Inv10- KWh/KWp (%) | Inv11- AC Production - Energy (Wh) | Inv11- AC Production - Power (W) | Inv11- AC Consumption - Energy (Wh) | Inv11- AC Consumption - Power (W) | Inv11- KWh/KWp (%) | Inv12- AC Production - Energy (Wh) | Inv12- AC Production - Power (W) | Inv12- AC Consumption - Energy (Wh) | Inv12- AC Consumption - Power (W) | Inv12- KWh/KWp (%) | Inv13- AC Production - Energy (Wh) | Inv13- AC Production - Power (W) | Inv13- AC Consumption - Energy (Wh) | Inv13- AC Consumption - Power (W) | Inv13- KWh/KWp (%) | Inv14- AC Production - Energy (Wh) | Inv14- AC Production - Power (W) | Inv14- AC Consumption - Energy (Wh) | Inv14- AC Consumption - Power (W) | Inv14- KWh/KWp (%) | Inv15- AC Production - Energy (Wh) | Inv15- AC Production - Power (W) | Inv15- AC Consumption - Energy (Wh) | Inv15- AC Consumption - Power (W) | Inv15- KWh/KWp (%) | Inv16- AC Production - Energy (Wh) | Inv16- AC Production - Power (W) | Inv16- AC Consumption - Energy (Wh) | Inv16- AC Consumption - Power (W) | Inv16- KWh/KWp (%) | Inv17- AC Production - Energy (Wh) | Inv17- AC Production - Power (W) | Inv17- AC Consumption - Energy (Wh) | Inv17- AC Consumption - Power (W) | Inv17- KWh/KWp (%) | Inv18- AC Production - Energy (Wh) | Inv18- AC Production - Power (W) | Inv18- AC Consumption - Energy (Wh) | Inv18- AC Consumption - Power (W) | Inv18- KWh/KWp (%) | Inv19- AC Production - Energy (Wh) | Inv19- AC Production - Power (W) | Inv19- AC Consumption - Energy (Wh) | Inv19- AC Consumption - Power (W) | Inv19- KWh/KWp (%) | Inv20- AC Production - Energy (Wh) | Inv20- AC Production - Power (W) | Inv20- AC Consumption - Energy (Wh) | Inv20- AC Consumption - Power (W) | Inv20- KWh/KWp (%) | Inv21- AC Production - Energy (Wh) | Inv21- AC Production - Power (W) | Inv21- AC Consumption - Energy (Wh) | Inv21- AC Consumption - Power (W) | Inv21- KWh/KWp (%) | Inv22- AC Production - Energy (Wh) | Inv22- AC Production - Power (W) | Inv22- AC Consumption - Energy (Wh) | Inv22- AC Consumption - Power (W) | Inv22- KWh/KWp (%) | Inv23- AC Production - Energy (Wh) | Inv23- AC Production - Power (W) | Inv23- AC Consumption - Energy (Wh) | Inv23- AC Consumption - Power (W) | Inv23- KWh/KWp (%) | Inv24- AC Production - Energy (Wh) | Inv24- AC Production - Power (W) | Inv24- AC Consumption - Energy (Wh) | Inv24- AC Consumption - Power (W) | Inv24- KWh/KWp (%) | Inv25- AC Production - Energy (Wh) | Inv25- AC Production - Power (W) | Inv25- AC Consumption - Energy (Wh) | Inv25- AC Consumption - Power (W) | Inv25- KWh/KWp (%) | Inv26- AC Production - Energy (Wh) | Inv26- AC Production - Power (W) | Inv26- AC Consumption - Energy (Wh) | Inv26- AC Consumption - Power (W) | Inv26- KWh/KWp (%),2016,2016,0,"%m/%d/%y, %I:%M %p:2016",2024-04-06 00:00:00,2024-04-12 23:55:00,5 minutes,OK,,combined/model dataset,PV/production markers; combined/dataset marker,
data/raw/Data to be used/Data to be used/Power/Weekly Data/AC_power_energy/Combined Production Data/Week_16.csv,655792,.csv,21d8a3ebcbb8234fafd30dc41ea8c92722c5a669d00b22f8afac7707afbf82ec,Time | Inv1- AC Production - Energy (Wh) | Inv1- AC Production - Power (W) | Inv1- AC Consumption - Energy (Wh) | Inv1- AC Consumption - Power (W) | Inv1- KWh/KWp (%) | Inv2- AC Production - Energy (Wh) | Inv2- AC Production - Power (W) | Inv2- AC Consumption - Energy (Wh) | Inv2- AC Consumption - Power (W) | Inv2- KWh/KWp (%) | Inv3- AC Production - Energy (Wh) | Inv3- AC Production - Power (W) | Inv3- AC Consumption - Energy (Wh) | Inv3- AC Consumption - Power (W) | Inv3- KWh/KWp (%) | Inv4- AC Production - Energy (Wh) | Inv4- AC Production - Power (W) | Inv4- AC Consumption - Energy (Wh) | Inv4- AC Consumption - Power (W) | Inv4- KWh/KWp (%) | Inv5- AC Production - Energy (Wh) | Inv5- AC Production - Power (W) | Inv5- AC Consumption - Energy (Wh) | Inv5- AC Consumption - Power (W) | Inv5- KWh/KWp (%) | Inv6- AC Production - Energy (Wh) | Inv6- AC Production - Power (W) | Inv6- AC Consumption - Energy (Wh) | Inv6- AC Consumption - Power (W) | Inv6- KWh/KWp (%) | Inv7- AC Production - Energy (Wh) | Inv7- AC Production - Power (W) | Inv7- AC Consumption - Energy (Wh) | Inv7- AC Consumption - Power (W) | Inv7- KWh/KWp (%) | Inv8- AC Production - Energy (Wh) | Inv8- AC Production - Power (W) | Inv8- AC Consumption - Energy (Wh) | Inv8- AC Consumption - Power (W) | Inv8- KWh/KWp (%) | Inv9- AC Production - Energy (Wh) | Inv9- AC Production - Power (W) | Inv9- AC Consumption - Energy (Wh) | Inv9- AC Consumption - Power (W) | Inv9- KWh/KWp (%) | Inv10- AC Production - Energy (Wh) | Inv10- AC Production - Power (W) | Inv10- AC Consumption - Energy (Wh) | Inv10- AC Consumption - Power (W) | Inv10- KWh/KWp (%) | Inv11- AC Production - Energy (Wh) | Inv11- AC Production - Power (W) | Inv11- AC Consumption - Energy (Wh) | Inv11- AC Consumption - Power (W) | Inv11- KWh/KWp (%) | Inv12- AC Production - Energy (Wh) | Inv12- AC Production - Power (W) | Inv12- AC Consumption - Energy (Wh) | Inv12- AC Consumption - Power (W) | Inv12- KWh/KWp (%) | Inv13- AC Production - Energy (Wh) | Inv13- AC Production - Power (W) | Inv13- AC Consumption - Energy (Wh) | Inv13- AC Consumption - Power (W) | Inv13- KWh/KWp (%) | Inv14- AC Production - Energy (Wh) | Inv14- AC Production - Power (W) | Inv14- AC Consumption - Energy (Wh) | Inv14- AC Consumption - Power (W) | Inv14- KWh/KWp (%) | Inv15- AC Production - Energy (Wh) | Inv15- AC Production - Power (W) | Inv15- AC Consumption - Energy (Wh) | Inv15- AC Consumption - Power (W) | Inv15- KWh/KWp (%) | Inv16- AC Production - Energy (Wh) | Inv16- AC Production - Power (W) | Inv16- AC Consumption - Energy (Wh) | Inv16- AC Consumption - Power (W) | Inv16- KWh/KWp (%) | Inv17- AC Production - Energy (Wh) | Inv17- AC Production - Power (W) | Inv17- AC Consumption - Energy (Wh) | Inv17- AC Consumption - Power (W) | Inv17- KWh/KWp (%) | Inv18- AC Production - Energy (Wh) | Inv18- AC Production - Power (W) | Inv18- AC Consumption - Energy (Wh) | Inv18- AC Consumption - Power (W) | Inv18- KWh/KWp (%) | Inv19- AC Production - Energy (Wh) | Inv19- AC Production - Power (W) | Inv19- AC Consumption - Energy (Wh) | Inv19- AC Consumption - Power (W) | Inv19- KWh/KWp (%) | Inv20- AC Production - Energy (Wh) | Inv20- AC Production - Power (W) | Inv20- AC Consumption - Energy (Wh) | Inv20- AC Consumption - Power (W) | Inv20- KWh/KWp (%) | Inv21- AC Production - Energy (Wh) | Inv21- AC Production - Power (W) | Inv21- AC Consumption - Energy (Wh) | Inv21- AC Consumption - Power (W) | Inv21- KWh/KWp (%) | Inv22- AC Production - Energy (Wh) | Inv22- AC Production - Power (W) | Inv22- AC Consumption - Energy (Wh) | Inv22- AC Consumption - Power (W) | Inv22- KWh/KWp (%) | Inv23- AC Production - Energy (Wh) | Inv23- AC Production - Power (W) | Inv23- AC Consumption - Energy (Wh) | Inv23- AC Consumption - Power (W) | Inv24- AC Production - Energy (Wh) | Inv23- KWh/KWp (%) | Inv24- AC Production - Power (W) | Inv24- AC Consumption - Energy (Wh) | Inv24- AC Consumption - Power (W) | Inv24- KWh/KWp (%) | Inv25- AC Production - Energy (Wh) | Inv25- AC Production - Power (W) | Inv25- AC Consumption - Energy (Wh) | Inv25- AC Consumption - Power (W) | Inv25- KWh/KWp (%) | Inv26- AC Production - Energy (Wh) | Inv26- AC Production - Power (W) | Inv26- AC Consumption - Energy (Wh) | Inv26- AC Consumption - Power (W) | Inv26- KWh/KWp (%),2016,2016,0,"%m/%d/%y, %I:%M %p:2016",2024-04-13 00:00:00,2024-04-19 23:55:00,5 minutes,OK,,combined/model dataset,PV/production markers; combined/dataset marker,
data/raw/Data to be used/Data to be used/Power/Weekly Data/AC_power_energy/Combined Production Data/Week_17.csv,616672,.csv,b53ac825cb912598d2a4c6e657506481049649e3425c6437a17bf475b4bc8d06,Time | Inv1- AC Production - Energy (Wh) | Inv1- AC Production - Power (W) | Inv1- AC Consumption - Energy (Wh) | Inv1- AC Consumption - Power (W) | Inv1- KWh/KWp (%) | Inv2- AC Production - Energy (Wh) | Inv2- AC Production - Power (W) | Inv2- AC Consumption - Energy (Wh) | Inv2- AC Consumption - Power (W) | Inv2- KWh/KWp (%) | Inv3- AC Production - Energy (Wh) | Inv3- AC Production - Power (W) | Inv3- AC Consumption - Energy (Wh) | Inv3- AC Consumption - Power (W) | Inv3- KWh/KWp (%) | Inv4- AC Production - Energy (Wh) | Inv4- AC Production - Power (W) | Inv4- AC Consumption - Energy (Wh) | Inv4- AC Consumption - Power (W) | Inv4- KWh/KWp (%) | Inv5- AC Production - Energy (Wh) | Inv5- AC Production - Power (W) | Inv5- AC Consumption - Energy (Wh) | Inv5- AC Consumption - Power (W) | Inv5- KWh/KWp (%) | Inv6- AC Production - Energy (Wh) | Inv6- AC Production - Power (W) | Inv6- AC Consumption - Energy (Wh) | Inv6- AC Consumption - Power (W) | Inv6- KWh/KWp (%) | Inv7- AC Production - Energy (Wh) | Inv7- AC Production - Power (W) | Inv7- AC Consumption - Energy (Wh) | Inv7- AC Consumption - Power (W) | Inv7- KWh/KWp (%) | Inv8- AC Production - Energy (Wh) | Inv8- AC Production - Power (W) | Inv8- AC Consumption - Energy (Wh) | Inv8- AC Consumption - Power (W) | Inv8- KWh/KWp (%) | Inv9- AC Production - Energy (Wh) | Inv9- AC Production - Power (W) | Inv9- AC Consumption - Energy (Wh) | Inv9- AC Consumption - Power (W) | Inv9- KWh/KWp (%) | Inv10- AC Production - Energy (Wh) | Inv10- AC Production - Power (W) | Inv10- AC Consumption - Energy (Wh) | Inv10- AC Consumption - Power (W) | Inv10- KWh/KWp (%) | Inv11- AC Production - Energy (Wh) | Inv11- AC Production - Power (W) | Inv11- AC Consumption - Energy (Wh) | Inv11- AC Consumption - Power (W) | Inv11- KWh/KWp (%) | Inv12- AC Production - Energy (Wh) | Inv12- AC Production - Power (W) | Inv12- AC Consumption - Energy (Wh) | Inv12- AC Consumption - Power (W) | Inv12- KWh/KWp (%) | Inv13- AC Production - Energy (Wh) | Inv13- AC Production - Power (W) | Inv13- AC Consumption - Energy (Wh) | Inv13- AC Consumption - Power (W) | Inv13- KWh/KWp (%) | Inv14- AC Production - Energy (Wh) | Inv14- AC Production - Power (W) | Inv14- AC Consumption - Energy (Wh) | Inv14- AC Consumption - Power (W) | Inv14- KWh/KWp (%) | Inv15- AC Production - Energy (Wh) | Inv15- AC Production - Power (W) | Inv15- AC Consumption - Energy (Wh) | Inv15- AC Consumption - Power (W) | Inv15- KWh/KWp (%) | Inv16- AC Production - Energy (Wh) | Inv16- AC Production - Power (W) | Inv16- AC Consumption - Energy (Wh) | Inv16- AC Consumption - Power (W) | Inv16- KWh/KWp (%) | Inv17- AC Production - Energy (Wh) | Inv17- AC Production - Power (W) | Inv17- AC Consumption - Energy (Wh) | Inv17- AC Consumption - Power (W) | Inv17- KWh/KWp (%) | Inv18- AC Production - Energy (Wh) | Inv18- AC Production - Power (W) | Inv18- AC Consumption - Energy (Wh) | Inv18- AC Consumption - Power (W) | Inv18- KWh/KWp (%) | Inv19- AC Production - Energy (Wh) | Inv19- AC Production - Power (W) | Inv19- AC Consumption - Energy (Wh) | Inv19- AC Consumption - Power (W) | Inv19- KWh/KWp (%) | Inv20- AC Production - Energy (Wh) | Inv20- AC Production - Power (W) | Inv20- AC Consumption - Energy (Wh) | Inv20- AC Consumption - Power (W) | Inv20- KWh/KWp (%) | Inv21- AC Production - Energy (Wh) | Inv21- AC Production - Power (W) | Inv21- AC Consumption - Energy (Wh) | Inv21- AC Consumption - Power (W) | Inv21- KWh/KWp (%) | Inv22- AC Production - Energy (Wh) | Inv22- AC Production - Power (W) | Inv22- AC Consumption - Energy (Wh) | Inv22- AC Consumption - Power (W) | Inv22- KWh/KWp (%) | Inv23- AC Production - Energy (Wh) | Inv23- AC Production - Power (W) | Inv23- AC Consumption - Energy (Wh) | Inv23- AC Consumption - Power (W) | Inv23- KWh/KWp (%) | Inv24- AC Production - Energy (Wh) | Inv24- AC Production - Power (W) | Inv24- AC Consumption - Energy (Wh) | Inv24- AC Consumption - Power (W) | Inv24- KWh/KWp (%) | Inv25- AC Production - Energy (Wh) | Inv25- AC Production - Power (W) | Inv25- AC Consumption - Energy (Wh) | Inv25- AC Consumption - Power (W) | Inv25- KWh/KWp (%) | Inv26- AC Production - Energy (Wh) | Inv26- AC Production - Power (W) | Inv26- AC Consumption - Energy (Wh) | Inv26- AC Consumption - Power (W) | Inv26- KWh/KWp (%),2016,2016,0,"%m/%d/%y, %I:%M %p:2016",2024-04-20 00:00:00,2024-04-26 23:55:00,5 minutes,OK,,combined/model dataset,PV/production markers; combined/dataset marker,
data/raw/Data to be used/Data to be used/Power/Weekly Data/AC_power_energy/Combined Production Data/Week_18.csv,613621,.csv,fd48ea3acb4c7008745886331ec80901fe7ec1e225f4adcc8547415aa0a781c5,Time | Inv1- AC Production - Energy (Wh) | Inv1- AC Production - Power (W) | Inv1- AC Consumption - Energy (Wh) | Inv1- AC Consumption - Power (W) | Inv1- KWh/KWp (%) | Inv2- AC Production - Energy (Wh) | Inv2- AC Production - Power (W) | Inv2- AC Consumption - Energy (Wh) | Inv2- AC Consumption - Power (W) | Inv2- KWh/KWp (%) | Inv3- AC Production - Energy (Wh) | Inv3- AC Production - Power (W) | Inv3- AC Consumption - Energy (Wh) | Inv3- AC Consumption - Power (W) | Inv3- KWh/KWp (%) | Inv4- AC Production - Energy (Wh) | Inv4- AC Production - Power (W) | Inv4- AC Consumption - Energy (Wh) | Inv4- AC Consumption - Power (W) | Inv4- KWh/KWp (%) | Inv5- AC Production - Energy (Wh) | Inv5- AC Production - Power (W) | Inv5- AC Consumption - Energy (Wh) | Inv5- AC Consumption - Power (W) | Inv5- KWh/KWp (%) | Inv6- AC Production - Energy (Wh) | Inv6- AC Production - Power (W) | Inv6- AC Consumption - Energy (Wh) | Inv6- AC Consumption - Power (W) | Inv6- KWh/KWp (%) | Inv7- AC Production - Energy (Wh) | Inv7- AC Production - Power (W) | Inv7- AC Consumption - Energy (Wh) | Inv7- AC Consumption - Power (W) | Inv7- KWh/KWp (%) | Inv8- AC Production - Energy (Wh) | Inv8- AC Production - Power (W) | Inv8- AC Consumption - Energy (Wh) | Inv8- AC Consumption - Power (W) | Inv8- KWh/KWp (%) | Inv9- AC Production - Energy (Wh) | Inv9- AC Production - Power (W) | Inv9- AC Consumption - Energy (Wh) | Inv9- AC Consumption - Power (W) | Inv9- KWh/KWp (%) | Inv10- AC Production - Energy (Wh) | Inv10- AC Production - Power (W) | Inv10- AC Consumption - Energy (Wh) | Inv10- AC Consumption - Power (W) | Inv10- KWh/KWp (%) | Inv11- AC Production - Energy (Wh) | Inv11- AC Production - Power (W) | Inv11- AC Consumption - Energy (Wh) | Inv11- AC Consumption - Power (W) | Inv11- KWh/KWp (%) | Inv12- AC Production - Energy (Wh) | Inv12- AC Production - Power (W) | Inv12- AC Consumption - Energy (Wh) | Inv12- AC Consumption - Power (W) | Inv12- KWh/KWp (%) | Inv13- AC Production - Energy (Wh) | Inv13- AC Production - Power (W) | Inv13- AC Consumption - Energy (Wh) | Inv13- AC Consumption - Power (W) | Inv13- KWh/KWp (%) | Inv14- AC Production - Energy (Wh) | Inv14- AC Production - Power (W) | Inv14- AC Consumption - Energy (Wh) | Inv14- AC Consumption - Power (W) | Inv14- KWh/KWp (%) | Inv15- AC Production - Energy (Wh) | Inv15- AC Production - Power (W) | Inv15- AC Consumption - Energy (Wh) | Inv15- AC Consumption - Power (W) | Inv15- KWh/KWp (%) | Inv16- AC Production - Energy (Wh) | Inv16- AC Production - Power (W) | Inv16- AC Consumption - Energy (Wh) | Inv16- AC Consumption - Power (W) | Inv16- KWh/KWp (%) | Inv17- AC Production - Energy (Wh) | Inv17- AC Production - Power (W) | Inv17- AC Consumption - Energy (Wh) | Inv17- AC Consumption - Power (W) | Inv17- KWh/KWp (%) | Inv18- AC Production - Energy (Wh) | Inv18- AC Production - Power (W) | Inv18- AC Consumption - Energy (Wh) | Inv18- AC Consumption - Power (W) | Inv18- KWh/KWp (%) | Inv19- AC Production - Energy (Wh) | Inv19- AC Production - Power (W) | Inv19- AC Consumption - Energy (Wh) | Inv19- AC Consumption - Power (W) | Inv19- KWh/KWp (%) | Inv20- AC Production - Energy (Wh) | Inv20- AC Production - Power (W) | Inv20- AC Consumption - Energy (Wh) | Inv20- AC Consumption - Power (W) | Inv20- KWh/KWp (%) | Inv21- AC Production - Energy (Wh) | Inv21- AC Production - Power (W) | Inv21- AC Consumption - Energy (Wh) | Inv21- AC Consumption - Power (W) | Inv21- KWh/KWp (%) | Inv22- AC Production - Energy (Wh) | Inv22- AC Production - Power (W) | Inv22- AC Consumption - Energy (Wh) | Inv22- AC Consumption - Power (W) | Inv22- KWh/KWp (%) | Inv23- AC Production - Energy (Wh) | Inv23- AC Production - Power (W) | Inv23- AC Consumption - Energy (Wh) | Inv23- AC Consumption - Power (W) | Inv23- KWh/KWp (%) | Inv24- AC Production - Energy (Wh) | Inv24- AC Production - Power (W) | Inv24- AC Consumption - Energy (Wh) | Inv24- AC Consumption - Power (W) | Inv24- KWh/KWp (%) | Inv25- AC Production - Energy (Wh) | Inv25- AC Production - Power (W) | Inv25- AC Consumption - Energy (Wh) | Inv25- AC Consumption - Power (W) | Inv25- KWh/KWp (%) | Inv26- AC Production - Energy (Wh) | Inv26- AC Production - Power (W) | Inv26- AC Consumption - Energy (Wh) | Inv26- AC Consumption - Power (W) | Inv26- KWh/KWp (%),2016,2016,0,"%m/%d/%y, %I:%M %p:2016",2024-04-27 00:00:00,2024-05-03 23:55:00,5 minutes,OK,,combined/model dataset,PV/production markers; combined/dataset marker,
data/raw/Data to be used/Data to be used/Power/Weekly Data/AC_power_energy/Combined Production Data/Week_19.csv,635771,.csv,93ee416dafa954039103e4bf2340ce6f14d23ba6202b1fa60e7b31110b61e034,Time | Inv1- AC Production - Energy (Wh) | Inv1- AC Production - Power (W) | Inv1- AC Consumption - Energy (Wh) | Inv1- AC Consumption - Power (W) | Inv1- KWh/KWp (%) | Inv2- AC Production - Energy (Wh) | Inv2- AC Production - Power (W) | Inv2- AC Consumption - Energy (Wh) | Inv2- AC Consumption - Power (W) | Inv2- KWh/KWp (%) | Inv3- AC Production - Energy (Wh) | Inv3- AC Production - Power (W) | Inv3- AC Consumption - Energy (Wh) | Inv3- AC Consumption - Power (W) | Inv3- KWh/KWp (%) | Inv4- AC Production - Energy (Wh) | Inv4- AC Production - Power (W) | Inv4- AC Consumption - Energy (Wh) | Inv4- AC Consumption - Power (W) | Inv4- KWh/KWp (%) | Inv5- AC Production - Energy (Wh) | Inv5- AC Production - Power (W) | Inv5- AC Consumption - Energy (Wh) | Inv5- AC Consumption - Power (W) | Inv5- KWh/KWp (%) | Inv6- AC Production - Energy (Wh) | Inv6- AC Production - Power (W) | Inv6- AC Consumption - Energy (Wh) | Inv6- AC Consumption - Power (W) | Inv6- KWh/KWp (%) | Inv7- AC Production - Energy (Wh) | Inv7- AC Production - Power (W) | Inv7- AC Consumption - Energy (Wh) | Inv7- AC Consumption - Power (W) | Inv7- KWh/KWp (%) | Inv8- AC Production - Energy (Wh) | Inv8- AC Production - Power (W) | Inv8- AC Consumption - Energy (Wh) | Inv8- AC Consumption - Power (W) | Inv8- KWh/KWp (%) | Inv9- AC Production - Energy (Wh) | Inv9- AC Production - Power (W) | Inv9- AC Consumption - Energy (Wh) | Inv9- AC Consumption - Power (W) | Inv9- KWh/KWp (%) | Inv10- AC Production - Energy (Wh) | Inv10- AC Production - Power (W) | Inv10- AC Consumption - Energy (Wh) | Inv10- AC Consumption - Power (W) | Inv10- KWh/KWp (%) | Inv11- AC Production - Energy (Wh) | Inv11- AC Production - Power (W) | Inv11- AC Consumption - Energy (Wh) | Inv11- AC Consumption - Power (W) | Inv11- KWh/KWp (%) | Inv12- AC Production - Energy (Wh) | Inv12- AC Production - Power (W) | Inv12- AC Consumption - Energy (Wh) | Inv12- AC Consumption - Power (W) | Inv12- KWh/KWp (%) | Inv13- AC Production - Energy (Wh) | Inv13- AC Production - Power (W) | Inv13- AC Consumption - Energy (Wh) | Inv13- AC Consumption - Power (W) | Inv13- KWh/KWp (%) | Inv14- AC Production - Energy (Wh) | Inv14- AC Production - Power (W) | Inv14- AC Consumption - Energy (Wh) | Inv14- AC Consumption - Power (W) | Inv14- KWh/KWp (%) | Inv15- AC Production - Energy (Wh) | Inv15- AC Production - Power (W) | Inv15- AC Consumption - Energy (Wh) | Inv15- AC Consumption - Power (W) | Inv15- KWh/KWp (%) | Inv16- AC Production - Energy (Wh) | Inv16- AC Production - Power (W) | Inv16- AC Consumption - Energy (Wh) | Inv16- AC Consumption - Power (W) | Inv16- KWh/KWp (%) | Inv17- AC Production - Energy (Wh) | Inv17- AC Production - Power (W) | Inv17- AC Consumption - Energy (Wh) | Inv17- AC Consumption - Power (W) | Inv17- KWh/KWp (%) | Inv18- AC Production - Energy (Wh) | Inv18- AC Production - Power (W) | Inv18- AC Consumption - Energy (Wh) | Inv18- AC Consumption - Power (W) | Inv18- KWh/KWp (%) | Inv19- AC Production - Energy (Wh) | Inv19- AC Production - Power (W) | Inv19- AC Consumption - Energy (Wh) | Inv19- AC Consumption - Power (W) | Inv19- KWh/KWp (%) | Inv20- AC Production - Energy (Wh) | Inv20- AC Production - Power (W) | Inv20- AC Consumption - Energy (Wh) | Inv20- AC Consumption - Power (W) | Inv20- KWh/KWp (%) | Inv21- AC Production - Energy (Wh) | Inv21- AC Production - Power (W) | Inv21- AC Consumption - Energy (Wh) | Inv21- AC Consumption - Power (W) | Inv21- KWh/KWp (%) | Inv22- AC Production - Energy (Wh) | Inv22- AC Production - Power (W) | Inv22- AC Consumption - Energy (Wh) | Inv22- AC Consumption - Power (W) | Inv22- KWh/KWp (%) | Inv23- AC Production - Energy (Wh) | Inv23- AC Production - Power (W) | Inv23- AC Consumption - Energy (Wh) | Inv23- AC Consumption - Power (W) | Inv23- KWh/KWp (%) | Inv24- AC Production - Energy (Wh) | Inv24- AC Production - Power (W) | Inv24- AC Consumption - Energy (Wh) | Inv24- AC Consumption - Power (W) | Inv24- KWh/KWp (%) | Inv25- AC Production - Energy (Wh) | Inv25- AC Production - Power (W) | Inv25- AC Consumption - Energy (Wh) | Inv25- AC Consumption - Power (W) | Inv25- KWh/KWp (%) | Inv26- AC Production - Energy (Wh) | Inv26- AC Production - Power (W) | Inv26- AC Consumption - Energy (Wh) | Inv26- AC Consumption - Power (W) | Inv26- KWh/KWp (%),2016,2016,0,"%m/%d/%y, %I:%M %p:2016",2024-05-04 00:00:00,2024-05-10 23:55:00,5 minutes,OK,,combined/model dataset,PV/production markers; combined/dataset marker,
data/raw/Data to be used/Data to be used/Power/Weekly Data/AC_power_energy/Combined Production Data/Week_2.csv,671542,.csv,944189ddf18a3846c432bced28e8642016c2cb40ef8fa77fcab16be62b356f6f,Time | Production Energy (Wh) | Production Power (W) | Consumption Energy (Wh) | Consumption Power (W) | KWh/KWp (%) Inv1 | Production Energy (Wh) | Production Power (W) | Consumption Energy (Wh) | Consumption Power (W) | KWh/KWp (%) Inv1 | Production Energy (Wh) | Production Power (W) | Consumption Energy (Wh) | Consumption Power (W) | KWh/KWp (%) Inv1 | Production Energy (Wh) | Production Power (W) | Consumption Energy (Wh) | Consumption Power (W) | KWh/KWp (%) Inv1 | Production Energy (Wh) | Production Power (W) | Consumption Energy (Wh) | Consumption Power (W) | KWh/KWp (%) Inv1 | Production Energy (Wh) | Production Power (W) | Consumption Energy (Wh) | Consumption Power (W) | KWh/KWp (%) Inv1 | Production Energy (Wh) | Production Power (W) | Consumption Energy (Wh) | Consumption Power (W) | KWh/KWp (%) Inv1 | Production Energy (Wh) | Production Power (W) | Consumption Energy (Wh) | Consumption Power (W) | KWh/KWp (%) Inv1 | Production Energy (Wh) | Production Power (W) | Consumption Energy (Wh) | Consumption Power (W) | KWh/KWp (%) Inv1 | Production Energy (Wh) | Production Power (W) | Consumption Energy (Wh) | Consumption Power (W) | KWh/KWp (%) Inv1 | Production Energy (Wh) | Production Power (W) | Consumption Energy (Wh) | Consumption Power (W) | KWh/KWp (%) Inv1 | Production Energy (Wh) | Production Power (W) | Consumption Energy (Wh) | Consumption Power (W) | KWh/KWp (%) Inv1 | Production Energy (Wh) | Production Power (W) | Consumption Energy (Wh) | Consumption Power (W) | KWh/KWp (%) Inv1 | Production Energy (Wh) | Production Power (W) | Consumption Energy (Wh) | Consumption Power (W) | KWh/KWp (%) Inv1 | Production Energy (Wh) | Production Power (W) | Consumption Energy (Wh) | Consumption Power (W) | KWh/KWp (%) Inv1 | Production Energy (Wh) | Production Power (W) | Consumption Energy (Wh) | Consumption Power (W) | KWh/KWp (%) Inv1 | Production Energy (Wh) | Production Power (W) | Consumption Energy (Wh) | Consumption Power (W) | KWh/KWp (%) Inv1 | Production Energy (Wh) | Production Power (W) | Consumption Energy (Wh) | Consumption Power (W) | KWh/KWp (%) Inv1 | Production Energy (Wh) | Production Power (W) | Consumption Energy (Wh) | Consumption Power (W) | KWh/KWp (%) Inv1 | Production Energy (Wh) | Production Power (W) | Consumption Energy (Wh) | Consumption Power (W) | KWh/KWp (%) Inv1 | Production Energy (Wh) | Production Power (W) | Consumption Energy (Wh) | Consumption Power (W) | KWh/KWp (%) Inv1 | Production Energy (Wh) | Production Power (W) | Consumption Energy (Wh) | Consumption Power (W) | KWh/KWp (%) Inv1 | Production Energy (Wh) | Production Power (W) | Consumption Energy (Wh) | Consumption Power (W) | KWh/KWp (%) Inv1 | Production Energy (Wh) | Production Power (W) | Consumption Energy (Wh) | Consumption Power (W) | KWh/KWp (%) Inv1 | Production Energy (Wh) | Production Power (W) | Consumption Energy (Wh) | Consumption Power (W) | KWh/KWp (%) Inv1 | Production Energy (Wh) | Production Power (W) | Consumption Energy (Wh) | Consumption Power (W) | KWh/KWp (%) Inv1,2016,2016,0,"%m/%d/%y, %I:%M %p:2016",2024-01-06 00:00:00,2024-01-12 23:55:00,5 minutes,OK,,combined/model dataset,PV/production markers; combined/dataset marker,
data/raw/Data to be used/Data to be used/Power/Weekly Data/AC_power_energy/Combined Production Data/Week_20.csv,672732,.csv,6957d648809c98f056a5cc77cee176d125ea8921a35093d3efcde348cb9de838,Time | Inv1- AC Production - Energy (Wh) | Inv1- AC Production - Power (W) | Inv1- AC Consumption - Energy (Wh) | Inv1- AC Consumption - Power (W) | Inv1- KWh/KWp (%) | Inv2- AC Production - Energy (Wh) | Inv2- AC Production - Power (W) | Inv2- AC Consumption - Energy (Wh) | Inv2- AC Consumption - Power (W) | Inv2- KWh/KWp (%) | Inv3- AC Production - Energy (Wh) | Inv3- AC Production - Power (W) | Inv3- AC Consumption - Energy (Wh) | Inv3- AC Consumption - Power (W) | Inv3- KWh/KWp (%) | Inv4- AC Production - Energy (Wh) | Inv4- AC Production - Power (W) | Inv4- AC Consumption - Energy (Wh) | Inv4- AC Consumption - Power (W) | Inv4- KWh/KWp (%) | Inv5- AC Production - Energy (Wh) | Inv5- AC Production - Power (W) | Inv5- AC Consumption - Energy (Wh) | Inv5- AC Consumption - Power (W) | Inv5- KWh/KWp (%) | Inv6- AC Production - Energy (Wh) | Inv6- AC Production - Power (W) | Inv6- AC Consumption - Energy (Wh) | Inv6- AC Consumption - Power (W) | Inv6- KWh/KWp (%) | Inv7- AC Production - Energy (Wh) | Inv7- AC Production - Power (W) | Inv7- AC Consumption - Energy (Wh) | Inv7- AC Consumption - Power (W) | Inv7- KWh/KWp (%) | Inv8- AC Production - Energy (Wh) | Inv8- AC Production - Power (W) | Inv8- AC Consumption - Energy (Wh) | Inv8- AC Consumption - Power (W) | Inv8- KWh/KWp (%) | Inv9- AC Production - Energy (Wh) | Inv9- AC Production - Power (W) | Inv9- AC Consumption - Energy (Wh) | Inv9- AC Consumption - Power (W) | Inv9- KWh/KWp (%) | Inv10- AC Production - Energy (Wh) | Inv10- AC Production - Power (W) | Inv10- AC Consumption - Energy (Wh) | Inv10- AC Consumption - Power (W) | Inv10- KWh/KWp (%) | Inv11- AC Production - Energy (Wh) | Inv11- AC Production - Power (W) | Inv11- AC Consumption - Energy (Wh) | Inv11- AC Consumption - Power (W) | Inv11- KWh/KWp (%) | Inv12- AC Production - Energy (Wh) | Inv12- AC Production - Power (W) | Inv12- AC Consumption - Energy (Wh) | Inv12- AC Consumption - Power (W) | Inv12- KWh/KWp (%) | Inv13- AC Production - Energy (Wh) | Inv13- AC Production - Power (W) | Inv13- AC Consumption - Energy (Wh) | Inv13- AC Consumption - Power (W) | Inv13- KWh/KWp (%) | Inv14- AC Production - Energy (Wh) | Inv14- AC Production - Power (W) | Inv14- AC Consumption - Energy (Wh) | Inv14- AC Consumption - Power (W) | Inv14- KWh/KWp (%) | Inv15- AC Production - Energy (Wh) | Inv15- AC Production - Power (W) | Inv15- AC Consumption - Energy (Wh) | Inv15- AC Consumption - Power (W) | Inv15- KWh/KWp (%) | Inv16- AC Production - Energy (Wh) | Inv16- AC Production - Power (W) | Inv16- AC Consumption - Energy (Wh) | Inv16- AC Consumption - Power (W) | Inv16- KWh/KWp (%) | Inv17- AC Production - Energy (Wh) | Inv17- AC Production - Power (W) | Inv17- AC Consumption - Energy (Wh) | Inv17- AC Consumption - Power (W) | Inv17- KWh/KWp (%) | Inv18- AC Production - Energy (Wh) | Inv18- AC Production - Power (W) | Inv18- AC Consumption - Energy (Wh) | Inv18- AC Consumption - Power (W) | Inv18- KWh/KWp (%) | Inv19- AC Production - Energy (Wh) | Inv19- AC Production - Power (W) | Inv19- AC Consumption - Energy (Wh) | Inv19- AC Consumption - Power (W) | Inv19- KWh/KWp (%) | Inv20- AC Production - Energy (Wh) | Inv20- AC Production - Power (W) | Inv20- AC Consumption - Energy (Wh) | Inv20- AC Consumption - Power (W) | Inv20- KWh/KWp (%) | Inv21- AC Production - Energy (Wh) | Inv21- AC Production - Power (W) | Inv21- AC Consumption - Energy (Wh) | Inv21- AC Consumption - Power (W) | Inv21- KWh/KWp (%) | Inv22- AC Production - Energy (Wh) | Inv22- AC Production - Power (W) | Inv22- AC Consumption - Energy (Wh) | Inv22- AC Consumption - Power (W) | Inv22- KWh/KWp (%) | Inv23- AC Production - Energy (Wh) | Inv23- AC Production - Power (W) | Inv23- AC Consumption - Energy (Wh) | Inv23- AC Consumption - Power (W) | Inv23- KWh/KWp (%) | Inv24- AC Production - Energy (Wh) | Inv24- AC Production - Power (W) | Inv24- AC Consumption - Energy (Wh) | Inv24- AC Consumption - Power (W) | Inv24- KWh/KWp (%) | Inv25- AC Production - Energy (Wh) | Inv25- AC Production - Power (W) | Inv25- AC Consumption - Energy (Wh) | Inv25- AC Consumption - Power (W) | Inv25- KWh/KWp (%) | Inv26- AC Production - Energy (Wh) | Inv26- AC Production - Power (W) | Inv26- AC Consumption - Energy (Wh) | Inv26- AC Consumption - Power (W) | Inv26- KWh/KWp (%),2016,2016,0,"%m/%d/%y, %I:%M %p:2016",2024-05-11 00:00:00,2024-05-17 23:55:00,5 minutes,OK,,combined/model dataset,PV/production markers; combined/dataset marker,
data/raw/Data to be used/Data to be used/Power/Weekly Data/AC_power_energy/Combined Production Data/Week_21.csv,692653,.csv,4427bfc29aa337e3e8721da77cd1c111100c520dee9a7cb6718fe2150ff00781,Time | Inv1- AC Production - Energy (Wh) | Inv1- AC Production - Power (W) | Inv1- AC Consumption - Energy (Wh) | Inv1- AC Consumption - Power (W) | Inv1- KWh/KWp (%) | Inv2- AC Production - Energy (Wh) | Inv2- AC Production - Power (W) | Inv2- AC Consumption - Energy (Wh) | Inv2- AC Consumption - Power (W) | Inv2- KWh/KWp (%) | Inv3- AC Production - Energy (Wh) | Inv3- AC Production - Power (W) | Inv3- AC Consumption - Energy (Wh) | Inv3- AC Consumption - Power (W) | Inv3- KWh/KWp (%) | Inv4- AC Production - Energy (Wh) | Inv4- AC Production - Power (W) | Inv4- AC Consumption - Energy (Wh) | Inv4- AC Consumption - Power (W) | Inv4- KWh/KWp (%) | Inv5- AC Production - Energy (Wh) | Inv5- AC Production - Power (W) | Inv5- AC Consumption - Energy (Wh) | Inv5- AC Consumption - Power (W) | Inv5- KWh/KWp (%) | Inv6- AC Production - Energy (Wh) | Inv6- AC Production - Power (W) | Inv6- AC Consumption - Energy (Wh) | Inv6- AC Consumption - Power (W) | Inv6- KWh/KWp (%) | Inv7- AC Production - Energy (Wh) | Inv7- AC Production - Power (W) | Inv7- AC Consumption - Energy (Wh) | Inv7- AC Consumption - Power (W) | Inv7- KWh/KWp (%) | Inv8- AC Production - Energy (Wh) | Inv8- AC Production - Power (W) | Inv8- AC Consumption - Energy (Wh) | Inv8- AC Consumption - Power (W) | Inv8- KWh/KWp (%) | Inv9- AC Production - Energy (Wh) | Inv9- AC Production - Power (W) | Inv9- AC Consumption - Energy (Wh) | Inv9- AC Consumption - Power (W) | Inv9- KWh/KWp (%) | Inv10- AC Production - Energy (Wh) | Inv10- AC Production - Power (W) | Inv10- AC Consumption - Energy (Wh) | Inv10- AC Consumption - Power (W) | Inv10- KWh/KWp (%) | Inv11- AC Production - Energy (Wh) | Inv11- AC Production - Power (W) | Inv11- AC Consumption - Energy (Wh) | Inv11- AC Consumption - Power (W) | Inv11- KWh/KWp (%) | Inv12- AC Production - Energy (Wh) | Inv12- AC Production - Power (W) | Inv12- AC Consumption - Energy (Wh) | Inv12- AC Consumption - Power (W) | Inv12- KWh/KWp (%) | Inv13- AC Production - Energy (Wh) | Inv13- AC Production - Power (W) | Inv13- AC Consumption - Energy (Wh) | Inv13- AC Consumption - Power (W) | Inv13- KWh/KWp (%) | Inv14- AC Production - Energy (Wh) | Inv14- AC Production - Power (W) | Inv14- AC Consumption - Energy (Wh) | Inv14- AC Consumption - Power (W) | Inv14- KWh/KWp (%) | Inv15- AC Production - Energy (Wh) | Inv15- AC Production - Power (W) | Inv15- AC Consumption - Energy (Wh) | Inv15- AC Consumption - Power (W) | Inv15- KWh/KWp (%) | Inv16- AC Production - Energy (Wh) | Inv16- AC Production - Power (W) | Inv16- AC Consumption - Energy (Wh) | Inv16- AC Consumption - Power (W) | Inv16- KWh/KWp (%) | Inv17- AC Production - Energy (Wh) | Inv17- AC Production - Power (W) | Inv17- AC Consumption - Energy (Wh) | Inv17- AC Consumption - Power (W) | Inv17- KWh/KWp (%) | Inv18- AC Production - Energy (Wh) | Inv18- AC Production - Power (W) | Inv18- AC Consumption - Energy (Wh) | Inv18- AC Consumption - Power (W) | Inv18- KWh/KWp (%) | Inv19- AC Production - Energy (Wh) | Inv19- AC Production - Power (W) | Inv19- AC Consumption - Energy (Wh) | Inv19- AC Consumption - Power (W) | Inv19- KWh/KWp (%) | Inv20- AC Production - Energy (Wh) | Inv20- AC Production - Power (W) | Inv20- AC Consumption - Energy (Wh) | Inv20- AC Consumption - Power (W) | Inv20- KWh/KWp (%) | Inv21- AC Production - Energy (Wh) | Inv21- AC Production - Power (W) | Inv21- AC Consumption - Energy (Wh) | Inv21- AC Consumption - Power (W) | Inv21- KWh/KWp (%) | Inv22- AC Production - Energy (Wh) | Inv22- AC Production - Power (W) | Inv22- AC Consumption - Energy (Wh) | Inv22- AC Consumption - Power (W) | Inv22- KWh/KWp (%) | Inv23- AC Production - Energy (Wh) | Inv23- AC Production - Power (W) | Inv23- AC Consumption - Energy (Wh) | Inv23- AC Consumption - Power (W) | Inv23- KWh/KWp (%) | Inv24- AC Production - Energy (Wh) | Inv24- AC Production - Power (W) | Inv24- AC Consumption - Energy (Wh) | Inv24- AC Consumption - Power (W) | Inv24- KWh/KWp (%) | Inv25- AC Production - Energy (Wh) | Inv25- AC Production - Power (W) | Inv25- AC Consumption - Energy (Wh) | Inv25- AC Consumption - Power (W) | Inv25- KWh/KWp (%) | Inv26- AC Production - Energy (Wh) | Inv26- AC Production - Power (W) | Inv26- AC Consumption - Energy (Wh) | Inv26- AC Consumption - Power (W) | Inv26- KWh/KWp (%),2016,2016,0,"%m/%d/%y, %I:%M %p:2016",2024-05-18 00:00:00,2024-05-24 23:55:00,5 minutes,OK,,combined/model dataset,PV/production markers; combined/dataset marker,
data/raw/Data to be used/Data to be used/Power/Weekly Data/AC_power_energy/Combined Production Data/Week_22.csv,689935,.csv,9acc1db30c9850847c74667e971730884aef780ee50701fc9e6475a6a5d772ea,Time | Inv1- AC Production - Energy (Wh) | Inv1- AC Production - Power (W) | Inv1- AC Consumption - Energy (Wh) | Inv1- AC Consumption - Power (W) | Inv1- KWh/KWp (%) | Inv2- AC Production - Energy (Wh) | Inv2- AC Production - Power (W) | Inv2- AC Consumption - Energy (Wh) | Inv2- AC Consumption - Power (W) | Inv2- KWh/KWp (%) | Inv3- AC Production - Energy (Wh) | Inv3- AC Production - Power (W) | Inv3- AC Consumption - Energy (Wh) | Inv3- AC Consumption - Power (W) | Inv3- KWh/KWp (%) | Inv4- AC Production - Energy (Wh) | Inv4- AC Production - Power (W) | Inv4- AC Consumption - Energy (Wh) | Inv4- AC Consumption - Power (W) | Inv4- KWh/KWp (%) | Inv5- AC Production - Energy (Wh) | Inv5- AC Production - Power (W) | Inv5- AC Consumption - Energy (Wh) | Inv5- AC Consumption - Power (W) | Inv5- KWh/KWp (%) | Inv6- AC Production - Energy (Wh) | Inv6- AC Production - Power (W) | Inv6- AC Consumption - Energy (Wh) | Inv6- AC Consumption - Power (W) | Inv6- KWh/KWp (%) | Inv7- AC Production - Energy (Wh) | Inv7- AC Production - Power (W) | Inv7- AC Consumption - Energy (Wh) | Inv7- AC Consumption - Power (W) | Inv7- KWh/KWp (%) | Inv8- AC Production - Energy (Wh) | Inv8- AC Production - Power (W) | Inv8- AC Consumption - Energy (Wh) | Inv8- AC Consumption - Power (W) | Inv8- KWh/KWp (%) | Inv9- AC Production - Energy (Wh) | Inv9- AC Production - Power (W) | Inv9- AC Consumption - Energy (Wh) | Inv9- AC Consumption - Power (W) | Inv9- KWh/KWp (%) | Inv10- AC Production - Energy (Wh) | Inv10- AC Production - Power (W) | Inv10- AC Consumption - Energy (Wh) | Inv10- AC Consumption - Power (W) | Inv10- KWh/KWp (%) | Inv11- AC Production - Energy (Wh) | Inv11- AC Production - Power (W) | Inv11- AC Consumption - Energy (Wh) | Inv11- AC Consumption - Power (W) | Inv11- KWh/KWp (%) | Inv12- AC Production - Energy (Wh) | Inv12- AC Production - Power (W) | Inv12- AC Consumption - Energy (Wh) | Inv12- AC Consumption - Power (W) | Inv12- KWh/KWp (%) | Inv13- AC Production - Energy (Wh) | Inv13- AC Production - Power (W) | Inv13- AC Consumption - Energy (Wh) | Inv13- AC Consumption - Power (W) | Inv13- KWh/KWp (%) | Inv14- AC Production - Energy (Wh) | Inv14- AC Production - Power (W) | Inv14- AC Consumption - Energy (Wh) | Inv14- AC Consumption - Power (W) | Inv14- KWh/KWp (%) | Inv15- AC Production - Energy (Wh) | Inv15- AC Production - Power (W) | Inv15- AC Consumption - Energy (Wh) | Inv15- AC Consumption - Power (W) | Inv15- KWh/KWp (%) | Inv16- AC Production - Energy (Wh) | Inv16- AC Production - Power (W) | Inv16- AC Consumption - Energy (Wh) | Inv16- AC Consumption - Power (W) | Inv16- KWh/KWp (%) | Inv17- AC Production - Energy (Wh) | Inv17- AC Production - Power (W) | Inv17- AC Consumption - Energy (Wh) | Inv17- AC Consumption - Power (W) | Inv17- KWh/KWp (%) | Inv18- AC Production - Energy (Wh) | Inv18- AC Production - Power (W) | Inv18- AC Consumption - Energy (Wh) | Inv18- AC Consumption - Power (W) | Inv18- KWh/KWp (%) | Inv19- AC Production - Energy (Wh) | Inv19- AC Production - Power (W) | Inv19- AC Consumption - Energy (Wh) | Inv19- AC Consumption - Power (W) | Inv19- KWh/KWp (%) | Inv20- AC Production - Energy (Wh) | Inv20- AC Production - Power (W) | Inv20- AC Consumption - Energy (Wh) | Inv20- AC Consumption - Power (W) | Inv20- KWh/KWp (%) | Inv21- AC Production - Energy (Wh) | Inv21- AC Production - Power (W) | Inv21- AC Consumption - Energy (Wh) | Inv21- AC Consumption - Power (W) | Inv21- KWh/KWp (%) | Inv22- AC Production - Energy (Wh) | Inv22- AC Production - Power (W) | Inv22- AC Consumption - Energy (Wh) | Inv22- AC Consumption - Power (W) | Inv22- KWh/KWp (%) | Inv23- AC Production - Energy (Wh) | Inv23- AC Production - Power (W) | Inv23- AC Consumption - Energy (Wh) | Inv23- AC Consumption - Power (W) | Inv23- KWh/KWp (%) | Inv24- AC Production - Energy (Wh) | Inv24- AC Production - Power (W) | Inv24- AC Consumption - Energy (Wh) | Inv24- AC Consumption - Power (W) | Inv24- KWh/KWp (%) | Inv25- AC Production - Energy (Wh) | Inv25- AC Production - Power (W) | Inv25- AC Consumption - Energy (Wh) | Inv25- AC Consumption - Power (W) | Inv25- KWh/KWp (%) | Inv26- AC Production - Energy (Wh) | Inv26- AC Production - Power (W) | Inv26- AC Consumption - Energy (Wh) | Inv26- AC Consumption - Power (W) | Inv26- KWh/KWp (%),2016,2016,0,"%m/%d/%y, %I:%M %p:2016",2024-05-18 00:00:00,2024-05-24 23:55:00,5 minutes,OK,,combined/model dataset,PV/production markers; combined/dataset marker,
data/raw/Data to be used/Data to be used/Power/Weekly Data/AC_power_energy/Combined Production Data/Week_23.csv,681870,.csv,98494d15106fd3bf26fc6a4955bc3dc2cc4182f69bed67891fc46c61b145bf3d,Time | Inv1- AC Production - Energy (Wh) | Inv1- AC Production - Power (W) | Inv1- AC Consumption - Energy (Wh) | Inv1- AC Consumption - Power (W) | Inv1- KWh/KWp (%) | Inv2- AC Production - Energy (Wh) | Inv2- AC Production - Power (W) | Inv2- AC Consumption - Energy (Wh) | Inv2- AC Consumption - Power (W) | Inv2- KWh/KWp (%) | Inv3- AC Production - Energy (Wh) | Inv3- AC Production - Power (W) | Inv3- AC Consumption - Energy (Wh) | Inv3- AC Consumption - Power (W) | Inv3- KWh/KWp (%) | Inv4- AC Production - Energy (Wh) | Inv4- AC Production - Power (W) | Inv4- AC Consumption - Energy (Wh) | Inv4- AC Consumption - Power (W) | Inv4- KWh/KWp (%) | Inv5- AC Production - Energy (Wh) | Inv5- AC Production - Power (W) | Inv5- AC Consumption - Energy (Wh) | Inv5- AC Consumption - Power (W) | Inv5- KWh/KWp (%) | Inv6- AC Production - Energy (Wh) | Inv6- AC Production - Power (W) | Inv6- AC Consumption - Energy (Wh) | Inv6- AC Consumption - Power (W) | Inv6- KWh/KWp (%) | Inv7- AC Production - Energy (Wh) | Inv7- AC Production - Power (W) | Inv7- AC Consumption - Energy (Wh) | Inv7- AC Consumption - Power (W) | Inv7- KWh/KWp (%) | Inv8- AC Production - Energy (Wh) | Inv8- AC Production - Power (W) | Inv8- AC Consumption - Energy (Wh) | Inv8- AC Consumption - Power (W) | Inv8- KWh/KWp (%) | Inv9- AC Production - Energy (Wh) | Inv9- AC Production - Power (W) | Inv9- AC Consumption - Energy (Wh) | Inv9- AC Consumption - Power (W) | Inv9- KWh/KWp (%) | Inv10- AC Production - Energy (Wh) | Inv10- AC Production - Power (W) | Inv10- AC Consumption - Energy (Wh) | Inv10- AC Consumption - Power (W) | Inv10- KWh/KWp (%) | Inv11- AC Production - Energy (Wh) | Inv11- AC Production - Power (W) | Inv11- AC Consumption - Energy (Wh) | Inv11- AC Consumption - Power (W) | Inv11- KWh/KWp (%) | Inv12- AC Production - Energy (Wh) | Inv12- AC Production - Power (W) | Inv12- AC Consumption - Energy (Wh) | Inv12- AC Consumption - Power (W) | Inv12- KWh/KWp (%) | Inv13- AC Production - Energy (Wh) | Inv13- AC Production - Power (W) | Inv13- AC Consumption - Energy (Wh) | Inv13- AC Consumption - Power (W) | Inv13- KWh/KWp (%) | Inv14- AC Production - Energy (Wh) | Inv14- AC Production - Power (W) | Inv14- AC Consumption - Energy (Wh) | Inv14- AC Consumption - Power (W) | Inv14- KWh/KWp (%) | Inv15- AC Production - Energy (Wh) | Inv15- AC Production - Power (W) | Inv15- AC Consumption - Energy (Wh) | Inv15- AC Consumption - Power (W) | Inv15- KWh/KWp (%) | Inv16- AC Production - Energy (Wh) | Inv16- AC Production - Power (W) | Inv16- AC Consumption - Energy (Wh) | Inv16- AC Consumption - Power (W) | Inv16- KWh/KWp (%) | Inv17- AC Production - Energy (Wh) | Inv17- AC Production - Power (W) | Inv17- AC Consumption - Energy (Wh) | Inv17- AC Consumption - Power (W) | Inv17- KWh/KWp (%) | Inv18- AC Production - Energy (Wh) | Inv18- AC Production - Power (W) | Inv18- AC Consumption - Energy (Wh) | Inv18- AC Consumption - Power (W) | Inv18- KWh/KWp (%) | Inv19- AC Production - Energy (Wh) | Inv19- AC Production - Power (W) | Inv19- AC Consumption - Energy (Wh) | Inv19- AC Consumption - Power (W) | Inv19- KWh/KWp (%) | Inv20- AC Production - Energy (Wh) | Inv20- AC Production - Power (W) | Inv20- AC Consumption - Energy (Wh) | Inv20- AC Consumption - Power (W) | Inv20- KWh/KWp (%) | Inv21- AC Production - Energy (Wh) | Inv21- AC Production - Power (W) | Inv21- AC Consumption - Energy (Wh) | Inv21- AC Consumption - Power (W) | Inv21- KWh/KWp (%) | Inv22- AC Production - Energy (Wh) | Inv22- AC Production - Power (W) | Inv22- AC Consumption - Energy (Wh) | Inv22- AC Consumption - Power (W) | Inv22- KWh/KWp (%) | Inv23- AC Production - Energy (Wh) | Inv23- AC Production - Power (W) | Inv23- AC Consumption - Energy (Wh) | Inv23- AC Consumption - Power (W) | Inv23- KWh/KWp (%) | Inv24- AC Production - Energy (Wh) | Inv24- AC Production - Power (W) | Inv24- AC Consumption - Energy (Wh) | Inv24- AC Consumption - Power (W) | Inv24- KWh/KWp (%) | Inv25- AC Production - Energy (Wh) | Inv25- AC Production - Power (W) | Inv25- AC Consumption - Energy (Wh) | Inv25- AC Consumption - Power (W) | Inv25- KWh/KWp (%) | Inv26- AC Production - Energy (Wh) | Inv26- AC Production - Power (W) | Inv26- AC Consumption - Energy (Wh) | Inv26- AC Consumption - Power (W) | Inv26- KWh/KWp (%),2016,2016,0,"%m/%d/%y, %I:%M %p:2016",2024-05-25 00:00:00,2024-05-31 23:55:00,5 minutes,OK,,combined/model dataset,PV/production markers; combined/dataset marker,
data/raw/Data to be used/Data to be used/Power/Weekly Data/AC_power_energy/Combined Production Data/Week_24.csv,674532,.csv,e025260566d1954b3d91e3a6f047d8181e8d6f1c912ed58f1b57ee2a63374451,Time | Inv1- AC Production - Energy (Wh) | Inv1- AC Production - Power (W) | Inv1- AC Consumption - Energy (Wh) | Inv1- AC Consumption - Power (W) | Inv1- KWh/KWp (%) | Inv2- AC Production - Energy (Wh) | Inv2- AC Production - Power (W) | Inv2- AC Consumption - Energy (Wh) | Inv2- AC Consumption - Power (W) | Inv2- KWh/KWp (%) | Inv3- AC Production - Energy (Wh) | Inv3- AC Production - Power (W) | Inv3- AC Consumption - Energy (Wh) | Inv3- AC Consumption - Power (W) | Inv3- KWh/KWp (%) | Inv4- AC Production - Energy (Wh) | Inv4- AC Production - Power (W) | Inv4- AC Consumption - Energy (Wh) | Inv4- AC Consumption - Power (W) | Inv4- KWh/KWp (%) | Inv5- AC Production - Energy (Wh) | Inv5- AC Production - Power (W) | Inv5- AC Consumption - Energy (Wh) | Inv5- AC Consumption - Power (W) | Inv5- KWh/KWp (%) | Inv6- AC Production - Energy (Wh) | Inv6- AC Production - Power (W) | Inv6- AC Consumption - Energy (Wh) | Inv6- AC Consumption - Power (W) | Inv6- KWh/KWp (%) | Inv7- AC Production - Energy (Wh) | Inv7- AC Production - Power (W) | Inv7- AC Consumption - Energy (Wh) | Inv7- AC Consumption - Power (W) | Inv7- KWh/KWp (%) | Inv8- AC Production - Energy (Wh) | Inv8- AC Production - Power (W) | Inv8- AC Consumption - Energy (Wh) | Inv8- AC Consumption - Power (W) | Inv8- KWh/KWp (%) | Inv9- AC Production - Energy (Wh) | Inv9- AC Production - Power (W) | Inv9- AC Consumption - Energy (Wh) | Inv9- AC Consumption - Power (W) | Inv9- KWh/KWp (%) | Inv10- AC Production - Energy (Wh) | Inv10- AC Production - Power (W) | Inv10- AC Consumption - Energy (Wh) | Inv10- AC Consumption - Power (W) | Inv10- KWh/KWp (%) | Inv11- AC Production - Energy (Wh) | Inv11- AC Production - Power (W) | Inv11- AC Consumption - Energy (Wh) | Inv11- AC Consumption - Power (W) | Inv11- KWh/KWp (%) | Inv12- AC Production - Energy (Wh) | Inv12- AC Production - Power (W) | Inv12- AC Consumption - Energy (Wh) | Inv12- AC Consumption - Power (W) | Inv12- KWh/KWp (%) | Inv13- AC Production - Energy (Wh) | Inv13- AC Production - Power (W) | Inv13- AC Consumption - Energy (Wh) | Inv13- AC Consumption - Power (W) | Inv13- KWh/KWp (%) | Inv14- AC Production - Energy (Wh) | Inv14- AC Production - Power (W) | Inv14- AC Consumption - Energy (Wh) | Inv14- AC Consumption - Power (W) | Inv14- KWh/KWp (%) | Inv15- AC Production - Energy (Wh) | Inv15- AC Production - Power (W) | Inv15- AC Consumption - Energy (Wh) | Inv15- AC Consumption - Power (W) | Inv15- KWh/KWp (%) | Inv16- AC Production - Energy (Wh) | Inv16- AC Production - Power (W) | Inv16- AC Consumption - Energy (Wh) | Inv16- AC Consumption - Power (W) | Inv16- KWh/KWp (%) | Inv17- AC Production - Energy (Wh) | Inv17- AC Production - Power (W) | Inv17- AC Consumption - Energy (Wh) | Inv17- AC Consumption - Power (W) | Inv17- KWh/KWp (%) | Inv18- AC Production - Energy (Wh) | Inv18- AC Production - Power (W) | Inv18- AC Consumption - Energy (Wh) | Inv18- AC Consumption - Power (W) | Inv18- KWh/KWp (%) | Inv19- AC Production - Energy (Wh) | Inv19- AC Production - Power (W) | Inv19- AC Consumption - Energy (Wh) | Inv19- AC Consumption - Power (W) | Inv19- KWh/KWp (%) | Inv20- AC Production - Energy (Wh) | Inv20- AC Production - Power (W) | Inv20- AC Consumption - Energy (Wh) | Inv20- AC Consumption - Power (W) | Inv20- KWh/KWp (%) | Inv21- AC Production - Energy (Wh) | Inv21- AC Production - Power (W) | Inv21- AC Consumption - Energy (Wh) | Inv21- AC Consumption - Power (W) | Inv21- KWh/KWp (%) | Inv22- AC Production - Energy (Wh) | Inv22- AC Production - Power (W) | Inv22- AC Consumption - Energy (Wh) | Inv22- AC Consumption - Power (W) | Inv22- KWh/KWp (%) | Inv23- AC Production - Energy (Wh) | Inv23- AC Production - Power (W) | Inv23- AC Consumption - Energy (Wh) | Inv23- AC Consumption - Power (W) | Inv23- KWh/KWp (%) | Inv24- AC Production - Energy (Wh) | Inv24- AC Production - Power (W) | Inv24- AC Consumption - Energy (Wh) | Inv24- AC Consumption - Power (W) | Inv24- KWh/KWp (%) | Inv25- AC Production - Energy (Wh) | Inv25- AC Production - Power (W) | Inv25- AC Consumption - Energy (Wh) | Inv25- AC Consumption - Power (W) | Inv25- KWh/KWp (%) | Inv26- AC Production - Energy (Wh) | Inv26- AC Production - Power (W) | Inv26- AC Consumption - Energy (Wh) | Inv26- AC Consumption - Power (W) | Inv26- KWh/KWp (%),2016,2016,0,"%m/%d/%y, %I:%M %p:2016",2024-06-01 00:00:00,2024-06-07 23:55:00,5 minutes,OK,,combined/model dataset,PV/production markers; combined/dataset marker,
data/raw/Data to be used/Data to be used/Power/Weekly Data/AC_power_energy/Combined Production Data/Week_25.csv,661992,.csv,b9bffe6d4aeaecd878d69cfc63ff9a4345685639320ce741cf7fdeea0731fe0c,Time | Inv1- AC Production - Energy (Wh) | Inv1- AC Production - Power (W) | Inv1- AC Consumption - Energy (Wh) | Inv1- AC Consumption - Power (W) | Inv1- KWh/KWp (%) | Inv2- AC Production - Energy (Wh) | Inv2- AC Production - Power (W) | Inv2- AC Consumption - Energy (Wh) | Inv2- AC Consumption - Power (W) | Inv2- KWh/KWp (%) | Inv3- AC Production - Energy (Wh) | Inv3- AC Production - Power (W) | Inv3- AC Consumption - Energy (Wh) | Inv3- AC Consumption - Power (W) | Inv3- KWh/KWp (%) | Inv4- AC Production - Energy (Wh) | Inv4- AC Production - Power (W) | Inv4- AC Consumption - Energy (Wh) | Inv4- AC Consumption - Power (W) | Inv4- KWh/KWp (%) | Inv5- AC Production - Energy (Wh) | Inv5- AC Production - Power (W) | Inv5- AC Consumption - Energy (Wh) | Inv5- AC Consumption - Power (W) | Inv5- KWh/KWp (%) | Inv6- AC Production - Energy (Wh) | Inv6- AC Production - Power (W) | Inv6- AC Consumption - Energy (Wh) | Inv6- AC Consumption - Power (W) | Inv6- KWh/KWp (%) | Inv7- AC Production - Energy (Wh) | Inv7- AC Production - Power (W) | Inv7- AC Consumption - Energy (Wh) | Inv7- AC Consumption - Power (W) | Inv7- KWh/KWp (%) | Inv8- AC Production - Energy (Wh) | Inv8- AC Production - Power (W) | Inv8- AC Consumption - Energy (Wh) | Inv8- AC Consumption - Power (W) | Inv8- KWh/KWp (%) | Inv9- AC Production - Energy (Wh) | Inv9- AC Production - Power (W) | Inv9- AC Consumption - Energy (Wh) | Inv9- AC Consumption - Power (W) | Inv9- KWh/KWp (%) | Inv10- AC Production - Energy (Wh) | Inv10- AC Production - Power (W) | Inv10- AC Consumption - Energy (Wh) | Inv10- AC Consumption - Power (W) | Inv10- KWh/KWp (%) | Inv11- AC Production - Energy (Wh) | Inv11- AC Production - Power (W) | Inv11- AC Consumption - Energy (Wh) | Inv11- AC Consumption - Power (W) | Inv11- KWh/KWp (%) | Inv12- AC Production - Energy (Wh) | Inv12- AC Production - Power (W) | Inv12- AC Consumption - Energy (Wh) | Inv12- AC Consumption - Power (W) | Inv12- KWh/KWp (%) | Inv13- AC Production - Energy (Wh) | Inv13- AC Production - Power (W) | Inv13- AC Consumption - Energy (Wh) | Inv13- AC Consumption - Power (W) | Inv13- KWh/KWp (%) | Inv14- AC Production - Energy (Wh) | Inv14- AC Production - Power (W) | Inv14- AC Consumption - Energy (Wh) | Inv14- AC Consumption - Power (W) | Inv14- KWh/KWp (%) | Inv15- AC Production - Energy (Wh) | Inv15- AC Production - Power (W) | Inv15- AC Consumption - Energy (Wh) | Inv15- AC Consumption - Power (W) | Inv15- KWh/KWp (%) | Inv16- AC Production - Energy (Wh) | Inv16- AC Production - Power (W) | Inv16- AC Consumption - Energy (Wh) | Inv16- AC Consumption - Power (W) | Inv16- KWh/KWp (%) | Inv17- AC Production - Energy (Wh) | Inv17- AC Production - Power (W) | Inv17- AC Consumption - Energy (Wh) | Inv17- AC Consumption - Power (W) | Inv17- KWh/KWp (%) | Inv18- AC Production - Energy (Wh) | Inv18- AC Production - Power (W) | Inv18- AC Consumption - Energy (Wh) | Inv18- AC Consumption - Power (W) | Inv18- KWh/KWp (%) | Inv19- AC Production - Energy (Wh) | Inv19- AC Production - Power (W) | Inv19- AC Consumption - Energy (Wh) | Inv19- AC Consumption - Power (W) | Inv19- KWh/KWp (%) | Inv20- AC Production - Energy (Wh) | Inv20- AC Production - Power (W) | Inv20- AC Consumption - Energy (Wh) | Inv20- AC Consumption - Power (W) | Inv20- KWh/KWp (%) | Inv21- AC Production - Energy (Wh) | Inv21- AC Production - Power (W) | Inv21- AC Consumption - Energy (Wh) | Inv21- AC Consumption - Power (W) | Inv21- KWh/KWp (%) | Inv22- AC Production - Energy (Wh) | Inv22- AC Production - Power (W) | Inv22- AC Consumption - Energy (Wh) | Inv22- AC Consumption - Power (W) | Inv22- KWh/KWp (%) | Inv23- AC Production - Energy (Wh) | Inv23- AC Production - Power (W) | Inv23- AC Consumption - Energy (Wh) | Inv23- AC Consumption - Power (W) | Inv23- KWh/KWp (%) | Inv24- AC Production - Energy (Wh) | Inv24- AC Production - Power (W) | Inv24- AC Consumption - Energy (Wh) | Inv24- AC Consumption - Power (W) | Inv24- KWh/KWp (%) | Inv25- AC Production - Energy (Wh) | Inv25- AC Production - Power (W) | Inv25- AC Consumption - Energy (Wh) | Inv25- AC Consumption - Power (W) | Inv25- KWh/KWp (%) | Inv26- AC Production - Energy (Wh) | Inv26- AC Production - Power (W) | Inv26- AC Consumption - Energy (Wh) | Inv26- AC Consumption - Power (W) | Inv26- KWh/KWp (%),2016,2016,0,"%m/%d/%y, %I:%M %p:2016",2024-06-08 00:00:00,2024-06-14 23:55:00,5 minutes,OK,,combined/model dataset,PV/production markers; combined/dataset marker,
data/raw/Data to be used/Data to be used/Power/Weekly Data/AC_power_energy/Combined Production Data/Week_26.csv,675154,.csv,a74c32e49cd5c89105593e38d3ab23e948181c63f6e02f41d82209ac947c3e41,Time | Inv1- AC Production - Energy (Wh) | Inv1- AC Production - Power (W) | Inv1- AC Consumption - Energy (Wh) | Inv1- AC Consumption - Power (W) | Inv1- KWh/KWp (%) | Inv2- AC Production - Energy (Wh) | Inv2- AC Production - Power (W) | Inv2- AC Consumption - Energy (Wh) | Inv2- AC Consumption - Power (W) | Inv2- KWh/KWp (%) | Inv3- AC Production - Energy (Wh) | Inv3- AC Production - Power (W) | Inv3- AC Consumption - Energy (Wh) | Inv3- AC Consumption - Power (W) | Inv3- KWh/KWp (%) | Inv4- AC Production - Energy (Wh) | Inv4- AC Production - Power (W) | Inv4- AC Consumption - Energy (Wh) | Inv4- AC Consumption - Power (W) | Inv4- KWh/KWp (%) | Inv5- AC Production - Energy (Wh) | Inv5- AC Production - Power (W) | Inv5- AC Consumption - Energy (Wh) | Inv5- AC Consumption - Power (W) | Inv5- KWh/KWp (%) | Inv6- AC Production - Energy (Wh) | Inv6- AC Production - Power (W) | Inv6- AC Consumption - Energy (Wh) | Inv6- AC Consumption - Power (W) | Inv6- KWh/KWp (%) | Inv7- AC Production - Energy (Wh) | Inv7- AC Production - Power (W) | Inv7- AC Consumption - Energy (Wh) | Inv7- AC Consumption - Power (W) | Inv7- KWh/KWp (%) | Inv8- AC Production - Energy (Wh) | Inv8- AC Production - Power (W) | Inv8- AC Consumption - Energy (Wh) | Inv8- AC Consumption - Power (W) | Inv8- KWh/KWp (%) | Inv9- AC Production - Energy (Wh) | Inv9- AC Production - Power (W) | Inv9- AC Consumption - Energy (Wh) | Inv9- AC Consumption - Power (W) | Inv9- KWh/KWp (%) | Inv10- AC Production - Energy (Wh) | Inv10- AC Production - Power (W) | Inv10- AC Consumption - Energy (Wh) | Inv10- AC Consumption - Power (W) | Inv10- KWh/KWp (%) | Inv11- AC Production - Energy (Wh) | Inv11- AC Production - Power (W) | Inv11- AC Consumption - Energy (Wh) | Inv11- AC Consumption - Power (W) | Inv11- KWh/KWp (%) | Inv12- AC Production - Energy (Wh) | Inv12- AC Production - Power (W) | Inv12- AC Consumption - Energy (Wh) | Inv12- AC Consumption - Power (W) | Inv12- KWh/KWp (%) | Inv13- AC Production - Energy (Wh) | Inv13- AC Production - Power (W) | Inv13- AC Consumption - Energy (Wh) | Inv13- AC Consumption - Power (W) | Inv13- KWh/KWp (%) | Inv14- AC Production - Energy (Wh) | Inv14- AC Production - Power (W) | Inv14- AC Consumption - Energy (Wh) | Inv14- AC Consumption - Power (W) | Inv14- KWh/KWp (%) | Inv15- AC Production - Energy (Wh) | Inv15- AC Production - Power (W) | Inv15- AC Consumption - Energy (Wh) | Inv15- AC Consumption - Power (W) | Inv15- KWh/KWp (%) | Inv16- AC Production - Energy (Wh) | Inv16- AC Production - Power (W) | Inv16- AC Consumption - Energy (Wh) | Inv16- AC Consumption - Power (W) | Inv16- KWh/KWp (%) | Inv17- AC Production - Energy (Wh) | Inv17- AC Production - Power (W) | Inv17- AC Consumption - Energy (Wh) | Inv17- AC Consumption - Power (W) | Inv17- KWh/KWp (%) | Inv18- AC Production - Energy (Wh) | Inv18- AC Production - Power (W) | Inv18- AC Consumption - Energy (Wh) | Inv18- AC Consumption - Power (W) | Inv18- KWh/KWp (%) | Inv19- AC Production - Energy (Wh) | Inv19- AC Production - Power (W) | Inv19- AC Consumption - Energy (Wh) | Inv19- AC Consumption - Power (W) | Inv19- KWh/KWp (%) | Inv20- AC Production - Energy (Wh) | Inv20- AC Production - Power (W) | Inv20- AC Consumption - Energy (Wh) | Inv20- AC Consumption - Power (W) | Inv20- KWh/KWp (%) | Inv21- AC Production - Energy (Wh) | Inv21- AC Production - Power (W) | Inv21- AC Consumption - Energy (Wh) | Inv21- AC Consumption - Power (W) | Inv21- KWh/KWp (%) | Inv22- AC Production - Energy (Wh) | Inv22- AC Production - Power (W) | Inv22- AC Consumption - Energy (Wh) | Inv22- AC Consumption - Power (W) | Inv22- KWh/KWp (%) | Inv23- AC Production - Energy (Wh) | Inv23- AC Production - Power (W) | Inv23- AC Consumption - Energy (Wh) | Inv23- AC Consumption - Power (W) | Inv23- KWh/KWp (%) | Inv24- AC Production - Energy (Wh) | Inv24- AC Production - Power (W) | Inv24- AC Consumption - Energy (Wh) | Inv24- AC Consumption - Power (W) | Inv24- KWh/KWp (%) | Inv25- AC Production - Energy (Wh) | Inv25- AC Production - Power (W) | Inv25- AC Consumption - Energy (Wh) | Inv25- AC Consumption - Power (W) | Inv25- KWh/KWp (%) | Inv26- AC Production - Energy (Wh) | Inv26- AC Production - Power (W) | Inv26- AC Consumption - Energy (Wh) | Inv26- AC Consumption - Power (W) | Inv26- KWh/KWp (%),2016,2016,0,"%m/%d/%y, %I:%M %p:2016",2024-06-15 00:00:00,2024-06-21 23:55:00,5 minutes,OK,,combined/model dataset,PV/production markers; combined/dataset marker,
data/raw/Data to be used/Data to be used/Power/Weekly Data/AC_power_energy/Combined Production Data/Week_27.csv,670680,.csv,47c8259a1e46f91aa2fcffc8099385aab0ed39dd8f9cde438d250b7f79fcfda5,Time | Inv1- AC Production - Energy (Wh) | Inv1- AC Production - Power (W) | Inv1- AC Consumption - Energy (Wh) | Inv1- AC Consumption - Power (W) | Inv1- KWh/KWp (%) | Inv2- AC Production - Energy (Wh) | Inv2- AC Production - Power (W) | Inv2- AC Consumption - Energy (Wh) | Inv2- AC Consumption - Power (W) | Inv2- KWh/KWp (%) | Inv3- AC Production - Energy (Wh) | Inv3- AC Production - Power (W) | Inv3- AC Consumption - Energy (Wh) | Inv3- AC Consumption - Power (W) | Inv3- KWh/KWp (%) | Inv4- AC Production - Energy (Wh) | Inv4- AC Production - Power (W) | Inv4- AC Consumption - Energy (Wh) | Inv4- AC Consumption - Power (W) | Inv4- KWh/KWp (%) | Inv5- AC Production - Energy (Wh) | Inv5- AC Production - Power (W) | Inv5- AC Consumption - Energy (Wh) | Inv5- AC Consumption - Power (W) | Inv5- KWh/KWp (%) | Inv6- AC Production - Energy (Wh) | Inv6- AC Production - Power (W) | Inv6- AC Consumption - Energy (Wh) | Inv6- AC Consumption - Power (W) | Inv6- KWh/KWp (%) | Inv7- AC Production - Energy (Wh) | Inv7- AC Production - Power (W) | Inv7- AC Consumption - Energy (Wh) | Inv7- AC Consumption - Power (W) | Inv7- KWh/KWp (%) | Inv8- AC Production - Energy (Wh) | Inv8- AC Production - Power (W) | Inv8- AC Consumption - Energy (Wh) | Inv8- AC Consumption - Power (W) | Inv8- KWh/KWp (%) | Inv9- AC Production - Energy (Wh) | Inv9- AC Production - Power (W) | Inv9- AC Consumption - Energy (Wh) | Inv9- AC Consumption - Power (W) | Inv9- KWh/KWp (%) | Inv10- AC Production - Energy (Wh) | Inv10- AC Production - Power (W) | Inv10- AC Consumption - Energy (Wh) | Inv10- AC Consumption - Power (W) | Inv10- KWh/KWp (%) | Inv11- AC Production - Energy (Wh) | Inv11- AC Production - Power (W) | Inv11- AC Consumption - Energy (Wh) | Inv11- AC Consumption - Power (W) | Inv11- KWh/KWp (%) | Inv12- AC Production - Energy (Wh) | Inv12- AC Production - Power (W) | Inv12- AC Consumption - Energy (Wh) | Inv12- AC Consumption - Power (W) | Inv12- KWh/KWp (%) | Inv13- AC Production - Energy (Wh) | Inv13- AC Production - Power (W) | Inv13- AC Consumption - Energy (Wh) | Inv13- AC Consumption - Power (W) | Inv13- KWh/KWp (%) | Inv14- AC Production - Energy (Wh) | Inv14- AC Production - Power (W) | Inv14- AC Consumption - Energy (Wh) | Inv14- AC Consumption - Power (W) | Inv14- KWh/KWp (%) | Inv15- AC Production - Energy (Wh) | Inv15- AC Production - Power (W) | Inv15- AC Consumption - Energy (Wh) | Inv15- AC Consumption - Power (W) | Inv15- KWh/KWp (%) | Inv16- AC Production - Energy (Wh) | Inv16- AC Production - Power (W) | Inv16- AC Consumption - Energy (Wh) | Inv16- AC Consumption - Power (W) | Inv16- KWh/KWp (%) | Inv17- AC Production - Energy (Wh) | Inv17- AC Production - Power (W) | Inv17- AC Consumption - Energy (Wh) | Inv17- AC Consumption - Power (W) | Inv17- KWh/KWp (%) | Inv18- AC Production - Energy (Wh) | Inv18- AC Production - Power (W) | Inv18- AC Consumption - Energy (Wh) | Inv18- AC Consumption - Power (W) | Inv18- KWh/KWp (%) | Inv19- AC Production - Energy (Wh) | Inv19- AC Production - Power (W) | Inv19- AC Consumption - Energy (Wh) | Inv19- AC Consumption - Power (W) | Inv19- KWh/KWp (%) | Inv20- AC Production - Energy (Wh) | Inv20- AC Production - Power (W) | Inv20- AC Consumption - Energy (Wh) | Inv20- AC Consumption - Power (W) | Inv20- KWh/KWp (%) | Inv21- AC Production - Energy (Wh) | Inv21- AC Production - Power (W) | Inv21- AC Consumption - Energy (Wh) | Inv21- AC Consumption - Power (W) | Inv21- KWh/KWp (%) | Inv22- AC Production - Energy (Wh) | Inv22- AC Production - Power (W) | Inv22- AC Consumption - Energy (Wh) | Inv22- AC Consumption - Power (W) | Inv22- KWh/KWp (%) | Inv23- AC Production - Energy (Wh) | Inv23- AC Production - Power (W) | Inv23- AC Consumption - Energy (Wh) | Inv23- AC Consumption - Power (W) | Inv23- KWh/KWp (%) | Inv24- AC Production - Energy (Wh) | Inv24- AC Production - Power (W) | Inv24- AC Consumption - Energy (Wh) | Inv24- AC Consumption - Power (W) | Inv24- KWh/KWp (%) | Inv25- AC Production - Energy (Wh) | Inv25- AC Production - Power (W) | Inv25- AC Consumption - Energy (Wh) | Inv25- AC Consumption - Power (W) | Inv25- KWh/KWp (%) | Inv26- AC Production - Energy (Wh) | Inv26- AC Production - Power (W) | Inv26- AC Consumption - Energy (Wh) | Inv26- AC Consumption - Power (W) | Inv26- KWh/KWp (%),2016,2016,0,"%m/%d/%y, %I:%M %p:2016",2024-06-22 00:00:00,2024-06-28 23:55:00,5 minutes,OK,,combined/model dataset,PV/production markers; combined/dataset marker,
data/raw/Data to be used/Data to be used/Power/Weekly Data/AC_power_energy/Combined Production Data/Week_29.csv,640731,.csv,6fec1cd2a1c726af625bb0b69087181da4003a0a5cc96a946bbf72ac88bf4488,Time | Inv1- AC Production - Energy (Wh) | Inv1- AC Production - Power (W) | Inv1- AC Consumption - Energy (Wh) | Inv1- AC Consumption - Power (W) | Inv1- KWh/KWp (%) | Inv2- AC Production - Energy (Wh) | Inv2- AC Production - Power (W) | Inv2- AC Consumption - Energy (Wh) | Inv2- AC Consumption - Power (W) | Inv2- KWh/KWp (%) | Inv3- AC Production - Energy (Wh) | Inv3- AC Production - Power (W) | Inv3- AC Consumption - Energy (Wh) | Inv3- AC Consumption - Power (W) | Inv3- KWh/KWp (%) | Inv4- AC Production - Energy (Wh) | Inv4- AC Production - Power (W) | Inv4- AC Consumption - Energy (Wh) | Inv4- AC Consumption - Power (W) | Inv4- KWh/KWp (%) | Inv5- AC Production - Energy (Wh) | Inv5- AC Production - Power (W) | Inv5- AC Consumption - Energy (Wh) | Inv5- AC Consumption - Power (W) | Inv5- KWh/KWp (%) | Inv6- AC Production - Energy (Wh) | Inv6- AC Production - Power (W) | Inv6- AC Consumption - Energy (Wh) | Inv6- AC Consumption - Power (W) | Inv6- KWh/KWp (%) | Inv7- AC Production - Energy (Wh) | Inv7- AC Production - Power (W) | Inv7- AC Consumption - Energy (Wh) | Inv7- AC Consumption - Power (W) | Inv7- KWh/KWp (%) | Inv8- AC Production - Energy (Wh) | Inv8- AC Production - Power (W) | Inv8- AC Consumption - Energy (Wh) | Inv8- AC Consumption - Power (W) | Inv8- KWh/KWp (%) | Inv9- AC Production - Energy (Wh) | Inv9- AC Production - Power (W) | Inv9- AC Consumption - Energy (Wh) | Inv9- AC Consumption - Power (W) | Inv9- KWh/KWp (%) | Inv10- AC Production - Energy (Wh) | Inv10- AC Production - Power (W) | Inv10- AC Consumption - Energy (Wh) | Inv10- AC Consumption - Power (W) | Inv10- KWh/KWp (%) | Inv11- AC Production - Energy (Wh) | Inv11- AC Production - Power (W) | Inv11- AC Consumption - Energy (Wh) | Inv11- AC Consumption - Power (W) | Inv11- KWh/KWp (%) | Inv12- AC Production - Energy (Wh) | Inv12- AC Production - Power (W) | Inv12- AC Consumption - Energy (Wh) | Inv12- AC Consumption - Power (W) | Inv12- KWh/KWp (%) | Inv13- AC Production - Energy (Wh) | Inv13- AC Production - Power (W) | Inv13- AC Consumption - Energy (Wh) | Inv13- AC Consumption - Power (W) | Inv13- KWh/KWp (%) | Inv14- AC Production - Energy (Wh) | Inv14- AC Production - Power (W) | Inv14- AC Consumption - Energy (Wh) | Inv14- AC Consumption - Power (W) | Inv14- KWh/KWp (%) | Inv15- AC Production - Energy (Wh) | Inv15- AC Production - Power (W) | Inv15- AC Consumption - Energy (Wh) | Inv15- AC Consumption - Power (W) | Inv15- KWh/KWp (%) | Inv16- AC Production - Energy (Wh) | Inv16- AC Production - Power (W) | Inv16- AC Consumption - Energy (Wh) | Inv16- AC Consumption - Power (W) | Inv16- KWh/KWp (%) | Inv17- AC Production - Energy (Wh) | Inv17- AC Production - Power (W) | Inv17- AC Consumption - Energy (Wh) | Inv17- AC Consumption - Power (W) | Inv17- KWh/KWp (%) | Inv18- AC Production - Energy (Wh) | Inv18- AC Production - Power (W) | Inv18- AC Consumption - Energy (Wh) | Inv18- AC Consumption - Power (W) | Inv18- KWh/KWp (%) | Inv19- AC Production - Energy (Wh) | Inv19- AC Production - Power (W) | Inv19- AC Consumption - Energy (Wh) | Inv19- AC Consumption - Power (W) | Inv19- KWh/KWp (%) | Inv20- AC Production - Energy (Wh) | Inv20- AC Production - Power (W) | Inv20- AC Consumption - Energy (Wh) | Inv20- AC Consumption - Power (W) | Inv20- KWh/KWp (%) | Inv21- AC Production - Energy (Wh) | Inv21- AC Production - Power (W) | Inv21- AC Consumption - Energy (Wh) | Inv21- AC Consumption - Power (W) | Inv21- KWh/KWp (%) | Inv22- AC Production - Energy (Wh) | Inv22- AC Production - Power (W) | Inv22- AC Consumption - Energy (Wh) | Inv22- AC Consumption - Power (W) | Inv22- KWh/KWp (%) | Inv23- AC Production - Energy (Wh) | Inv23- AC Production - Power (W) | Inv23- AC Consumption - Energy (Wh) | Inv23- AC Consumption - Power (W) | Inv23- KWh/KWp (%) | Inv24- AC Production - Energy (Wh) | Inv24- AC Production - Power (W) | Inv24- AC Consumption - Energy (Wh) | Inv24- AC Consumption - Power (W) | Inv24- KWh/KWp (%) | Inv25- AC Production - Energy (Wh) | Inv25- AC Production - Power (W) | Inv25- AC Consumption - Energy (Wh) | Inv25- AC Consumption - Power (W) | Inv25- KWh/KWp (%) | Inv26- AC Production - Energy (Wh) | Inv26- AC Production - Power (W) | Inv26- AC Consumption - Energy (Wh) | Inv26- AC Consumption - Power (W) | Inv26- KWh/KWp (%),2016,2016,0,"%m/%d/%y, %I:%M %p:2016",2024-07-06 00:00:00,2024-07-12 23:55:00,5 minutes,OK,,combined/model dataset,PV/production markers; combined/dataset marker,
data/raw/Data to be used/Data to be used/Power/Weekly Data/AC_power_energy/Combined Production Data/Week_3.csv,674279,.csv,75fcf40dd2069b54749fb0ba1693d960da4cbc5e2255629dec136508cfa4ed5b,Time | Production Energy (Wh) | Production Power (W) | Consumption Energy (Wh) | Consumption Power (W) | KWh/KWp (%) Inv1 | Production Energy (Wh) | Production Power (W) | Consumption Energy (Wh) | Consumption Power (W) | KWh/KWp (%) Inv2 | Production Energy (Wh) | Production Power (W) | Consumption Energy (Wh) | Consumption Power (W) | KWh/KWp (%) Inv3 | Production Energy (Wh) | Production Power (W) | Consumption Energy (Wh) | Consumption Power (W) | KWh/KWp (%) Inv4 | Production Energy (Wh) | Production Power (W) | Consumption Energy (Wh) | Consumption Power (W) | KWh/KWp (%) Inv5 | Production Energy (Wh) | Production Power (W) | Consumption Energy (Wh) | Consumption Power (W) | KWh/KWp (%) Inv6 | Production Energy (Wh) | Production Power (W) | Consumption Energy (Wh) | Consumption Power (W) | KWh/KWp (%) Inv7 | Production Energy (Wh) | Production Power (W) | Consumption Energy (Wh) | Consumption Power (W) | KWh/KWp (%) Inv8 | Production Energy (Wh) | Production Power (W) | Consumption Energy (Wh) | Consumption Power (W) | KWh/KWp (%) Inv9 | Production Energy (Wh) | Production Power (W) | Consumption Energy (Wh) | Consumption Power (W) | KWh/KWp (%) Inv10 | Production Energy (Wh) | Production Power (W) | Consumption Energy (Wh) | Consumption Power (W) | KWh/KWp (%) Inv11 | Production Energy (Wh) | Production Power (W) | Consumption Energy (Wh) | Consumption Power (W) | KWh/KWp (%) Inv12 | Production Energy (Wh) | Production Power (W) | Consumption Energy (Wh) | Consumption Power (W) | KWh/KWp (%) Inv13 | Production Energy (Wh) | Production Power (W) | Consumption Energy (Wh) | Consumption Power (W) | KWh/KWp (%) Inv14 | Production Energy (Wh) | Production Power (W) | Consumption Energy (Wh) | Consumption Power (W) | KWh/KWp (%) Inv15 | Production Energy (Wh) | Production Power (W) | Consumption Energy (Wh) | Consumption Power (W) | KWh/KWp (%) Inv16 | Production Energy (Wh) | Production Power (W) | Consumption Energy (Wh) | Consumption Power (W) | KWh/KWp (%) Inv17 | Production Energy (Wh) | Production Power (W) | Consumption Energy (Wh) | Consumption Power (W) | KWh/KWp (%) Inv18 | Production Energy (Wh) | Production Power (W) | Consumption Energy (Wh) | Consumption Power (W) | KWh/KWp (%) Inv19 | Production Energy (Wh) | Production Power (W) | Consumption Energy (Wh) | Consumption Power (W) | KWh/KWp (%) Inv 20 | Production Energy (Wh) | Production Power (W) | Consumption Energy (Wh) | Consumption Power (W) | KWh/KWp (%) Inv21 | Production Energy (Wh) | Production Power (W) | Consumption Energy (Wh) | Consumption Power (W) | KWh/KWp (%) Inv22 | Production Energy (Wh) | Production Power (W) | Consumption Energy (Wh) | Consumption Power (W) | KWh/KWp (%) Inv23 | Production Energy (Wh) | Production Power (W) | Consumption Energy (Wh) | Consumption Power (W) | KWh/KWp (%) Inv24 | Production Energy (Wh) | Production Power (W) | Consumption Energy (Wh) | Consumption Power (W) | KWh/KWp (%) Inv25 | Production Energy (Wh) | Production Power (W) | Consumption Energy (Wh) | Consumption Power (W) | KWh/KWp (%) Inv26,2016,2016,0,"%m/%d/%y, %I:%M %p:2016",2024-01-13 00:00:00,2024-01-19 23:55:00,5 minutes,OK,,combined/model dataset,PV/production markers; combined/dataset marker,
data/raw/Data to be used/Data to be used/Power/Weekly Data/AC_power_energy/Combined Production Data/Week_30.csv,769977,.csv,f9bf44b2b6cacb0fac416d818e8e131b94eb0f7fe604d4c8cabe14945cb44b88,Time | Inv1- AC Production - Energy (Wh) | Inv1- AC Production - Power (W) | Inv1- AC Consumption - Energy (Wh) | Inv1- AC Consumption - Power (W) | Inv1- KWh/KWp (%) | Inv2- AC Production - Energy (Wh) | Inv2- AC Production - Power (W) | Inv2- AC Consumption - Energy (Wh) | Inv2- AC Consumption - Power (W) | Inv2- KWh/KWp (%) | Inv3- AC Production - Energy (Wh) | Inv3- AC Production - Power (W) | Inv3- AC Consumption - Energy (Wh) | Inv3- AC Consumption - Power (W) | Inv3- KWh/KWp (%) | Inv4- AC Production - Energy (Wh) | Inv4- AC Production - Power (W) | Inv4- AC Consumption - Energy (Wh) | Inv4- AC Consumption - Power (W) | Inv4- KWh/KWp (%) | Inv5- AC Production - Energy (Wh) | Inv5- AC Production - Power (W) | Inv5- AC Consumption - Energy (Wh) | Inv5- AC Consumption - Power (W) | Inv5- KWh/KWp (%) | Inv6- AC Production - Energy (Wh) | Inv6- AC Production - Power (W) | Inv6- AC Consumption - Energy (Wh) | Inv6- AC Consumption - Power (W) | Inv6- KWh/KWp (%) | Inv7- AC Production - Energy (Wh) | Inv7- AC Production - Power (W) | Inv7- AC Consumption - Energy (Wh) | Inv7- AC Consumption - Power (W) | Inv7- KWh/KWp (%) | Inv8- AC Production - Energy (Wh) | Inv8- AC Production - Power (W) | Inv8- AC Consumption - Energy (Wh) | Inv8- AC Consumption - Power (W) | Inv8- KWh/KWp (%) | Inv9- AC Production - Energy (Wh) | Inv9- AC Production - Power (W) | Inv9- AC Consumption - Energy (Wh) | Inv9- AC Consumption - Power (W) | Inv9- KWh/KWp (%) | Inv10- AC Production - Energy (Wh) | Inv10- AC Production - Power (W) | Inv10- AC Consumption - Energy (Wh) | Inv10- AC Consumption - Power (W) | Inv10- KWh/KWp (%) | Inv11- AC Production - Energy (Wh) | Inv11- AC Production - Power (W) | Inv11- AC Consumption - Energy (Wh) | Inv11- AC Consumption - Power (W) | Inv11- KWh/KWp (%) | Inv12- AC Production - Energy (Wh) | Inv12- AC Production - Power (W) | Inv12- AC Consumption - Energy (Wh) | Inv12- AC Consumption - Power (W) | Inv12- KWh/KWp (%) | Inv13- AC Production - Energy (Wh) | Inv13- AC Production - Power (W) | Inv13- AC Consumption - Energy (Wh) | Inv13- AC Consumption - Power (W) | Inv13- KWh/KWp (%) | Inv14- AC Production - Energy (Wh) | Inv14- AC Production - Power (W) | Inv14- AC Consumption - Energy (Wh) | Inv14- AC Consumption - Power (W) | Inv14- KWh/KWp (%) | Inv15- AC Production - Energy (Wh) | Inv15- AC Production - Power (W) | Inv15- AC Consumption - Energy (Wh) | Inv15- AC Consumption - Power (W) | Inv15- KWh/KWp (%) | Inv16- AC Production - Energy (Wh) | Inv16- AC Production - Power (W) | Inv16- AC Consumption - Energy (Wh) | Inv16- AC Consumption - Power (W) | Inv16- KWh/KWp (%) | Inv17- AC Production - Energy (Wh) | Inv17- AC Production - Power (W) | Inv17- AC Consumption - Energy (Wh) | Inv17- AC Consumption - Power (W) | Inv17- KWh/KWp (%) | Inv18- AC Production - Energy (Wh) | Inv18- AC Production - Power (W) | Inv18- AC Consumption - Energy (Wh) | Inv18- AC Consumption - Power (W) | Inv18- KWh/KWp (%) | Inv19- AC Production - Energy (Wh) | Inv19- AC Production - Power (W) | Inv19- AC Consumption - Energy (Wh) | Inv19- AC Consumption - Power (W) | Inv19- KWh/KWp (%) | Inv20- AC Production - Energy (Wh) | Inv20- AC Production - Power (W) | Inv20- AC Consumption - Energy (Wh) | Inv20- AC Consumption - Power (W) | Inv20- KWh/KWp (%) | Inv21- AC Production - Energy (Wh) | Inv21- AC Production - Power (W) | Inv21- AC Consumption - Energy (Wh) | Inv21- AC Consumption - Power (W) | Inv21- KWh/KWp (%) | Inv22- AC Production - Energy (Wh) | Inv22- AC Production - Power (W) | Inv22- AC Consumption - Energy (Wh) | Inv22- AC Consumption - Power (W) | Inv22- KWh/KWp (%) | Inv23- AC Production - Energy (Wh) | Inv23- AC Production - Power (W) | Inv23- AC Consumption - Energy (Wh) | Inv23- AC Consumption - Power (W) | Inv23- KWh/KWp (%) | Inv24- AC Production - Energy (Wh) | Inv24- AC Production - Power (W) | Inv24- AC Consumption - Energy (Wh) | Inv24- AC Consumption - Power (W) | Inv24- KWh/KWp (%) | Inv25- AC Production - Energy (Wh) | Inv25- AC Production - Power (W) | Inv25- AC Consumption - Energy (Wh) | Inv25- AC Consumption - Power (W) | Inv25- KWh/KWp (%) | Inv26- AC Production - Energy (Wh) | Inv26- AC Production - Power (W) | Inv26- AC Consumption - Energy (Wh) | Inv26- AC Consumption - Power (W) |  |  |  | Inv26- KWh/KWp (%),2016,2016,0,"%m/%d/%y, %I:%M %p:2016",2024-07-13 00:00:00,2024-07-19 23:55:00,5 minutes,OK,,combined/model dataset,PV/production markers; combined/dataset marker,
data/raw/Data to be used/Data to be used/Power/Weekly Data/AC_power_energy/Combined Production Data/Week_31.csv,784123,.csv,2615bf7cffce0e6a34091ef948b076e89ec6bfe9e062819e47e6b41643110876,Time | Inv1- AC Production - Energy (Wh) | Inv1- AC Production - Power (W) | Inv1- AC Consumption - Energy (Wh) | Inv1- AC Consumption - Power (W) | Inv1- KWh/KWp (%) | Inv2- AC Production - Energy (Wh) | Inv2- AC Production - Power (W) | Inv2- AC Consumption - Energy (Wh) | Inv2- AC Consumption - Power (W) | Inv2- KWh/KWp (%) | Inv3- AC Production - Energy (Wh) | Inv3- AC Production - Power (W) | Inv3- AC Consumption - Energy (Wh) | Inv3- AC Consumption - Power (W) | Inv3- KWh/KWp (%) | Inv4- AC Production - Energy (Wh) | Inv4- AC Production - Power (W) | Inv4- AC Consumption - Energy (Wh) | Inv4- AC Consumption - Power (W) | Inv4- KWh/KWp (%) | Inv5- AC Production - Energy (Wh) | Inv5- AC Production - Power (W) | Inv5- AC Consumption - Energy (Wh) | Inv5- AC Consumption - Power (W) | Inv5- KWh/KWp (%) | Inv6- AC Production - Energy (Wh) | Inv6- AC Production - Power (W) | Inv6- AC Consumption - Energy (Wh) | Inv6- AC Consumption - Power (W) | Inv6- KWh/KWp (%) | Inv7- AC Production - Energy (Wh) | Inv7- AC Production - Power (W) | Inv7- AC Consumption - Energy (Wh) | Inv7- AC Consumption - Power (W) | Inv7- KWh/KWp (%) | Inv8- AC Production - Energy (Wh) | Inv8- AC Production - Power (W) | Inv8- AC Consumption - Energy (Wh) | Inv8- AC Consumption - Power (W) | Inv8- KWh/KWp (%) | Inv9- AC Production - Energy (Wh) | Inv9- AC Production - Power (W) | Inv9- AC Consumption - Energy (Wh) | Inv9- AC Consumption - Power (W) | Inv9- KWh/KWp (%) | Inv10- AC Production - Energy (Wh) | Inv10- AC Production - Power (W) | Inv10- AC Consumption - Energy (Wh) | Inv10- AC Consumption - Power (W) | Inv10- KWh/KWp (%) | Inv11- AC Production - Energy (Wh) | Inv11- AC Production - Power (W) | Inv11- AC Consumption - Energy (Wh) | Inv11- AC Consumption - Power (W) | Inv11- KWh/KWp (%) | Inv12- AC Production - Energy (Wh) | Inv12- AC Production - Power (W) | Inv12- AC Consumption - Energy (Wh) | Inv12- AC Consumption - Power (W) | Inv12- KWh/KWp (%) | Inv13- AC Production - Energy (Wh) | Inv13- AC Production - Power (W) | Inv13- AC Consumption - Energy (Wh) | Inv13- AC Consumption - Power (W) | Inv13- KWh/KWp (%) | Inv14- AC Production - Energy (Wh) | Inv14- AC Production - Power (W) | Inv14- AC Consumption - Energy (Wh) | Inv14- AC Consumption - Power (W) | Inv14- KWh/KWp (%) | Inv15- AC Production - Energy (Wh) | Inv15- AC Production - Power (W) | Inv15- AC Consumption - Energy (Wh) | Inv15- AC Consumption - Power (W) | Inv15- KWh/KWp (%) | Inv16- AC Production - Energy (Wh) | Inv16- AC Production - Power (W) | Inv16- AC Consumption - Energy (Wh) | Inv16- AC Consumption - Power (W) | Inv16- KWh/KWp (%) | Inv17- AC Production - Energy (Wh) | Inv17- AC Production - Power (W) | Inv17- AC Consumption - Energy (Wh) | Inv17- AC Consumption - Power (W) | Inv17- KWh/KWp (%) | Inv18- AC Production - Energy (Wh) | Inv18- AC Production - Power (W) | Inv18- AC Consumption - Energy (Wh) | Inv18- AC Consumption - Power (W) | Inv18- KWh/KWp (%) | Inv19- AC Production - Energy (Wh) | Inv19- AC Production - Power (W) | Inv19- AC Consumption - Energy (Wh) | Inv19- AC Consumption - Power (W) | Inv19- KWh/KWp (%) | Inv20- AC Production - Energy (Wh) | Inv20- AC Production - Power (W) | Inv20- AC Consumption - Energy (Wh) | Inv20- AC Consumption - Power (W) | Inv20- KWh/KWp (%) | Inv21- AC Production - Energy (Wh) | Inv21- AC Production - Power (W) | Inv21- AC Consumption - Energy (Wh) | Inv21- AC Consumption - Power (W) | Inv21- KWh/KWp (%) | Inv22- AC Production - Energy (Wh) | Inv22- AC Production - Power (W) | Inv22- AC Consumption - Energy (Wh) | Inv22- AC Consumption - Power (W) | Inv22- KWh/KWp (%) | Inv23- AC Production - Energy (Wh) | Inv23- AC Production - Power (W) | Inv23- AC Consumption - Energy (Wh) | Inv23- AC Consumption - Power (W) | Inv23- KWh/KWp (%) | Inv24- AC Production - Energy (Wh) | Inv24- AC Production - Power (W) | Inv24- AC Consumption - Energy (Wh) | Inv24- AC Consumption - Power (W) | Inv24- KWh/KWp (%) | Inv25- AC Production - Energy (Wh) | Inv25- AC Production - Power (W) | Inv25- AC Consumption - Energy (Wh) | Inv25- AC Consumption - Power (W) | Inv25- KWh/KWp (%) | Inv26- AC Production - Energy (Wh) | Inv26- AC Production - Power (W) | Inv26- AC Consumption - Energy (Wh) | Inv26- AC Consumption - Power (W) |  |  |  | Inv26- KWh/KWp (%),2016,2016,0,"%m/%d/%y, %I:%M %p:2016",2024-07-20 00:00:00,2024-07-26 23:55:00,5 minutes,OK,,combined/model dataset,PV/production markers; combined/dataset marker,
data/raw/Data to be used/Data to be used/Power/Weekly Data/AC_power_energy/Combined Production Data/Week_32.csv,789685,.csv,afb3afde65b9964544d76185e9240c96e625f6c9a25126dc234347c98f01d5f4,Time | Inv1- AC Production - Energy (Wh) | Inv1- AC Production - Power (W) | Inv1- AC Consumption - Energy (Wh) | Inv1- AC Consumption - Power (W) | Inv1- KWh/KWp (%) | Inv2- AC Production - Energy (Wh) | Inv2- AC Production - Power (W) | Inv2- AC Consumption - Energy (Wh) | Inv2- AC Consumption - Power (W) | Inv2- KWh/KWp (%) | Inv3- AC Production - Energy (Wh) | Inv3- AC Production - Power (W) | Inv3- AC Consumption - Energy (Wh) | Inv3- AC Consumption - Power (W) | Inv3- KWh/KWp (%) | Inv4- AC Production - Energy (Wh) | Inv4- AC Production - Power (W) | Inv4- AC Consumption - Energy (Wh) | Inv4- AC Consumption - Power (W) | Inv4- KWh/KWp (%) | Inv5- AC Production - Energy (Wh) | Inv5- AC Production - Power (W) | Inv5- AC Consumption - Energy (Wh) | Inv5- AC Consumption - Power (W) | Inv5- KWh/KWp (%) | Inv6- AC Production - Energy (Wh) | Inv6- AC Production - Power (W) | Inv6- AC Consumption - Energy (Wh) | Inv6- AC Consumption - Power (W) | Inv6- KWh/KWp (%) | Inv7- AC Production - Energy (Wh) | Inv7- AC Production - Power (W) | Inv7- AC Consumption - Energy (Wh) | Inv7- AC Consumption - Power (W) | Inv7- KWh/KWp (%) | Inv8- AC Production - Energy (Wh) | Inv8- AC Production - Power (W) | Inv8- AC Consumption - Energy (Wh) | Inv8- AC Consumption - Power (W) | Inv8- KWh/KWp (%) | Inv9- AC Production - Energy (Wh) | Inv9- AC Production - Power (W) | Inv9- AC Consumption - Energy (Wh) | Inv9- AC Consumption - Power (W) | Inv9- KWh/KWp (%) | Inv10- AC Production - Energy (Wh) | Inv10- AC Production - Power (W) | Inv10- AC Consumption - Energy (Wh) | Inv10- AC Consumption - Power (W) | Inv10- KWh/KWp (%) | Inv11- AC Production - Energy (Wh) | Inv11- AC Production - Power (W) | Inv11- AC Consumption - Energy (Wh) | Inv11- AC Consumption - Power (W) | Inv11- KWh/KWp (%) | Inv12- AC Production - Energy (Wh) | Inv12- AC Production - Power (W) | Inv12- AC Consumption - Energy (Wh) | Inv12- AC Consumption - Power (W) | Inv12- KWh/KWp (%) | Inv13- AC Production - Energy (Wh) | Inv13- AC Production - Power (W) | Inv13- AC Consumption - Energy (Wh) | Inv13- AC Consumption - Power (W) | Inv13- KWh/KWp (%) | Inv14- AC Production - Energy (Wh) | Inv14- AC Production - Power (W) | Inv14- AC Consumption - Energy (Wh) | Inv14- AC Consumption - Power (W) | Inv14- KWh/KWp (%) | Inv15- AC Production - Energy (Wh) | Inv15- AC Production - Power (W) | Inv15- AC Consumption - Energy (Wh) | Inv15- AC Consumption - Power (W) | Inv15- KWh/KWp (%) | Inv16- AC Production - Energy (Wh) | Inv16- AC Production - Power (W) | Inv16- AC Consumption - Energy (Wh) | Inv16- AC Consumption - Power (W) | Inv16- KWh/KWp (%) | Inv17- AC Production - Energy (Wh) | Inv17- AC Production - Power (W) | Inv17- AC Consumption - Energy (Wh) | Inv17- AC Consumption - Power (W) | Inv17- KWh/KWp (%) | Inv18- AC Production - Energy (Wh) | Inv18- AC Production - Power (W) | Inv18- AC Consumption - Energy (Wh) | Inv18- AC Consumption - Power (W) | Inv18- KWh/KWp (%) | Inv19- AC Production - Energy (Wh) | Inv19- AC Production - Power (W) | Inv19- AC Consumption - Energy (Wh) | Inv19- AC Consumption - Power (W) | Inv19- KWh/KWp (%) | Inv20- AC Production - Energy (Wh) | Inv20- AC Production - Power (W) | Inv20- AC Consumption - Energy (Wh) | Inv20- AC Consumption - Power (W) | Inv20- KWh/KWp (%) | Inv21- AC Production - Energy (Wh) | Inv21- AC Production - Power (W) | Inv21- AC Consumption - Energy (Wh) | Inv21- AC Consumption - Power (W) | Inv21- KWh/KWp (%) | Inv22- AC Production - Energy (Wh) | Inv22- AC Production - Power (W) | Inv22- AC Consumption - Energy (Wh) | Inv22- AC Consumption - Power (W) | Inv22- KWh/KWp (%) | Inv23- AC Production - Energy (Wh) | Inv23- AC Production - Power (W) | Inv23- AC Consumption - Energy (Wh) | Inv23- AC Consumption - Power (W) | Inv23- KWh/KWp (%) | Inv24- AC Production - Energy (Wh) | Inv24- AC Production - Power (W) | Inv24- AC Consumption - Energy (Wh) | Inv24- AC Consumption - Power (W) | Inv24- KWh/KWp (%) | Inv25- AC Production - Energy (Wh) | Inv25- AC Production - Power (W) | Inv25- AC Consumption - Energy (Wh) | Inv25- AC Consumption - Power (W) | Inv25- KWh/KWp (%) | Inv26- AC Production - Energy (Wh) | Inv26- AC Production - Power (W) | Inv26- AC Consumption - Energy (Wh) | Inv26- AC Consumption - Power (W) |  |  |  | Inv26- KWh/KWp (%),2016,2016,0,"%m/%d/%y, %I:%M %p:2016",2024-07-27 00:00:00,2024-08-02 23:55:00,5 minutes,OK,,combined/model dataset,PV/production markers; combined/dataset marker,
data/raw/Data to be used/Data to be used/Power/Weekly Data/AC_power_energy/Combined Production Data/Week_33.csv,776585,.csv,4c2499d12314c8f7d70bbb73b72a90f8c7d17e0a2809c5829b2272a910a18ec7,Time | Inv1- AC Production - Energy (Wh) | Inv1- AC Production - Power (W) | Inv1- AC Consumption - Energy (Wh) | Inv1- AC Consumption - Power (W) | Inv1- KWh/KWp (%) | Inv2- AC Production - Energy (Wh) | Inv2- AC Production - Power (W) | Inv2- AC Consumption - Energy (Wh) | Inv2- AC Consumption - Power (W) | Inv2- KWh/KWp (%) | Inv3- AC Production - Energy (Wh) | Inv3- AC Production - Power (W) | Inv3- AC Consumption - Energy (Wh) | Inv3- AC Consumption - Power (W) | Inv3- KWh/KWp (%) | Inv4- AC Production - Energy (Wh) | Inv4- AC Production - Power (W) | Inv4- AC Consumption - Energy (Wh) | Inv4- AC Consumption - Power (W) | Inv4- KWh/KWp (%) | Inv5- AC Production - Energy (Wh) | Inv5- AC Production - Power (W) | Inv5- AC Consumption - Energy (Wh) | Inv5- AC Consumption - Power (W) | Inv5- KWh/KWp (%) | Inv6- AC Production - Energy (Wh) | Inv6- AC Production - Power (W) | Inv6- AC Consumption - Energy (Wh) | Inv6- AC Consumption - Power (W) | Inv6- KWh/KWp (%) | Inv7- AC Production - Energy (Wh) | Inv7- AC Production - Power (W) | Inv7- AC Consumption - Energy (Wh) | Inv7- AC Consumption - Power (W) | Inv7- KWh/KWp (%) | Inv8- AC Production - Energy (Wh) | Inv8- AC Production - Power (W) | Inv8- AC Consumption - Energy (Wh) | Inv8- AC Consumption - Power (W) | Inv8- KWh/KWp (%) | Inv9- AC Production - Energy (Wh) | Inv9- AC Production - Power (W) | Inv9- AC Consumption - Energy (Wh) | Inv9- AC Consumption - Power (W) | Inv9- KWh/KWp (%) | Inv10- AC Production - Energy (Wh) | Inv10- AC Production - Power (W) | Inv10- AC Consumption - Energy (Wh) | Inv10- AC Consumption - Power (W) | Inv10- KWh/KWp (%) | Inv11- AC Production - Energy (Wh) | Inv11- AC Production - Power (W) | Inv11- AC Consumption - Energy (Wh) | Inv11- AC Consumption - Power (W) | Inv11- KWh/KWp (%) | Inv12- AC Production - Energy (Wh) | Inv12- AC Production - Power (W) | Inv12- AC Consumption - Energy (Wh) | Inv12- AC Consumption - Power (W) | Inv12- KWh/KWp (%) | Inv13- AC Production - Energy (Wh) | Inv13- AC Production - Power (W) | Inv13- AC Consumption - Energy (Wh) | Inv13- AC Consumption - Power (W) | Inv13- KWh/KWp (%) | Inv14- AC Production - Energy (Wh) | Inv14- AC Production - Power (W) | Inv14- AC Consumption - Energy (Wh) | Inv14- AC Consumption - Power (W) | Inv14- KWh/KWp (%) | Inv15- AC Production - Energy (Wh) | Inv15- AC Production - Power (W) | Inv15- AC Consumption - Energy (Wh) | Inv15- AC Consumption - Power (W) | Inv15- KWh/KWp (%) | Inv16- AC Production - Energy (Wh) | Inv16- AC Production - Power (W) | Inv16- AC Consumption - Energy (Wh) | Inv16- AC Consumption - Power (W) | Inv16- KWh/KWp (%) | Inv17- AC Production - Energy (Wh) | Inv17- AC Production - Power (W) | Inv17- AC Consumption - Energy (Wh) | Inv17- AC Consumption - Power (W) | Inv17- KWh/KWp (%) | Inv18- AC Production - Energy (Wh) | Inv18- AC Production - Power (W) | Inv18- AC Consumption - Energy (Wh) | Inv18- AC Consumption - Power (W) | Inv18- KWh/KWp (%) | Inv19- AC Production - Energy (Wh) | Inv19- AC Production - Power (W) | Inv19- AC Consumption - Energy (Wh) | Inv19- AC Consumption - Power (W) | Inv19- KWh/KWp (%) | Inv20- AC Production - Energy (Wh) | Inv20- AC Production - Power (W) | Inv20- AC Consumption - Energy (Wh) | Inv20- AC Consumption - Power (W) | Inv20- KWh/KWp (%) | Inv21- AC Production - Energy (Wh) | Inv21- AC Production - Power (W) | Inv21- AC Consumption - Energy (Wh) | Inv21- AC Consumption - Power (W) | Inv21- KWh/KWp (%) | Inv22- AC Production - Energy (Wh) | Inv22- AC Production - Power (W) | Inv22- AC Consumption - Energy (Wh) | Inv22- AC Consumption - Power (W) | Inv22- KWh/KWp (%) | Inv23- AC Production - Energy (Wh) | Inv23- AC Production - Power (W) | Inv23- AC Consumption - Energy (Wh) | Inv23- AC Consumption - Power (W) | Inv23- KWh/KWp (%) | Inv24- AC Production - Energy (Wh) | Inv24- AC Production - Power (W) | Inv24- AC Consumption - Energy (Wh) | Inv24- AC Consumption - Power (W) | Inv24- KWh/KWp (%) | Inv25- AC Production - Energy (Wh) | Inv25- AC Production - Power (W) | Inv25- AC Consumption - Energy (Wh) | Inv25- AC Consumption - Power (W) | Inv25- KWh/KWp (%) | Inv26- AC Production - Energy (Wh) | Inv26- AC Production - Power (W) | Inv26- AC Consumption - Energy (Wh) | Inv26- AC Consumption - Power (W) |  |  |  | Inv26- KWh/KWp (%),2016,2016,0,"%m/%d/%y, %I:%M %p:2016",2024-08-03 00:00:00,2024-08-09 23:55:00,5 minutes,OK,,combined/model dataset,PV/production markers; combined/dataset marker,
data/raw/Data to be used/Data to be used/Power/Weekly Data/AC_power_energy/Combined Production Data/Week_34.csv,806360,.csv,6322148d81dc2b50b0cc2a04e0afb0863bedf7ebfb2a1e8fe6fda9eb4ff67efe,Time | Inv1- AC Production - Energy (Wh) | Inv1- AC Production - Power (W) | Inv1- AC Consumption - Energy (Wh) | Inv1- AC Consumption - Power (W) | Inv1- KWh/KWp (%) | Inv2- AC Production - Energy (Wh) | Inv2- AC Production - Power (W) | Inv2- AC Consumption - Energy (Wh) | Inv2- AC Consumption - Power (W) | Inv2- KWh/KWp (%) | Inv3- AC Production - Energy (Wh) | Inv3- AC Production - Power (W) | Inv3- AC Consumption - Energy (Wh) | Inv3- AC Consumption - Power (W) | Inv3- KWh/KWp (%) | Inv4- AC Production - Energy (Wh) | Inv4- AC Production - Power (W) | Inv4- AC Consumption - Energy (Wh) | Inv4- AC Consumption - Power (W) | Inv4- KWh/KWp (%) | Inv5- AC Production - Energy (Wh) | Inv5- AC Production - Power (W) | Inv5- AC Consumption - Energy (Wh) | Inv5- AC Consumption - Power (W) | Inv5- KWh/KWp (%) | Inv6- AC Production - Energy (Wh) | Inv6- AC Production - Power (W) | Inv6- AC Consumption - Energy (Wh) | Inv6- AC Consumption - Power (W) | Inv6- KWh/KWp (%) | Inv7- AC Production - Energy (Wh) | Inv7- AC Production - Power (W) | Inv7- AC Consumption - Energy (Wh) | Inv7- AC Consumption - Power (W) | Inv7- KWh/KWp (%) | Inv8- AC Production - Energy (Wh) | Inv8- AC Production - Power (W) | Inv8- AC Consumption - Energy (Wh) | Inv8- AC Consumption - Power (W) | Inv8- KWh/KWp (%) | Inv9- AC Production - Energy (Wh) | Inv9- AC Production - Power (W) | Inv9- AC Consumption - Energy (Wh) | Inv9- AC Consumption - Power (W) | Inv9- KWh/KWp (%) | Inv10- AC Production - Energy (Wh) | Inv10- AC Production - Power (W) | Inv10- AC Consumption - Energy (Wh) | Inv10- AC Consumption - Power (W) | Inv10- KWh/KWp (%) | Inv11- AC Production - Energy (Wh) | Inv11- AC Production - Power (W) | Inv11- AC Consumption - Energy (Wh) | Inv11- AC Consumption - Power (W) | Inv11- KWh/KWp (%) | Inv12- AC Production - Energy (Wh) | Inv12- AC Production - Power (W) | Inv12- AC Consumption - Energy (Wh) | Inv12- AC Consumption - Power (W) | Inv12- KWh/KWp (%) | Inv13- AC Production - Energy (Wh) | Inv13- AC Production - Power (W) | Inv13- AC Consumption - Energy (Wh) | Inv13- AC Consumption - Power (W) | Inv13- KWh/KWp (%) | Inv14- AC Production - Energy (Wh) | Inv14- AC Production - Power (W) | Inv14- AC Consumption - Energy (Wh) | Inv14- AC Consumption - Power (W) | Inv14- KWh/KWp (%) | Inv15- AC Production - Energy (Wh) | Inv15- AC Production - Power (W) | Inv15- AC Consumption - Energy (Wh) | Inv15- AC Consumption - Power (W) | Inv15- KWh/KWp (%) | Inv16- AC Production - Energy (Wh) | Inv16- AC Production - Power (W) | Inv16- AC Consumption - Energy (Wh) | Inv16- AC Consumption - Power (W) | Inv16- KWh/KWp (%) | Inv17- AC Production - Energy (Wh) | Inv17- AC Production - Power (W) | Inv17- AC Consumption - Energy (Wh) | Inv17- AC Consumption - Power (W) | Inv17- KWh/KWp (%) | Inv18- AC Production - Energy (Wh) | Inv18- AC Production - Power (W) | Inv18- AC Consumption - Energy (Wh) | Inv18- AC Consumption - Power (W) | Inv18- KWh/KWp (%) | Inv19- AC Production - Energy (Wh) | Inv19- AC Production - Power (W) | Inv19- AC Consumption - Energy (Wh) | Inv19- AC Consumption - Power (W) | Inv19- KWh/KWp (%) | Inv20- AC Production - Energy (Wh) | Inv20- AC Production - Power (W) | Inv20- AC Consumption - Energy (Wh) | Inv20- AC Consumption - Power (W) | Inv20- KWh/KWp (%) | Inv21- AC Production - Energy (Wh) | Inv21- AC Production - Power (W) | Inv21- AC Consumption - Energy (Wh) | Inv21- AC Consumption - Power (W) | Inv21- KWh/KWp (%) | Inv22- AC Production - Energy (Wh) | Inv22- AC Production - Power (W) | Inv22- AC Consumption - Energy (Wh) | Inv22- AC Consumption - Power (W) | Inv22- KWh/KWp (%) | Inv23- AC Production - Energy (Wh) | Inv23- AC Production - Power (W) | Inv23- AC Consumption - Energy (Wh) | Inv23- AC Consumption - Power (W) | Inv23- KWh/KWp (%) | Inv24- AC Production - Energy (Wh) | Inv24- AC Production - Power (W) | Inv24- AC Consumption - Energy (Wh) | Inv24- AC Consumption - Power (W) | Inv24- KWh/KWp (%) | Inv25- AC Production - Energy (Wh) | Inv25- AC Production - Power (W) | Inv25- AC Consumption - Energy (Wh) | Inv25- AC Consumption - Power (W) | Inv25- KWh/KWp (%) | Inv26- AC Production - Energy (Wh) | Inv26- AC Production - Power (W) | Inv26- AC Consumption - Energy (Wh) | Inv26- AC Consumption - Power (W) |  |  |  | Inv26- KWh/KWp (%),2016,2016,0,"%m/%d/%y, %I:%M %p:2016",2024-08-10 00:00:00,2024-08-16 23:55:00,5 minutes,OK,,combined/model dataset,PV/production markers; combined/dataset marker,
data/raw/Data to be used/Data to be used/Power/Weekly Data/AC_power_energy/Combined Production Data/Week_35.csv,795336,.csv,2d0c3ac7f78093c763717d4700a54d762d4b9bf17e2f20368968ab64ea099cd7,Time | Inv1- AC Production - Energy (Wh) | Inv1- AC Production - Power (W) | Inv1- AC Consumption - Energy (Wh) | Inv1- AC Consumption - Power (W) | Inv1- KWh/KWp (%) | Inv2- AC Production - Energy (Wh) | Inv2- AC Production - Power (W) | Inv2- AC Consumption - Energy (Wh) | Inv2- AC Consumption - Power (W) | Inv2- KWh/KWp (%) | Inv3- AC Production - Energy (Wh) | Inv3- AC Production - Power (W) | Inv3- AC Consumption - Energy (Wh) | Inv3- AC Consumption - Power (W) | Inv3- KWh/KWp (%) | Inv4- AC Production - Energy (Wh) | Inv4- AC Production - Power (W) | Inv4- AC Consumption - Energy (Wh) | Inv4- AC Consumption - Power (W) | Inv4- KWh/KWp (%) | Inv5- AC Production - Energy (Wh) | Inv5- AC Production - Power (W) | Inv5- AC Consumption - Energy (Wh) | Inv5- AC Consumption - Power (W) | Inv5- KWh/KWp (%) | Inv6- AC Production - Energy (Wh) | Inv6- AC Production - Power (W) | Inv6- AC Consumption - Energy (Wh) | Inv6- AC Consumption - Power (W) | Inv6- KWh/KWp (%) | Inv7- AC Production - Energy (Wh) | Inv7- AC Production - Power (W) | Inv7- AC Consumption - Energy (Wh) | Inv7- AC Consumption - Power (W) | Inv7- KWh/KWp (%) | Inv8- AC Production - Energy (Wh) | Inv8- AC Production - Power (W) | Inv8- AC Consumption - Energy (Wh) | Inv8- AC Consumption - Power (W) | Inv8- KWh/KWp (%) | Inv9- AC Production - Energy (Wh) | Inv9- AC Production - Power (W) | Inv9- AC Consumption - Energy (Wh) | Inv9- AC Consumption - Power (W) | Inv9- KWh/KWp (%) | Inv10- AC Production - Energy (Wh) | Inv10- AC Production - Power (W) | Inv10- AC Consumption - Energy (Wh) | Inv10- AC Consumption - Power (W) | Inv10- KWh/KWp (%) | Inv11- AC Production - Energy (Wh) | Inv11- AC Production - Power (W) | Inv11- AC Consumption - Energy (Wh) | Inv11- AC Consumption - Power (W) | Inv11- KWh/KWp (%) | Inv12- AC Production - Energy (Wh) | Inv12- AC Production - Power (W) | Inv12- AC Consumption - Energy (Wh) | Inv12- AC Consumption - Power (W) | Inv12- KWh/KWp (%) | Inv13- AC Production - Energy (Wh) | Inv13- AC Production - Power (W) | Inv13- AC Consumption - Energy (Wh) | Inv13- AC Consumption - Power (W) | Inv13- KWh/KWp (%) | Inv14- AC Production - Energy (Wh) | Inv14- AC Production - Power (W) | Inv14- AC Consumption - Energy (Wh) | Inv14- AC Consumption - Power (W) | Inv14- KWh/KWp (%) | Inv15- AC Production - Energy (Wh) | Inv15- AC Production - Power (W) | Inv15- AC Consumption - Energy (Wh) | Inv15- AC Consumption - Power (W) | Inv15- KWh/KWp (%) | Inv16- AC Production - Energy (Wh) | Inv16- AC Production - Power (W) | Inv16- AC Consumption - Energy (Wh) | Inv16- AC Consumption - Power (W) | Inv16- KWh/KWp (%) | Inv17- AC Production - Energy (Wh) | Inv17- AC Production - Power (W) | Inv17- AC Consumption - Energy (Wh) | Inv17- AC Consumption - Power (W) | Inv17- KWh/KWp (%) | Inv18- AC Production - Energy (Wh) | Inv18- AC Production - Power (W) | Inv18- AC Consumption - Energy (Wh) | Inv18- AC Consumption - Power (W) | Inv18- KWh/KWp (%) | Inv19- AC Production - Energy (Wh) | Inv19- AC Production - Power (W) | Inv19- AC Consumption - Energy (Wh) | Inv19- AC Consumption - Power (W) | Inv19- KWh/KWp (%) | Inv20- AC Production - Energy (Wh) | Inv20- AC Production - Power (W) | Inv20- AC Consumption - Energy (Wh) | Inv20- AC Consumption - Power (W) | Inv20- KWh/KWp (%) | Inv21- AC Production - Energy (Wh) | Inv21- AC Production - Power (W) | Inv21- AC Consumption - Energy (Wh) | Inv21- AC Consumption - Power (W) | Inv21- KWh/KWp (%) | Inv22- AC Production - Energy (Wh) | Inv22- AC Production - Power (W) | Inv22- AC Consumption - Energy (Wh) | Inv22- AC Consumption - Power (W) | Inv22- KWh/KWp (%) | Inv23- AC Production - Energy (Wh) | Inv23- AC Production - Power (W) | Inv23- AC Consumption - Energy (Wh) | Inv23- AC Consumption - Power (W) | Inv23- KWh/KWp (%) | Inv24- AC Production - Energy (Wh) | Inv24- AC Production - Power (W) | Inv24- AC Consumption - Energy (Wh) | Inv24- AC Consumption - Power (W) | Inv24- KWh/KWp (%) | Inv25- AC Production - Energy (Wh) | Inv25- AC Production - Power (W) | Inv25- AC Consumption - Energy (Wh) | Inv25- AC Consumption - Power (W) | Inv25- KWh/KWp (%) | Inv26- AC Production - Energy (Wh) | Inv26- AC Production - Power (W) | Inv26- AC Consumption - Energy (Wh) | Inv26- AC Consumption - Power (W) |  |  |  | Inv26- KWh/KWp (%),2016,2016,0,"%m/%d/%y, %I:%M %p:2016",2024-08-17 00:00:00,2024-08-23 23:55:00,5 minutes,OK,,combined/model dataset,PV/production markers; combined/dataset marker,
data/raw/Data to be used/Data to be used/Power/Weekly Data/AC_power_energy/Combined Production Data/Week_36.csv,786315,.csv,12a1dea1c6f4d6d208e3fce50241439a389bfec71a114bf1e2a3701b4dd31c54,Time | Inv1- AC Production - Energy (Wh) | Inv1- AC Production - Power (W) | Inv1- AC Consumption - Energy (Wh) | Inv1- AC Consumption - Power (W) | Inv1- KWh/KWp (%) | Inv2- AC Production - Energy (Wh) | Inv2- AC Production - Power (W) | Inv2- AC Consumption - Energy (Wh) | Inv2- AC Consumption - Power (W) | Inv2- KWh/KWp (%) | Inv3- AC Production - Energy (Wh) | Inv3- AC Production - Power (W) | Inv3- AC Consumption - Energy (Wh) | Inv3- AC Consumption - Power (W) | Inv3- KWh/KWp (%) | Inv4- AC Production - Energy (Wh) | Inv4- AC Production - Power (W) | Inv4- AC Consumption - Energy (Wh) | Inv4- AC Consumption - Power (W) | Inv4- KWh/KWp (%) | Inv5- AC Production - Energy (Wh) | Inv5- AC Production - Power (W) | Inv5- AC Consumption - Energy (Wh) | Inv5- AC Consumption - Power (W) | Inv5- KWh/KWp (%) | Inv6- AC Production - Energy (Wh) | Inv6- AC Production - Power (W) | Inv6- AC Consumption - Energy (Wh) | Inv6- AC Consumption - Power (W) | Inv6- KWh/KWp (%) | Inv7- AC Production - Energy (Wh) | Inv7- AC Production - Power (W) | Inv7- AC Consumption - Energy (Wh) | Inv7- AC Consumption - Power (W) | Inv7- KWh/KWp (%) | Inv8- AC Production - Energy (Wh) | Inv8- AC Production - Power (W) | Inv8- AC Consumption - Energy (Wh) | Inv8- AC Consumption - Power (W) | Inv8- KWh/KWp (%) | Inv9- AC Production - Energy (Wh) | Inv9- AC Production - Power (W) | Inv9- AC Consumption - Energy (Wh) | Inv9- AC Consumption - Power (W) | Inv9- KWh/KWp (%) | Inv10- AC Production - Energy (Wh) | Inv10- AC Production - Power (W) | Inv10- AC Consumption - Energy (Wh) | Inv10- AC Consumption - Power (W) | Inv10- KWh/KWp (%) | Inv11- AC Production - Energy (Wh) | Inv11- AC Production - Power (W) | Inv11- AC Consumption - Energy (Wh) | Inv11- AC Consumption - Power (W) | Inv11- KWh/KWp (%) | Inv12- AC Production - Energy (Wh) | Inv12- AC Production - Power (W) | Inv12- AC Consumption - Energy (Wh) | Inv12- AC Consumption - Power (W) | Inv12- KWh/KWp (%) | Inv13- AC Production - Energy (Wh) | Inv13- AC Production - Power (W) | Inv13- AC Consumption - Energy (Wh) | Inv13- AC Consumption - Power (W) | Inv13- KWh/KWp (%) | Inv14- AC Production - Energy (Wh) | Inv14- AC Production - Power (W) | Inv14- AC Consumption - Energy (Wh) | Inv14- AC Consumption - Power (W) | Inv14- KWh/KWp (%) | Inv15- AC Production - Energy (Wh) | Inv15- AC Production - Power (W) | Inv15- AC Consumption - Energy (Wh) | Inv15- AC Consumption - Power (W) | Inv15- KWh/KWp (%) | Inv16- AC Production - Energy (Wh) | Inv16- AC Production - Power (W) | Inv16- AC Consumption - Energy (Wh) | Inv16- AC Consumption - Power (W) | Inv16- KWh/KWp (%) | Inv17- AC Production - Energy (Wh) | Inv17- AC Production - Power (W) | Inv17- AC Consumption - Energy (Wh) | Inv17- AC Consumption - Power (W) | Inv17- KWh/KWp (%) | Inv18- AC Production - Energy (Wh) | Inv18- AC Production - Power (W) | Inv18- AC Consumption - Energy (Wh) | Inv18- AC Consumption - Power (W) | Inv18- KWh/KWp (%) | Inv19- AC Production - Energy (Wh) | Inv19- AC Production - Power (W) | Inv19- AC Consumption - Energy (Wh) | Inv19- AC Consumption - Power (W) | Inv19- KWh/KWp (%) | Inv20- AC Production - Energy (Wh) | Inv20- AC Production - Power (W) | Inv20- AC Consumption - Energy (Wh) | Inv20- AC Consumption - Power (W) | Inv20- KWh/KWp (%) | Inv21- AC Production - Energy (Wh) | Inv21- AC Production - Power (W) | Inv21- AC Consumption - Energy (Wh) | Inv21- AC Consumption - Power (W) | Inv21- KWh/KWp (%) | Inv22- AC Production - Energy (Wh) | Inv22- AC Production - Power (W) | Inv22- AC Consumption - Energy (Wh) | Inv22- AC Consumption - Power (W) | Inv22- KWh/KWp (%) | Inv23- AC Production - Energy (Wh) | Inv23- AC Production - Power (W) | Inv23- AC Consumption - Energy (Wh) | Inv23- AC Consumption - Power (W) | Inv23- KWh/KWp (%) | Inv24- AC Production - Energy (Wh) | Inv24- AC Production - Power (W) | Inv24- AC Consumption - Energy (Wh) | Inv24- AC Consumption - Power (W) | Inv24- KWh/KWp (%) | Inv25- AC Production - Energy (Wh) | Inv25- AC Production - Power (W) | Inv25- AC Consumption - Energy (Wh) | Inv25- AC Consumption - Power (W) | Inv25- KWh/KWp (%) | Inv26- AC Production - Energy (Wh) | Inv26- AC Production - Power (W) | Inv26- AC Consumption - Energy (Wh) | Inv26- AC Consumption - Power (W) |  |  |  | Inv26- KWh/KWp (%),2016,2016,0,"%m/%d/%y, %I:%M %p:2016",2024-08-24 00:00:00,2024-08-30 23:55:00,5 minutes,OK,,combined/model dataset,PV/production markers; combined/dataset marker,
data/raw/Data to be used/Data to be used/Power/Weekly Data/AC_power_energy/Combined Production Data/Week_37.csv,780608,.csv,c4e9eb57e876f2483c25e6c9f9bf5ebc7a0808b1f8881d310d8cee5e05f4ecac,Time | Inv1- AC Production - Energy (Wh) | Inv1- AC Production - Power (W) | Inv1- AC Consumption - Energy (Wh) | Inv1- AC Consumption - Power (W) | Inv1- KWh/KWp (%) | Inv2- AC Production - Energy (Wh) | Inv2- AC Production - Power (W) | Inv2- AC Consumption - Energy (Wh) | Inv2- AC Consumption - Power (W) | Inv2- KWh/KWp (%) | Inv3- AC Production - Energy (Wh) | Inv3- AC Production - Power (W) | Inv3- AC Consumption - Energy (Wh) | Inv3- AC Consumption - Power (W) | Inv3- KWh/KWp (%) | Inv4- AC Production - Energy (Wh) | Inv4- AC Production - Power (W) | Inv4- AC Consumption - Energy (Wh) | Inv4- AC Consumption - Power (W) | Inv4- KWh/KWp (%) | Inv5- AC Production - Energy (Wh) | Inv5- AC Production - Power (W) | Inv5- AC Consumption - Energy (Wh) | Inv5- AC Consumption - Power (W) | Inv5- KWh/KWp (%) | Inv6- AC Production - Energy (Wh) | Inv6- AC Production - Power (W) | Inv6- AC Consumption - Energy (Wh) | Inv6- AC Consumption - Power (W) | Inv6- KWh/KWp (%) | Inv7- AC Production - Energy (Wh) | Inv7- AC Production - Power (W) | Inv7- AC Consumption - Energy (Wh) | Inv7- AC Consumption - Power (W) | Inv7- KWh/KWp (%) | Inv8- AC Production - Energy (Wh) | Inv8- AC Production - Power (W) | Inv8- AC Consumption - Energy (Wh) | Inv8- AC Consumption - Power (W) | Inv8- KWh/KWp (%) | Inv9- AC Production - Energy (Wh) | Inv9- AC Production - Power (W) | Inv9- AC Consumption - Energy (Wh) | Inv9- AC Consumption - Power (W) | Inv9- KWh/KWp (%) | Inv10- AC Production - Energy (Wh) | Inv10- AC Production - Power (W) | Inv10- AC Consumption - Energy (Wh) | Inv10- AC Consumption - Power (W) | Inv10- KWh/KWp (%) | Inv11- AC Production - Energy (Wh) | Inv11- AC Production - Power (W) | Inv11- AC Consumption - Energy (Wh) | Inv11- AC Consumption - Power (W) | Inv11- KWh/KWp (%) | Inv12- AC Production - Energy (Wh) | Inv12- AC Production - Power (W) | Inv12- AC Consumption - Energy (Wh) | Inv12- AC Consumption - Power (W) | Inv12- KWh/KWp (%) | Inv13- AC Production - Energy (Wh) | Inv13- AC Production - Power (W) | Inv13- AC Consumption - Energy (Wh) | Inv13- AC Consumption - Power (W) | Inv13- KWh/KWp (%) | Inv14- AC Production - Energy (Wh) | Inv14- AC Production - Power (W) | Inv14- AC Consumption - Energy (Wh) | Inv14- AC Consumption - Power (W) | Inv14- KWh/KWp (%) | Inv15- AC Production - Energy (Wh) | Inv15- AC Production - Power (W) | Inv15- AC Consumption - Energy (Wh) | Inv15- AC Consumption - Power (W) | Inv15- KWh/KWp (%) | Inv16- AC Production - Energy (Wh) | Inv16- AC Production - Power (W) | Inv16- AC Consumption - Energy (Wh) | Inv16- AC Consumption - Power (W) | Inv16- KWh/KWp (%) | Inv17- AC Production - Energy (Wh) | Inv17- AC Production - Power (W) | Inv17- AC Consumption - Energy (Wh) | Inv17- AC Consumption - Power (W) | Inv17- KWh/KWp (%) | Inv18- AC Production - Energy (Wh) | Inv18- AC Production - Power (W) | Inv18- AC Consumption - Energy (Wh) | Inv18- AC Consumption - Power (W) | Inv18- KWh/KWp (%) | Inv19- AC Production - Energy (Wh) | Inv19- AC Production - Power (W) | Inv19- AC Consumption - Energy (Wh) | Inv19- AC Consumption - Power (W) | Inv19- KWh/KWp (%) | Inv20- AC Production - Energy (Wh) | Inv20- AC Production - Power (W) | Inv20- AC Consumption - Energy (Wh) | Inv20- AC Consumption - Power (W) | Inv20- KWh/KWp (%) | Inv21- AC Production - Energy (Wh) | Inv21- AC Production - Power (W) | Inv21- AC Consumption - Energy (Wh) | Inv21- AC Consumption - Power (W) | Inv21- KWh/KWp (%) | Inv22- AC Production - Energy (Wh) | Inv22- AC Production - Power (W) | Inv22- AC Consumption - Energy (Wh) | Inv22- AC Consumption - Power (W) | Inv22- KWh/KWp (%) | Inv23- AC Production - Energy (Wh) | Inv23- AC Production - Power (W) | Inv23- AC Consumption - Energy (Wh) | Inv23- AC Consumption - Power (W) | Inv23- KWh/KWp (%) | Inv24- AC Production - Energy (Wh) | Inv24- AC Production - Power (W) | Inv24- AC Consumption - Energy (Wh) | Inv24- AC Consumption - Power (W) | Inv24- KWh/KWp (%) | Inv25- AC Production - Energy (Wh) | Inv25- AC Production - Power (W) | Inv25- AC Consumption - Energy (Wh) | Inv25- AC Consumption - Power (W) | Inv25- KWh/KWp (%) | Inv26- AC Production - Energy (Wh) | Inv26- AC Production - Power (W) | Inv26- AC Consumption - Energy (Wh) | Inv26- AC Consumption - Power (W) |  |  |  | Inv26- KWh/KWp (%),2016,2016,0,"%m/%d/%y, %I:%M %p:2016",2024-08-31 00:00:00,2024-09-06 23:55:00,5 minutes,OK,,combined/model dataset,PV/production markers; combined/dataset marker,
data/raw/Data to be used/Data to be used/Power/Weekly Data/AC_power_energy/Combined Production Data/Week_38.csv,837141,.csv,033e7b05f5fd8c7b23fc5ac7254994fdda0a2e9ac2564503e6103257479933c4,Time | Inv1- AC Production - Energy (Wh) | Inv1- AC Production - Power (W) | Inv1- AC Consumption - Energy (Wh) | Inv1- AC Consumption - Power (W) | Inv1- KWh/KWp (%) | Inv2- AC Production - Energy (Wh) | Inv2- AC Production - Power (W) | Inv2- AC Consumption - Energy (Wh) | Inv2- AC Consumption - Power (W) | Inv2- KWh/KWp (%) | Inv3- AC Production - Energy (Wh) | Inv3- AC Production - Power (W) | Inv3- AC Consumption - Energy (Wh) | Inv3- AC Consumption - Power (W) | Inv3- KWh/KWp (%) | Inv4- AC Production - Energy (Wh) | Inv4- AC Production - Power (W) | Inv4- AC Consumption - Energy (Wh) | Inv4- AC Consumption - Power (W) | Inv4- KWh/KWp (%) | Inv5- AC Production - Energy (Wh) | Inv5- AC Production - Power (W) | Inv5- AC Consumption - Energy (Wh) | Inv5- AC Consumption - Power (W) | Inv5- KWh/KWp (%) | Inv6- AC Production - Energy (Wh) | Inv6- AC Production - Power (W) | Inv6- AC Consumption - Energy (Wh) | Inv6- AC Consumption - Power (W) | Inv6- KWh/KWp (%) | Inv7- AC Production - Energy (Wh) | Inv7- AC Production - Power (W) | Inv7- AC Consumption - Energy (Wh) | Inv7- AC Consumption - Power (W) | Inv7- KWh/KWp (%) | Inv8- AC Production - Energy (Wh) | Inv8- AC Production - Power (W) | Inv8- AC Consumption - Energy (Wh) | Inv8- AC Consumption - Power (W) | Inv8- KWh/KWp (%) | Inv9- AC Production - Energy (Wh) | Inv9- AC Production - Power (W) | Inv9- AC Consumption - Energy (Wh) | Inv9- AC Consumption - Power (W) | Inv9- KWh/KWp (%) | Inv10- AC Production - Energy (Wh) | Inv10- AC Production - Power (W) | Inv10- AC Consumption - Energy (Wh) | Inv10- AC Consumption - Power (W) | Inv10- KWh/KWp (%) | Inv11- AC Production - Energy (Wh) | Inv11- AC Production - Power (W) | Inv11- AC Consumption - Energy (Wh) | Inv11- AC Consumption - Power (W) | Inv11- KWh/KWp (%) | Inv12- AC Production - Energy (Wh) | Inv12- AC Production - Power (W) | Inv12- AC Consumption - Energy (Wh) | Inv12- AC Consumption - Power (W) | Inv12- KWh/KWp (%) | Inv13- AC Production - Energy (Wh) | Inv13- AC Production - Power (W) | Inv13- AC Consumption - Energy (Wh) | Inv13- AC Consumption - Power (W) | Inv13- KWh/KWp (%) | Inv14- AC Production - Energy (Wh) | Inv14- AC Production - Power (W) | Inv14- AC Consumption - Energy (Wh) | Inv14- AC Consumption - Power (W) | Inv14- KWh/KWp (%) | Inv15- AC Production - Energy (Wh) | Inv15- AC Production - Power (W) | Inv15- AC Consumption - Energy (Wh) | Inv15- AC Consumption - Power (W) | Inv15- KWh/KWp (%) | Inv16- AC Production - Energy (Wh) | Inv16- AC Production - Power (W) | Inv16- AC Consumption - Energy (Wh) | Inv16- AC Consumption - Power (W) | Inv16- KWh/KWp (%) | Inv17- AC Production - Energy (Wh) | Inv17- AC Production - Power (W) | Inv17- AC Consumption - Energy (Wh) | Inv17- AC Consumption - Power (W) | Inv17- KWh/KWp (%) | Inv18- AC Production - Energy (Wh) | Inv18- AC Production - Power (W) | Inv18- AC Consumption - Energy (Wh) | Inv18- AC Consumption - Power (W) | Inv18- KWh/KWp (%) | Inv19- AC Production - Energy (Wh) | Inv19- AC Production - Power (W) | Inv19- AC Consumption - Energy (Wh) | Inv19- AC Consumption - Power (W) | Inv19- KWh/KWp (%) | Inv20- AC Production - Energy (Wh) | Inv20- AC Production - Power (W) | Inv20- AC Consumption - Energy (Wh) | Inv20- AC Consumption - Power (W) | Inv20- KWh/KWp (%) | Inv21- AC Production - Energy (Wh) | Inv21- AC Production - Power (W) | Inv21- AC Consumption - Energy (Wh) | Inv21- AC Consumption - Power (W) | Inv21- KWh/KWp (%) | Inv22- AC Production - Energy (Wh) | Inv22- AC Production - Power (W) | Inv22- AC Consumption - Energy (Wh) | Inv22- AC Consumption - Power (W) | Inv22- KWh/KWp (%) | Inv23- AC Production - Energy (Wh) | Inv23- AC Production - Power (W) | Inv23- AC Consumption - Energy (Wh) | Inv23- AC Consumption - Power (W) | Inv23- KWh/KWp (%) | Inv24- AC Production - Energy (Wh) | Inv24- AC Production - Power (W) | Inv24- AC Consumption - Energy (Wh) | Inv24- AC Consumption - Power (W) | Inv24- KWh/KWp (%) | Inv25- AC Production - Energy (Wh) | Inv25- AC Production - Power (W) | Inv25- AC Consumption - Energy (Wh) | Inv25- AC Consumption - Power (W) | Inv25- KWh/KWp (%) | Inv26- AC Production - Energy (Wh) | Inv26- AC Production - Power (W) | Inv26- AC Consumption - Energy (Wh) | Inv26- AC Consumption - Power (W) |  |  |  | Inv26- KWh/KWp (%),2016,2016,0,"%m/%d/%y, %I:%M %p:2016",2024-09-07 00:00:00,2024-09-13 23:55:00,5 minutes,OK,,combined/model dataset,PV/production markers; combined/dataset marker,
data/raw/Data to be used/Data to be used/Power/Weekly Data/AC_power_energy/Combined Production Data/Week_39.csv,818200,.csv,d682bdf3abcaa14e314937ba11fcf7fce940752e8ae4c17274a1dd06bc8c7630,Time | Inv1- AC Production - Energy (Wh) | Inv1- AC Production - Power (W) | Inv1- AC Consumption - Energy (Wh) | Inv1- AC Consumption - Power (W) | Inv1- KWh/KWp (%) | Inv2- AC Production - Energy (Wh) | Inv2- AC Production - Power (W) | Inv2- AC Consumption - Energy (Wh) | Inv2- AC Consumption - Power (W) | Inv2- KWh/KWp (%) | Inv3- AC Production - Energy (Wh) | Inv3- AC Production - Power (W) | Inv3- AC Consumption - Energy (Wh) | Inv3- AC Consumption - Power (W) | Inv3- KWh/KWp (%) | Inv4- AC Production - Energy (Wh) | Inv4- AC Production - Power (W) | Inv4- AC Consumption - Energy (Wh) | Inv4- AC Consumption - Power (W) | Inv4- KWh/KWp (%) | Inv5- AC Production - Energy (Wh) | Inv5- AC Production - Power (W) | Inv5- AC Consumption - Energy (Wh) | Inv5- AC Consumption - Power (W) | Inv5- KWh/KWp (%) | Inv6- AC Production - Energy (Wh) | Inv6- AC Production - Power (W) | Inv6- AC Consumption - Energy (Wh) | Inv6- AC Consumption - Power (W) | Inv6- KWh/KWp (%) | Inv7- AC Production - Energy (Wh) | Inv7- AC Production - Power (W) | Inv7- AC Consumption - Energy (Wh) | Inv7- AC Consumption - Power (W) | Inv7- KWh/KWp (%) | Inv8- AC Production - Energy (Wh) | Inv8- AC Production - Power (W) | Inv8- AC Consumption - Energy (Wh) | Inv8- AC Consumption - Power (W) | Inv8- KWh/KWp (%) | Inv9- AC Production - Energy (Wh) | Inv9- AC Production - Power (W) | Inv9- AC Consumption - Energy (Wh) | Inv9- AC Consumption - Power (W) | Inv9- KWh/KWp (%) | Inv10- AC Production - Energy (Wh) | Inv10- AC Production - Power (W) | Inv10- AC Consumption - Energy (Wh) | Inv10- AC Consumption - Power (W) | Inv10- KWh/KWp (%) | Inv11- AC Production - Energy (Wh) | Inv11- AC Production - Power (W) | Inv11- AC Consumption - Energy (Wh) | Inv11- AC Consumption - Power (W) | Inv11- KWh/KWp (%) | Inv12- AC Production - Energy (Wh) | Inv12- AC Production - Power (W) | Inv12- AC Consumption - Energy (Wh) | Inv12- AC Consumption - Power (W) | Inv12- KWh/KWp (%) | Inv13- AC Production - Energy (Wh) | Inv13- AC Production - Power (W) | Inv13- AC Consumption - Energy (Wh) | Inv13- AC Consumption - Power (W) | Inv13- KWh/KWp (%) | Inv14- AC Production - Energy (Wh) | Inv14- AC Production - Power (W) | Inv14- AC Consumption - Energy (Wh) | Inv14- AC Consumption - Power (W) | Inv14- KWh/KWp (%) | Inv15- AC Production - Energy (Wh) | Inv15- AC Production - Power (W) | Inv15- AC Consumption - Energy (Wh) | Inv15- AC Consumption - Power (W) | Inv15- KWh/KWp (%) | Inv16- AC Production - Energy (Wh) | Inv16- AC Production - Power (W) | Inv16- AC Consumption - Energy (Wh) | Inv16- AC Consumption - Power (W) | Inv16- KWh/KWp (%) | Inv17- AC Production - Energy (Wh) | Inv17- AC Production - Power (W) | Inv17- AC Consumption - Energy (Wh) | Inv17- AC Consumption - Power (W) | Inv17- KWh/KWp (%) | Inv18- AC Production - Energy (Wh) | Inv18- AC Production - Power (W) | Inv18- AC Consumption - Energy (Wh) | Inv18- AC Consumption - Power (W) | Inv18- KWh/KWp (%) | Inv19- AC Production - Energy (Wh) | Inv19- AC Production - Power (W) | Inv19- AC Consumption - Energy (Wh) | Inv19- AC Consumption - Power (W) | Inv19- KWh/KWp (%) | Inv20- AC Production - Energy (Wh) | Inv20- AC Production - Power (W) | Inv20- AC Consumption - Energy (Wh) | Inv20- AC Consumption - Power (W) | Inv20- KWh/KWp (%) | Inv21- AC Production - Energy (Wh) | Inv21- AC Production - Power (W) | Inv21- AC Consumption - Energy (Wh) | Inv21- AC Consumption - Power (W) | Inv21- KWh/KWp (%) | Inv22- AC Production - Energy (Wh) | Inv22- AC Production - Power (W) | Inv22- AC Consumption - Energy (Wh) | Inv22- AC Consumption - Power (W) | Inv22- KWh/KWp (%) | Inv23- AC Production - Energy (Wh) | Inv23- AC Production - Power (W) | Inv23- AC Consumption - Energy (Wh) | Inv23- AC Consumption - Power (W) | Inv23- KWh/KWp (%) | Inv24- AC Production - Energy (Wh) | Inv24- AC Production - Power (W) | Inv24- AC Consumption - Energy (Wh) | Inv24- AC Consumption - Power (W) | Inv24- KWh/KWp (%) | Inv25- AC Production - Energy (Wh) | Inv25- AC Production - Power (W) | Inv25- AC Consumption - Energy (Wh) | Inv25- AC Consumption - Power (W) | Inv25- KWh/KWp (%) | Inv26- AC Production - Energy (Wh) | Inv26- AC Production - Power (W) | Inv26- AC Consumption - Energy (Wh) | Inv26- AC Consumption - Power (W) |  |  |  | Inv26- KWh/KWp (%),2016,2016,0,"%m/%d/%y, %I:%M %p:2016",2024-09-14 00:00:00,2024-09-20 23:55:00,5 minutes,OK,,combined/model dataset,PV/production markers; combined/dataset marker,
data/raw/Data to be used/Data to be used/Power/Weekly Data/AC_power_energy/Combined Production Data/Week_4.csv,660312,.csv,9adffa3d7cf7bbd36c3aae27aaa772f8b7965d6dfbcae0c44b69ad6bfe04e836,Time | Production Energy (Wh) | Production Power (W) | Consumption Energy (Wh) | Consumption Power (W) | KWh/KWp (%) Inv1 | Production Energy (Wh) | Production Power (W) | Consumption Energy (Wh) | Consumption Power (W) | KWh/KWp (%) Inv 2 | Production Energy (Wh) | Production Power (W) | Consumption Energy (Wh) | Consumption Power (W) | KWh/KWp (%) Inv 3 | Production Energy (Wh) | Production Power (W) | Consumption Energy (Wh) | Consumption Power (W) | KWh/KWp (%) Inv 4 | Production Energy (Wh) | Production Power (W) | Consumption Energy (Wh) | Consumption Power (W) | KWh/KWp (%) Inv 5 | Production Energy (Wh) | Production Power (W) | Consumption Energy (Wh) | Consumption Power (W) | KWh/KWp (%) Inv 6 | Production Energy (Wh) | Production Power (W) | Consumption Energy (Wh) | Consumption Power (W) | KWh/KWp (%) Inv 7 | Production Energy (Wh) | Production Power (W) | Consumption Energy (Wh) | Consumption Power (W) | KWh/KWp (%) Inv 8 | Production Energy (Wh) | Production Power (W) | Consumption Energy (Wh) | Consumption Power (W) | KWh/KWp (%) Inv 9 | Production Energy (Wh) | Production Power (W) | Consumption Energy (Wh) | Consumption Power (W) | KWh/KWp (%) Inv 10 | Production Energy (Wh) | Production Power (W) | Consumption Energy (Wh) | Consumption Power (W) | KWh/KWp (%) Inv 11 | Production Energy (Wh) | Production Power (W) | Consumption Energy (Wh) | Consumption Power (W) | KWh/KWp (%) Inv 12 | Production Energy (Wh) | Production Power (W) | Consumption Energy (Wh) | Consumption Power (W) | KWh/KWp (%) Inv 13 | Production Energy (Wh) | Production Power (W) | Consumption Energy (Wh) | Consumption Power (W) | KWh/KWp (%) Inv 14 | Production Energy (Wh) | Production Power (W) | Consumption Energy (Wh) | Consumption Power (W) | KWh/KWp (%) Inv 15 | Production Energy (Wh) | Production Power (W) | Consumption Energy (Wh) | Consumption Power (W) | KWh/KWp (%) Inv 16 | Production Energy (Wh) | Production Power (W) | Consumption Energy (Wh) | Consumption Power (W) | KWh/KWp (%) Inv 17 | Production Energy (Wh) | Production Power (W) | Consumption Energy (Wh) | Consumption Power (W) | KWh/KWp (%) Inv 18 | Production Energy (Wh) | Production Power (W) | Consumption Energy (Wh) | Consumption Power (W) | KWh/KWp (%) Inv 19 | Production Energy (Wh) | Production Power (W) | Consumption Energy (Wh) | Consumption Power (W) | KWh/KWp (%) Inv 20 | Production Energy (Wh) | Production Power (W) | Consumption Energy (Wh) | Consumption Power (W) | KWh/KWp (%) Inv 21 | Production Energy (Wh) | Production Power (W) | Consumption Energy (Wh) | Consumption Power (W) | KWh/KWp (%) Inv 22 | Production Energy (Wh) | Production Power (W) | Consumption Energy (Wh) | Consumption Power (W) | KWh/KWp (%) Inv 23 | Production Energy (Wh) | Production Power (W) | Consumption Energy (Wh) | Consumption Power (W) | KWh/KWp (%) Inv 24 | Production Energy (Wh) | Production Power (W) | Consumption Energy (Wh) | Consumption Power (W) | KWh/KWp (%) Inv 25 | Production Energy (Wh) | Production Power (W) | Consumption Energy (Wh) | Consumption Power (W) | KWh/KWp (%) Inv 26,2016,2016,0,"%m/%d/%y, %I:%M %p:2016",2024-01-20 00:00:00,2024-01-26 23:55:00,5 minutes,OK,,combined/model dataset,PV/production markers; combined/dataset marker,
data/raw/Data to be used/Data to be used/Power/Weekly Data/AC_power_energy/Combined Production Data/Week_40.csv,817113,.csv,e6b92ff6f4463fbedd5c1faba702ea99bb94f3dee7c9c6b0df099b3c58eab81e,Time | Inv1- AC Production - Energy (Wh) | Inv1- AC Production - Power (W) | Inv1- AC Consumption - Energy (Wh) | Inv1- AC Consumption - Power (W) | Inv1- KWh/KWp (%) | Inv2- AC Production - Energy (Wh) | Inv2- AC Production - Power (W) | Inv2- AC Consumption - Energy (Wh) | Inv2- AC Consumption - Power (W) | Inv2- KWh/KWp (%) | Inv3- AC Production - Energy (Wh) | Inv3- AC Production - Power (W) | Inv3- AC Consumption - Energy (Wh) | Inv3- AC Consumption - Power (W) | Inv3- KWh/KWp (%) | Inv4- AC Production - Energy (Wh) | Inv4- AC Production - Power (W) | Inv4- AC Consumption - Energy (Wh) | Inv4- AC Consumption - Power (W) | Inv4- KWh/KWp (%) | Inv5- AC Production - Energy (Wh) | Inv5- AC Production - Power (W) | Inv5- AC Consumption - Energy (Wh) | Inv5- AC Consumption - Power (W) | Inv5- KWh/KWp (%) | Inv6- AC Production - Energy (Wh) | Inv6- AC Production - Power (W) | Inv6- AC Consumption - Energy (Wh) | Inv6- AC Consumption - Power (W) | Inv6- KWh/KWp (%) | Inv7- AC Production - Energy (Wh) | Inv7- AC Production - Power (W) | Inv7- AC Consumption - Energy (Wh) | Inv7- AC Consumption - Power (W) | Inv7- KWh/KWp (%) | Inv8- AC Production - Energy (Wh) | Inv8- AC Production - Power (W) | Inv8- AC Consumption - Energy (Wh) | Inv8- AC Consumption - Power (W) | Inv8- KWh/KWp (%) | Inv9- AC Production - Energy (Wh) | Inv9- AC Production - Power (W) | Inv9- AC Consumption - Energy (Wh) | Inv9- AC Consumption - Power (W) | Inv9- KWh/KWp (%) | Inv10- AC Production - Energy (Wh) | Inv10- AC Production - Power (W) | Inv10- AC Consumption - Energy (Wh) | Inv10- AC Consumption - Power (W) | Inv10- KWh/KWp (%) | Inv11- AC Production - Energy (Wh) | Inv11- AC Production - Power (W) | Inv11- AC Consumption - Energy (Wh) | Inv11- AC Consumption - Power (W) | Inv11- KWh/KWp (%) | Inv12- AC Production - Energy (Wh) | Inv12- AC Production - Power (W) | Inv12- AC Consumption - Energy (Wh) | Inv12- AC Consumption - Power (W) | Inv12- KWh/KWp (%) | Inv13- AC Production - Energy (Wh) | Inv13- AC Production - Power (W) | Inv13- AC Consumption - Energy (Wh) | Inv13- AC Consumption - Power (W) | Inv13- KWh/KWp (%) | Inv14- AC Production - Energy (Wh) | Inv14- AC Production - Power (W) | Inv14- AC Consumption - Energy (Wh) | Inv14- AC Consumption - Power (W) | Inv14- KWh/KWp (%) | Inv15- AC Production - Energy (Wh) | Inv15- AC Production - Power (W) | Inv15- AC Consumption - Energy (Wh) | Inv15- AC Consumption - Power (W) | Inv15- KWh/KWp (%) | Inv16- AC Production - Energy (Wh) | Inv16- AC Production - Power (W) | Inv16- AC Consumption - Energy (Wh) | Inv16- AC Consumption - Power (W) | Inv16- KWh/KWp (%) | Inv17- AC Production - Energy (Wh) | Inv17- AC Production - Power (W) | Inv17- AC Consumption - Energy (Wh) | Inv17- AC Consumption - Power (W) | Inv17- KWh/KWp (%) | Inv18- AC Production - Energy (Wh) | Inv18- AC Production - Power (W) | Inv18- AC Consumption - Energy (Wh) | Inv18- AC Consumption - Power (W) | Inv18- KWh/KWp (%) | Inv19- AC Production - Energy (Wh) | Inv19- AC Production - Power (W) | Inv19- AC Consumption - Energy (Wh) | Inv19- AC Consumption - Power (W) | Inv19- KWh/KWp (%) | Inv20- AC Production - Energy (Wh) | Inv20- AC Production - Power (W) | Inv20- AC Consumption - Energy (Wh) | Inv20- AC Consumption - Power (W) | Inv20- KWh/KWp (%) | Inv21- AC Production - Energy (Wh) | Inv21- AC Production - Power (W) | Inv21- AC Consumption - Energy (Wh) | Inv21- AC Consumption - Power (W) | Inv21- KWh/KWp (%) | Inv22- AC Production - Energy (Wh) | Inv22- AC Production - Power (W) | Inv22- AC Consumption - Energy (Wh) | Inv22- AC Consumption - Power (W) | Inv22- KWh/KWp (%) | Inv23- AC Production - Energy (Wh) | Inv23- AC Production - Power (W) | Inv23- AC Consumption - Energy (Wh) | Inv23- AC Consumption - Power (W) | Inv23- KWh/KWp (%) | Inv24- AC Production - Energy (Wh) | Inv24- AC Production - Power (W) | Inv24- AC Consumption - Energy (Wh) | Inv24- AC Consumption - Power (W) | Inv24- KWh/KWp (%) | Inv25- AC Production - Energy (Wh) | Inv25- AC Production - Power (W) | Inv25- AC Consumption - Energy (Wh) | Inv25- AC Consumption - Power (W) | Inv25- KWh/KWp (%) | Inv26- AC Production - Energy (Wh) | Inv26- AC Production - Power (W) | Inv26- AC Consumption - Energy (Wh) | Inv26- AC Consumption - Power (W) |  |  |  | Inv26- KWh/KWp (%),2016,2016,0,"%m/%d/%y, %I:%M %p:2016",2024-09-21 00:00:00,2024-09-27 23:55:00,5 minutes,OK,,combined/model dataset,PV/production markers; combined/dataset marker,
data/raw/Data to be used/Data to be used/Power/Weekly Data/AC_power_energy/Combined Production Data/Week_41.csv,811637,.csv,7d3d35ba282774d4470f380fee29b52ac12c3499e3304d0b8bbf9554a9d7b541,Time | Inv1- AC Production - Energy (Wh) | Inv1- AC Production - Power (W) | Inv1- AC Consumption - Energy (Wh) | Inv1- AC Consumption - Power (W) | Inv1- KWh/KWp (%) | Inv2- AC Production - Energy (Wh) | Inv2- AC Production - Power (W) | Inv2- AC Consumption - Energy (Wh) | Inv2- AC Consumption - Power (W) | Inv2- KWh/KWp (%) | Inv3- AC Production - Energy (Wh) | Inv3- AC Production - Power (W) | Inv3- AC Consumption - Energy (Wh) | Inv3- AC Consumption - Power (W) | Inv3- KWh/KWp (%) | Inv4- AC Production - Energy (Wh) | Inv4- AC Production - Power (W) | Inv4- AC Consumption - Energy (Wh) | Inv4- AC Consumption - Power (W) | Inv4- KWh/KWp (%) | Inv5- AC Production - Energy (Wh) | Inv5- AC Production - Power (W) | Inv5- AC Consumption - Energy (Wh) | Inv5- AC Consumption - Power (W) | Inv5- KWh/KWp (%) | Inv6- AC Production - Energy (Wh) | Inv6- AC Production - Power (W) | Inv6- AC Consumption - Energy (Wh) | Inv6- AC Consumption - Power (W) | Inv6- KWh/KWp (%) | Inv7- AC Production - Energy (Wh) | Inv7- AC Production - Power (W) | Inv7- AC Consumption - Energy (Wh) | Inv7- AC Consumption - Power (W) | Inv7- KWh/KWp (%) | Inv8- AC Production - Energy (Wh) | Inv8- AC Production - Power (W) | Inv8- AC Consumption - Energy (Wh) | Inv8- AC Consumption - Power (W) | Inv8- KWh/KWp (%) | Inv9- AC Production - Energy (Wh) | Inv9- AC Production - Power (W) | Inv9- AC Consumption - Energy (Wh) | Inv9- AC Consumption - Power (W) | Inv9- KWh/KWp (%) | Inv10- AC Production - Energy (Wh) | Inv10- AC Production - Power (W) | Inv10- AC Consumption - Energy (Wh) | Inv10- AC Consumption - Power (W) | Inv10- KWh/KWp (%) | Inv11- AC Production - Energy (Wh) | Inv11- AC Production - Power (W) | Inv11- AC Consumption - Energy (Wh) | Inv11- AC Consumption - Power (W) | Inv11- KWh/KWp (%) | Inv12- AC Production - Energy (Wh) | Inv12- AC Production - Power (W) | Inv12- AC Consumption - Energy (Wh) | Inv12- AC Consumption - Power (W) | Inv12- KWh/KWp (%) | Inv13- AC Production - Energy (Wh) | Inv13- AC Production - Power (W) | Inv13- AC Consumption - Energy (Wh) | Inv13- AC Consumption - Power (W) | Inv13- KWh/KWp (%) | Inv14- AC Production - Energy (Wh) | Inv14- AC Production - Power (W) | Inv14- AC Consumption - Energy (Wh) | Inv14- AC Consumption - Power (W) | Inv14- KWh/KWp (%) | Inv15- AC Production - Energy (Wh) | Inv15- AC Production - Power (W) | Inv15- AC Consumption - Energy (Wh) | Inv15- AC Consumption - Power (W) | Inv15- KWh/KWp (%) | Inv16- AC Production - Energy (Wh) | Inv16- AC Production - Power (W) | Inv16- AC Consumption - Energy (Wh) | Inv16- AC Consumption - Power (W) | Inv16- KWh/KWp (%) | Inv17- AC Production - Energy (Wh) | Inv17- AC Production - Power (W) | Inv17- AC Consumption - Energy (Wh) | Inv17- AC Consumption - Power (W) | Inv17- KWh/KWp (%) | Inv18- AC Production - Energy (Wh) | Inv18- AC Production - Power (W) | Inv18- AC Consumption - Energy (Wh) | Inv18- AC Consumption - Power (W) | Inv18- KWh/KWp (%) | Inv19- AC Production - Energy (Wh) | Inv19- AC Production - Power (W) | Inv19- AC Consumption - Energy (Wh) | Inv19- AC Consumption - Power (W) | Inv19- KWh/KWp (%) | Inv20- AC Production - Energy (Wh) | Inv20- AC Production - Power (W) | Inv20- AC Consumption - Energy (Wh) | Inv20- AC Consumption - Power (W) | Inv20- KWh/KWp (%) | Inv21- AC Production - Energy (Wh) | Inv21- AC Production - Power (W) | Inv21- AC Consumption - Energy (Wh) | Inv21- AC Consumption - Power (W) | Inv21- KWh/KWp (%) | Inv22- AC Production - Energy (Wh) | Inv22- AC Production - Power (W) | Inv22- AC Consumption - Energy (Wh) | Inv22- AC Consumption - Power (W) | Inv22- KWh/KWp (%) | Inv23- AC Production - Energy (Wh) | Inv23- AC Production - Power (W) | Inv23- AC Consumption - Energy (Wh) | Inv23- AC Consumption - Power (W) | Inv23- KWh/KWp (%) | Inv24- AC Production - Energy (Wh) | Inv24- AC Production - Power (W) | Inv24- AC Consumption - Energy (Wh) | Inv24- AC Consumption - Power (W) | Inv24- KWh/KWp (%) | Inv25- AC Production - Energy (Wh) | Inv25- AC Production - Power (W) | Inv25- AC Consumption - Energy (Wh) | Inv25- AC Consumption - Power (W) | Inv25- KWh/KWp (%) | Inv26- AC Production - Energy (Wh) | Inv26- AC Production - Power (W) | Inv26- AC Consumption - Energy (Wh) | Inv26- AC Consumption - Power (W) |  |  |  | Inv26- KWh/KWp (%),2016,2016,0,"%m/%d/%y, %I:%M %p:2016",2024-09-28 00:00:00,2024-10-04 23:55:00,5 minutes,OK,,combined/model dataset,PV/production markers; combined/dataset marker,
data/raw/Data to be used/Data to be used/Power/Weekly Data/AC_power_energy/Combined Production Data/Week_42.csv,805824,.csv,89869736def947b70cbb2bc0b243c55e830ee2047901faf94429f14a8250d3d6,Time | Inv1- AC Production - Energy (Wh) | Inv1- AC Production - Power (W) | Inv1- AC Consumption - Energy (Wh) | Inv1- AC Consumption - Power (W) | Inv1- KWh/KWp (%) | Inv2- AC Production - Energy (Wh) | Inv2- AC Production - Power (W) | Inv2- AC Consumption - Energy (Wh) | Inv2- AC Consumption - Power (W) | Inv2- KWh/KWp (%) | Inv3- AC Production - Energy (Wh) | Inv3- AC Production - Power (W) | Inv3- AC Consumption - Energy (Wh) | Inv3- AC Consumption - Power (W) | Inv3- KWh/KWp (%) | Inv4- AC Production - Energy (Wh) | Inv4- AC Production - Power (W) | Inv4- AC Consumption - Energy (Wh) | Inv4- AC Consumption - Power (W) | Inv4- KWh/KWp (%) | Inv5- AC Production - Energy (Wh) | Inv5- AC Production - Power (W) | Inv5- AC Consumption - Energy (Wh) | Inv5- AC Consumption - Power (W) | Inv5- KWh/KWp (%) | Inv6- AC Production - Energy (Wh) | Inv6- AC Production - Power (W) | Inv6- AC Consumption - Energy (Wh) | Inv6- AC Consumption - Power (W) | Inv6- KWh/KWp (%) | Inv7- AC Production - Energy (Wh) | Inv7- AC Production - Power (W) | Inv7- AC Consumption - Energy (Wh) | Inv7- AC Consumption - Power (W) | Inv7- KWh/KWp (%) | Inv8- AC Production - Energy (Wh) | Inv8- AC Production - Power (W) | Inv8- AC Consumption - Energy (Wh) | Inv8- AC Consumption - Power (W) | Inv8- KWh/KWp (%) | Inv9- AC Production - Energy (Wh) | Inv9- AC Production - Power (W) | Inv9- AC Consumption - Energy (Wh) | Inv9- AC Consumption - Power (W) | Inv9- KWh/KWp (%) | Inv10- AC Production - Energy (Wh) | Inv10- AC Production - Power (W) | Inv10- AC Consumption - Energy (Wh) | Inv10- AC Consumption - Power (W) | Inv10- KWh/KWp (%) | Inv11- AC Production - Energy (Wh) | Inv11- AC Production - Power (W) | Inv11- AC Consumption - Energy (Wh) | Inv11- AC Consumption - Power (W) | Inv11- KWh/KWp (%) | Inv12- AC Production - Energy (Wh) | Inv12- AC Production - Power (W) | Inv12- AC Consumption - Energy (Wh) | Inv12- AC Consumption - Power (W) | Inv12- KWh/KWp (%) | Inv13- AC Production - Energy (Wh) | Inv13- AC Production - Power (W) | Inv13- AC Consumption - Energy (Wh) | Inv13- AC Consumption - Power (W) | Inv13- KWh/KWp (%) | Inv14- AC Production - Energy (Wh) | Inv14- AC Production - Power (W) | Inv14- AC Consumption - Energy (Wh) | Inv14- AC Consumption - Power (W) | Inv14- KWh/KWp (%) | Inv15- AC Production - Energy (Wh) | Inv15- AC Production - Power (W) | Inv15- AC Consumption - Energy (Wh) | Inv15- AC Consumption - Power (W) | Inv15- KWh/KWp (%) | Inv16- AC Production - Energy (Wh) | Inv16- AC Production - Power (W) | Inv16- AC Consumption - Energy (Wh) | Inv16- AC Consumption - Power (W) | Inv16- KWh/KWp (%) | Inv17- AC Production - Energy (Wh) | Inv17- AC Production - Power (W) | Inv17- AC Consumption - Energy (Wh) | Inv17- AC Consumption - Power (W) | Inv17- KWh/KWp (%) | Inv18- AC Production - Energy (Wh) | Inv18- AC Production - Power (W) | Inv18- AC Consumption - Energy (Wh) | Inv18- AC Consumption - Power (W) | Inv18- KWh/KWp (%) | Inv19- AC Production - Energy (Wh) | Inv19- AC Production - Power (W) | Inv19- AC Consumption - Energy (Wh) | Inv19- AC Consumption - Power (W) | Inv19- KWh/KWp (%) | Inv20- AC Production - Energy (Wh) | Inv20- AC Production - Power (W) | Inv20- AC Consumption - Energy (Wh) | Inv20- AC Consumption - Power (W) | Inv20- KWh/KWp (%) | Inv21- AC Production - Energy (Wh) | Inv21- AC Production - Power (W) | Inv21- AC Consumption - Energy (Wh) | Inv21- AC Consumption - Power (W) | Inv21- KWh/KWp (%) | Inv22- AC Production - Energy (Wh) | Inv22- AC Production - Power (W) | Inv22- AC Consumption - Energy (Wh) | Inv22- AC Consumption - Power (W) | Inv22- KWh/KWp (%) | Inv23- AC Production - Energy (Wh) | Inv23- AC Production - Power (W) | Inv23- AC Consumption - Energy (Wh) | Inv23- AC Consumption - Power (W) | Inv23- KWh/KWp (%) | Inv24- AC Production - Energy (Wh) | Inv24- AC Production - Power (W) | Inv24- AC Consumption - Energy (Wh) | Inv24- AC Consumption - Power (W) | Inv24- KWh/KWp (%) | Inv25- AC Production - Energy (Wh) | Inv25- AC Production - Power (W) | Inv25- AC Consumption - Energy (Wh) | Inv25- AC Consumption - Power (W) | Inv25- KWh/KWp (%) | Inv26- AC Production - Energy (Wh) | Inv26- AC Production - Power (W) | Inv26- AC Consumption - Energy (Wh) | Inv26- AC Consumption - Power (W) |  |  |  | Inv26- KWh/KWp (%),2016,2016,0,"%m/%d/%y, %I:%M %p:2016",2024-10-05 00:00:00,2024-10-11 23:55:00,5 minutes,OK,,combined/model dataset,PV/production markers; combined/dataset marker,
data/raw/Data to be used/Data to be used/Power/Weekly Data/AC_power_energy/Combined Production Data/Week_43.csv,797550,.csv,ad879455168d48d3c4d644e4f0bcbf45b5601557b5e24c93f50ef9f1c555601d,Time | Inv1- AC Production - Energy (Wh) | Inv1- AC Production - Power (W) | Inv1- AC Consumption - Energy (Wh) | Inv1- AC Consumption - Power (W) | Inv1- KWh/KWp (%) | Inv2- AC Production - Energy (Wh) | Inv2- AC Production - Power (W) | Inv2- AC Consumption - Energy (Wh) | Inv2- AC Consumption - Power (W) | Inv2- KWh/KWp (%) | Inv3- AC Production - Energy (Wh) | Inv3- AC Production - Power (W) | Inv3- AC Consumption - Energy (Wh) | Inv3- AC Consumption - Power (W) | Inv3- KWh/KWp (%) | Inv4- AC Production - Energy (Wh) | Inv4- AC Production - Power (W) | Inv4- AC Consumption - Energy (Wh) | Inv4- AC Consumption - Power (W) | Inv4- KWh/KWp (%) | Inv5- AC Production - Energy (Wh) | Inv5- AC Production - Power (W) | Inv5- AC Consumption - Energy (Wh) | Inv5- AC Consumption - Power (W) | Inv5- KWh/KWp (%) | Inv6- AC Production - Energy (Wh) | Inv6- AC Production - Power (W) | Inv6- AC Consumption - Energy (Wh) | Inv6- AC Consumption - Power (W) | Inv6- KWh/KWp (%) | Inv7- AC Production - Energy (Wh) | Inv7- AC Production - Power (W) | Inv7- AC Consumption - Energy (Wh) | Inv7- AC Consumption - Power (W) | Inv7- KWh/KWp (%) | Inv8- AC Production - Energy (Wh) | Inv8- AC Production - Power (W) | Inv8- AC Consumption - Energy (Wh) | Inv8- AC Consumption - Power (W) | Inv8- KWh/KWp (%) | Inv9- AC Production - Energy (Wh) | Inv9- AC Production - Power (W) | Inv9- AC Consumption - Energy (Wh) | Inv9- AC Consumption - Power (W) | Inv9- KWh/KWp (%) | Inv10- AC Production - Energy (Wh) | Inv10- AC Production - Power (W) | Inv10- AC Consumption - Energy (Wh) | Inv10- AC Consumption - Power (W) | Inv10- KWh/KWp (%) | Inv11- AC Production - Energy (Wh) | Inv11- AC Production - Power (W) | Inv11- AC Consumption - Energy (Wh) | Inv11- AC Consumption - Power (W) | Inv11- KWh/KWp (%) | Inv12- AC Production - Energy (Wh) | Inv12- AC Production - Power (W) | Inv12- AC Consumption - Energy (Wh) | Inv12- AC Consumption - Power (W) | Inv12- KWh/KWp (%) | Inv13- AC Production - Energy (Wh) | Inv13- AC Production - Power (W) | Inv13- AC Consumption - Energy (Wh) | Inv13- AC Consumption - Power (W) | Inv13- KWh/KWp (%) | Inv14- AC Production - Energy (Wh) | Inv14- AC Production - Power (W) | Inv14- AC Consumption - Energy (Wh) | Inv14- AC Consumption - Power (W) | Inv14- KWh/KWp (%) | Inv15- AC Production - Energy (Wh) | Inv15- AC Production - Power (W) | Inv15- AC Consumption - Energy (Wh) | Inv15- AC Consumption - Power (W) | Inv15- KWh/KWp (%) | Inv16- AC Production - Energy (Wh) | Inv16- AC Production - Power (W) | Inv16- AC Consumption - Energy (Wh) | Inv16- AC Consumption - Power (W) | Inv16- KWh/KWp (%) | Inv17- AC Production - Energy (Wh) | Inv17- AC Production - Power (W) | Inv17- AC Consumption - Energy (Wh) | Inv17- AC Consumption - Power (W) | Inv17- KWh/KWp (%) | Inv18- AC Production - Energy (Wh) | Inv18- AC Production - Power (W) | Inv18- AC Consumption - Energy (Wh) | Inv18- AC Consumption - Power (W) | Inv18- KWh/KWp (%) | Inv19- AC Production - Energy (Wh) | Inv19- AC Production - Power (W) | Inv19- AC Consumption - Energy (Wh) | Inv19- AC Consumption - Power (W) | Inv19- KWh/KWp (%) | Inv20- AC Production - Energy (Wh) | Inv20- AC Production - Power (W) | Inv20- AC Consumption - Energy (Wh) | Inv20- AC Consumption - Power (W) | Inv20- KWh/KWp (%) | Inv21- AC Production - Energy (Wh) | Inv21- AC Production - Power (W) | Inv21- AC Consumption - Energy (Wh) | Inv21- AC Consumption - Power (W) | Inv21- KWh/KWp (%) | Inv22- AC Production - Energy (Wh) | Inv22- AC Production - Power (W) | Inv22- AC Consumption - Energy (Wh) | Inv22- AC Consumption - Power (W) | Inv22- KWh/KWp (%) | Inv23- AC Production - Energy (Wh) | Inv23- AC Production - Power (W) | Inv23- AC Consumption - Energy (Wh) | Inv23- AC Consumption - Power (W) | Inv23- KWh/KWp (%) | Inv24- AC Production - Energy (Wh) | Inv24- AC Production - Power (W) | Inv24- AC Consumption - Energy (Wh) | Inv24- AC Consumption - Power (W) | Inv24- KWh/KWp (%) | Inv25- AC Production - Energy (Wh) | Inv25- AC Production - Power (W) | Inv25- AC Consumption - Energy (Wh) | Inv25- AC Consumption - Power (W) | Inv25- KWh/KWp (%) | Inv26- AC Production - Energy (Wh) | Inv26- AC Production - Power (W) | Inv26- AC Consumption - Energy (Wh) | Inv26- AC Consumption - Power (W) |  |  |  | Inv26- KWh/KWp (%),2016,2016,0,"%m/%d/%y, %I:%M %p:2016",2024-10-12 00:00:00,2024-10-18 23:55:00,5 minutes,OK,,combined/model dataset,PV/production markers; combined/dataset marker,
data/raw/Data to be used/Data to be used/Power/Weekly Data/AC_power_energy/Combined Production Data/Week_44.csv,806753,.csv,f9daafaaaedddf56bd2ece109de36ef32f86c0a38100623795290cd28c56f8ec,Time | Inv1- AC Production - Energy (Wh) | Inv1- AC Production - Power (W) | Inv1- AC Consumption - Energy (Wh) | Inv1- AC Consumption - Power (W) | Inv1- KWh/KWp (%) | Inv2- AC Production - Energy (Wh) | Inv2- AC Production - Power (W) | Inv2- AC Consumption - Energy (Wh) | Inv2- AC Consumption - Power (W) | Inv2- KWh/KWp (%) | Inv3- AC Production - Energy (Wh) | Inv3- AC Production - Power (W) | Inv3- AC Consumption - Energy (Wh) | Inv3- AC Consumption - Power (W) | Inv3- KWh/KWp (%) | Inv4- AC Production - Energy (Wh) | Inv4- AC Production - Power (W) | Inv4- AC Consumption - Energy (Wh) | Inv4- AC Consumption - Power (W) | Inv4- KWh/KWp (%) | Inv5- AC Production - Energy (Wh) | Inv5- AC Production - Power (W) | Inv5- AC Consumption - Energy (Wh) | Inv5- AC Consumption - Power (W) | Inv5- KWh/KWp (%) | Inv6- AC Production - Energy (Wh) | Inv6- AC Production - Power (W) | Inv6- AC Consumption - Energy (Wh) | Inv6- AC Consumption - Power (W) | Inv6- KWh/KWp (%) | Inv7- AC Production - Energy (Wh) | Inv7- AC Production - Power (W) | Inv7- AC Consumption - Energy (Wh) | Inv7- AC Consumption - Power (W) | Inv7- KWh/KWp (%) | Inv8- AC Production - Energy (Wh) | Inv8- AC Production - Power (W) | Inv8- AC Consumption - Energy (Wh) | Inv8- AC Consumption - Power (W) | Inv8- KWh/KWp (%) | Inv9- AC Production - Energy (Wh) | Inv9- AC Production - Power (W) | Inv9- AC Consumption - Energy (Wh) | Inv9- AC Consumption - Power (W) | Inv9- KWh/KWp (%) | Inv10- AC Production - Energy (Wh) | Inv10- AC Production - Power (W) | Inv10- AC Consumption - Energy (Wh) | Inv10- AC Consumption - Power (W) | Inv10- KWh/KWp (%) | Inv11- AC Production - Energy (Wh) | Inv11- AC Production - Power (W) | Inv11- AC Consumption - Energy (Wh) | Inv11- AC Consumption - Power (W) | Inv11- KWh/KWp (%) | Inv12- AC Production - Energy (Wh) | Inv12- AC Production - Power (W) | Inv12- AC Consumption - Energy (Wh) | Inv12- AC Consumption - Power (W) | Inv12- KWh/KWp (%) | Inv13- AC Production - Energy (Wh) | Inv13- AC Production - Power (W) | Inv13- AC Consumption - Energy (Wh) | Inv13- AC Consumption - Power (W) | Inv13- KWh/KWp (%) | Inv14- AC Production - Energy (Wh) | Inv14- AC Production - Power (W) | Inv14- AC Consumption - Energy (Wh) | Inv14- AC Consumption - Power (W) | Inv14- KWh/KWp (%) | Inv15- AC Production - Energy (Wh) | Inv15- AC Production - Power (W) | Inv15- AC Consumption - Energy (Wh) | Inv15- AC Consumption - Power (W) | Inv15- KWh/KWp (%) | Inv16- AC Production - Energy (Wh) | Inv16- AC Production - Power (W) | Inv16- AC Consumption - Energy (Wh) | Inv16- AC Consumption - Power (W) | Inv16- KWh/KWp (%) | Inv17- AC Production - Energy (Wh) | Inv17- AC Production - Power (W) | Inv17- AC Consumption - Energy (Wh) | Inv17- AC Consumption - Power (W) | Inv17- KWh/KWp (%) | Inv18- AC Production - Energy (Wh) | Inv18- AC Production - Power (W) | Inv18- AC Consumption - Energy (Wh) | Inv18- AC Consumption - Power (W) | Inv18- KWh/KWp (%) | Inv19- AC Production - Energy (Wh) | Inv19- AC Production - Power (W) | Inv19- AC Consumption - Energy (Wh) | Inv19- AC Consumption - Power (W) | Inv19- KWh/KWp (%) | Inv20- AC Production - Energy (Wh) | Inv20- AC Production - Power (W) | Inv20- AC Consumption - Energy (Wh) | Inv20- AC Consumption - Power (W) | Inv20- KWh/KWp (%) | Inv21- AC Production - Energy (Wh) | Inv21- AC Production - Power (W) | Inv21- AC Consumption - Energy (Wh) | Inv21- AC Consumption - Power (W) | Inv21- KWh/KWp (%) | Inv22- AC Production - Energy (Wh) | Inv22- AC Production - Power (W) | Inv22- AC Consumption - Energy (Wh) | Inv22- AC Consumption - Power (W) | Inv22- KWh/KWp (%) | Inv23- AC Production - Energy (Wh) | Inv23- AC Production - Power (W) | Inv23- AC Consumption - Energy (Wh) | Inv23- AC Consumption - Power (W) | Inv23- KWh/KWp (%) | Inv24- AC Production - Energy (Wh) | Inv24- AC Production - Power (W) | Inv24- AC Consumption - Energy (Wh) | Inv24- AC Consumption - Power (W) | Inv24- KWh/KWp (%) | Inv25- AC Production - Energy (Wh) | Inv25- AC Production - Power (W) | Inv25- AC Consumption - Energy (Wh) | Inv25- AC Consumption - Power (W) | Inv25- KWh/KWp (%) | Inv26- AC Production - Energy (Wh) | Inv26- AC Production - Power (W) | Inv26- AC Consumption - Energy (Wh) | Inv26- AC Consumption - Power (W) |  |  |  | Inv26- KWh/KWp (%),2016,2016,0,"%m/%d/%y, %I:%M %p:2016",2024-10-19 00:00:00,2024-10-25 23:55:00,5 minutes,OK,,combined/model dataset,PV/production markers; combined/dataset marker,
data/raw/Data to be used/Data to be used/Power/Weekly Data/AC_power_energy/Combined Production Data/Week_45.csv,817012,.csv,9fee12c725b4bcc077d532d63087bb2b22780b9eb838120482ef8d81b6a6ff12,Time | Inv1- AC Production - Energy (Wh) | Inv1- AC Production - Power (W) | Inv1- AC Consumption - Energy (Wh) | Inv1- AC Consumption - Power (W) | Inv1- KWh/KWp (%) | Inv2- AC Production - Energy (Wh) | Inv2- AC Production - Power (W) | Inv2- AC Consumption - Energy (Wh) | Inv2- AC Consumption - Power (W) | Inv2- KWh/KWp (%) | Inv3- AC Production - Energy (Wh) | Inv3- AC Production - Power (W) | Inv3- AC Consumption - Energy (Wh) | Inv3- AC Consumption - Power (W) | Inv3- KWh/KWp (%) | Inv4- AC Production - Energy (Wh) | Inv4- AC Production - Power (W) | Inv4- AC Consumption - Energy (Wh) | Inv4- AC Consumption - Power (W) | Inv4- KWh/KWp (%) | Inv5- AC Production - Energy (Wh) | Inv5- AC Production - Power (W) | Inv5- AC Consumption - Energy (Wh) | Inv5- AC Consumption - Power (W) | Inv5- KWh/KWp (%) | Inv6- AC Production - Energy (Wh) | Inv6- AC Production - Power (W) | Inv6- AC Consumption - Energy (Wh) | Inv6- AC Consumption - Power (W) | Inv6- KWh/KWp (%) | Inv7- AC Production - Energy (Wh) | Inv7- AC Production - Power (W) | Inv7- AC Consumption - Energy (Wh) | Inv7- AC Consumption - Power (W) | Inv7- KWh/KWp (%) | Inv8- AC Production - Energy (Wh) | Inv8- AC Production - Power (W) | Inv8- AC Consumption - Energy (Wh) | Inv8- AC Consumption - Power (W) | Inv8- KWh/KWp (%) | Inv9- AC Production - Energy (Wh) | Inv9- AC Production - Power (W) | Inv9- AC Consumption - Energy (Wh) | Inv9- AC Consumption - Power (W) | Inv9- KWh/KWp (%) | Inv10- AC Production - Energy (Wh) | Inv10- AC Production - Power (W) | Inv10- AC Consumption - Energy (Wh) | Inv10- AC Consumption - Power (W) | Inv10- KWh/KWp (%) | Inv11- AC Production - Energy (Wh) | Inv11- AC Production - Power (W) | Inv11- AC Consumption - Energy (Wh) | Inv11- AC Consumption - Power (W) | Inv11- KWh/KWp (%) | Inv12- AC Production - Energy (Wh) | Inv12- AC Production - Power (W) | Inv12- AC Consumption - Energy (Wh) | Inv12- AC Consumption - Power (W) | Inv12- KWh/KWp (%) | Inv13- AC Production - Energy (Wh) | Inv13- AC Production - Power (W) | Inv13- AC Consumption - Energy (Wh) | Inv13- AC Consumption - Power (W) | Inv13- KWh/KWp (%) | Inv14- AC Production - Energy (Wh) | Inv14- AC Production - Power (W) | Inv14- AC Consumption - Energy (Wh) | Inv14- AC Consumption - Power (W) | Inv14- KWh/KWp (%) | Inv15- AC Production - Energy (Wh) | Inv15- AC Production - Power (W) | Inv15- AC Consumption - Energy (Wh) | Inv15- AC Consumption - Power (W) | Inv15- KWh/KWp (%) | Inv16- AC Production - Energy (Wh) | Inv16- AC Production - Power (W) | Inv16- AC Consumption - Energy (Wh) | Inv16- AC Consumption - Power (W) | Inv16- KWh/KWp (%) | Inv17- AC Production - Energy (Wh) | Inv17- AC Production - Power (W) | Inv17- AC Consumption - Energy (Wh) | Inv17- AC Consumption - Power (W) | Inv17- KWh/KWp (%) | Inv18- AC Production - Energy (Wh) | Inv18- AC Production - Power (W) | Inv18- AC Consumption - Energy (Wh) | Inv18- AC Consumption - Power (W) | Inv18- KWh/KWp (%) | Inv19- AC Production - Energy (Wh) | Inv19- AC Production - Power (W) | Inv19- AC Consumption - Energy (Wh) | Inv19- AC Consumption - Power (W) | Inv19- KWh/KWp (%) | Inv20- AC Production - Energy (Wh) | Inv20- AC Production - Power (W) | Inv20- AC Consumption - Energy (Wh) | Inv20- AC Consumption - Power (W) | Inv20- KWh/KWp (%) | Inv21- AC Production - Energy (Wh) | Inv21- AC Production - Power (W) | Inv21- AC Consumption - Energy (Wh) | Inv21- AC Consumption - Power (W) | Inv21- KWh/KWp (%) | Inv22- AC Production - Energy (Wh) | Inv22- AC Production - Power (W) | Inv22- AC Consumption - Energy (Wh) | Inv22- AC Consumption - Power (W) | Inv22- KWh/KWp (%) | Inv23- AC Production - Energy (Wh) | Inv23- AC Production - Power (W) | Inv23- AC Consumption - Energy (Wh) | Inv23- AC Consumption - Power (W) | Inv23- KWh/KWp (%) | Inv24- AC Production - Energy (Wh) | Inv24- AC Production - Power (W) | Inv24- AC Consumption - Energy (Wh) | Inv24- AC Consumption - Power (W) | Inv24- KWh/KWp (%) | Inv25- AC Production - Energy (Wh) | Inv25- AC Production - Power (W) | Inv25- AC Consumption - Energy (Wh) | Inv25- AC Consumption - Power (W) | Inv25- KWh/KWp (%) | Inv26- AC Production - Energy (Wh) | Inv26- AC Production - Power (W) | Inv26- AC Consumption - Energy (Wh) | Inv26- AC Consumption - Power (W) |  |  |  | Inv26- KWh/KWp (%),2016,2016,0,"%m/%d/%y, %I:%M %p:2016",2024-10-26 00:00:00,2024-11-01 23:55:00,5 minutes,OK,,combined/model dataset,PV/production markers; combined/dataset marker,
data/raw/Data to be used/Data to be used/Power/Weekly Data/AC_power_energy/Combined Production Data/Week_46.csv,796416,.csv,af7a39233cfda8706f2b7185cb52b7a5e070865efea520ea4caf00deb46f0063,Time | Inv1- AC Production - Energy (Wh) | Inv1- AC Production - Power (W) | Inv1- AC Consumption - Energy (Wh) | Inv1- AC Consumption - Power (W) | Inv1- KWh/KWp (%) | Inv2- AC Production - Energy (Wh) | Inv2- AC Production - Power (W) | Inv2- AC Consumption - Energy (Wh) | Inv2- AC Consumption - Power (W) | Inv2- KWh/KWp (%) | Inv3- AC Production - Energy (Wh) | Inv3- AC Production - Power (W) | Inv3- AC Consumption - Energy (Wh) | Inv3- AC Consumption - Power (W) | Inv3- KWh/KWp (%) | Inv4- AC Production - Energy (Wh) | Inv4- AC Production - Power (W) | Inv4- AC Consumption - Energy (Wh) | Inv4- AC Consumption - Power (W) | Inv4- KWh/KWp (%) | Inv5- AC Production - Energy (Wh) | Inv5- AC Production - Power (W) | Inv5- AC Consumption - Energy (Wh) | Inv5- AC Consumption - Power (W) | Inv5- KWh/KWp (%) | Inv6- AC Production - Energy (Wh) | Inv6- AC Production - Power (W) | Inv6- AC Consumption - Energy (Wh) | Inv6- AC Consumption - Power (W) | Inv6- KWh/KWp (%) | Inv7- AC Production - Energy (Wh) | Inv7- AC Production - Power (W) | Inv7- AC Consumption - Energy (Wh) | Inv7- AC Consumption - Power (W) | Inv7- KWh/KWp (%) | Inv8- AC Production - Energy (Wh) | Inv8- AC Production - Power (W) | Inv8- AC Consumption - Energy (Wh) | Inv8- AC Consumption - Power (W) | Inv8- KWh/KWp (%) | Inv9- AC Production - Energy (Wh) | Inv9- AC Production - Power (W) | Inv9- AC Consumption - Energy (Wh) | Inv9- AC Consumption - Power (W) | Inv9- KWh/KWp (%) | Inv10- AC Production - Energy (Wh) | Inv10- AC Production - Power (W) | Inv10- AC Consumption - Energy (Wh) | Inv10- AC Consumption - Power (W) | Inv10- KWh/KWp (%) | Inv11- AC Production - Energy (Wh) | Inv11- AC Production - Power (W) | Inv11- AC Consumption - Energy (Wh) | Inv11- AC Consumption - Power (W) | Inv11- KWh/KWp (%) | Inv12- AC Production - Energy (Wh) | Inv12- AC Production - Power (W) | Inv12- AC Consumption - Energy (Wh) | Inv12- AC Consumption - Power (W) | Inv12- KWh/KWp (%) | Inv13- AC Production - Energy (Wh) | Inv13- AC Production - Power (W) | Inv13- AC Consumption - Energy (Wh) | Inv13- AC Consumption - Power (W) | Inv13- KWh/KWp (%) | Inv14- AC Production - Energy (Wh) | Inv14- AC Production - Power (W) | Inv14- AC Consumption - Energy (Wh) | Inv14- AC Consumption - Power (W) | Inv14- KWh/KWp (%) | Inv15- AC Production - Energy (Wh) | Inv15- AC Production - Power (W) | Inv15- AC Consumption - Energy (Wh) | Inv15- AC Consumption - Power (W) | Inv15- KWh/KWp (%) | Inv16- AC Production - Energy (Wh) | Inv16- AC Production - Power (W) | Inv16- AC Consumption - Energy (Wh) | Inv16- AC Consumption - Power (W) | Inv16- KWh/KWp (%) | Inv17- AC Production - Energy (Wh) | Inv17- AC Production - Power (W) | Inv17- AC Consumption - Energy (Wh) | Inv17- AC Consumption - Power (W) | Inv17- KWh/KWp (%) | Inv18- AC Production - Energy (Wh) | Inv18- AC Production - Power (W) | Inv18- AC Consumption - Energy (Wh) | Inv18- AC Consumption - Power (W) | Inv18- KWh/KWp (%) | Inv19- AC Production - Energy (Wh) | Inv19- AC Production - Power (W) | Inv19- AC Consumption - Energy (Wh) | Inv19- AC Consumption - Power (W) | Inv19- KWh/KWp (%) | Inv20- AC Production - Energy (Wh) | Inv20- AC Production - Power (W) | Inv20- AC Consumption - Energy (Wh) | Inv20- AC Consumption - Power (W) | Inv20- KWh/KWp (%) | Inv21- AC Production - Energy (Wh) | Inv21- AC Production - Power (W) | Inv21- AC Consumption - Energy (Wh) | Inv21- AC Consumption - Power (W) | Inv21- KWh/KWp (%) | Inv22- AC Production - Energy (Wh) | Inv22- AC Production - Power (W) | Inv22- AC Consumption - Energy (Wh) | Inv22- AC Consumption - Power (W) | Inv22- KWh/KWp (%) | Inv23- AC Production - Energy (Wh) | Inv23- AC Production - Power (W) | Inv23- AC Consumption - Energy (Wh) | Inv23- AC Consumption - Power (W) | Inv23- KWh/KWp (%) | Inv24- AC Production - Energy (Wh) | Inv24- AC Production - Power (W) | Inv24- AC Consumption - Energy (Wh) | Inv24- AC Consumption - Power (W) | Inv24- KWh/KWp (%) | Inv25- AC Production - Energy (Wh) | Inv25- AC Production - Power (W) | Inv25- AC Consumption - Energy (Wh) | Inv25- AC Consumption - Power (W) | Inv25- KWh/KWp (%) | Inv26- AC Production - Energy (Wh) | Inv26- AC Production - Power (W) | Inv26- AC Consumption - Energy (Wh) | Inv26- AC Consumption - Power (W) |  |  |  | Inv26- KWh/KWp (%),2016,2016,0,"%m/%d/%y, %I:%M %p:2016",2024-11-02 00:00:00,2024-11-08 23:55:00,5 minutes,OK,,combined/model dataset,PV/production markers; combined/dataset marker,
data/raw/Data to be used/Data to be used/Power/Weekly Data/AC_power_energy/Combined Production Data/Week_47.csv,779162,.csv,d9f38f545fe93886a3790cc93aaedb8f9a4f69b1b9221e2c2ba891b17848d011,Time | Inv1- AC Production - Energy (Wh) | Inv1- AC Production - Power (W) | Inv1- AC Consumption - Energy (Wh) | Inv1- AC Consumption - Power (W) | Inv1- KWh/KWp (%) | Inv2- AC Production - Energy (Wh) | Inv2- AC Production - Power (W) | Inv2- AC Consumption - Energy (Wh) | Inv2- AC Consumption - Power (W) | Inv2- KWh/KWp (%) | Inv3- AC Production - Energy (Wh) | Inv3- AC Production - Power (W) | Inv3- AC Consumption - Energy (Wh) | Inv3- AC Consumption - Power (W) | Inv3- KWh/KWp (%) | Inv4- AC Production - Energy (Wh) | Inv4- AC Production - Power (W) | Inv4- AC Consumption - Energy (Wh) | Inv4- AC Consumption - Power (W) | Inv4- KWh/KWp (%) | Inv5- AC Production - Energy (Wh) | Inv5- AC Production - Power (W) | Inv5- AC Consumption - Energy (Wh) | Inv5- AC Consumption - Power (W) | Inv5- KWh/KWp (%) | Inv6- AC Production - Energy (Wh) | Inv6- AC Production - Power (W) | Inv6- AC Consumption - Energy (Wh) | Inv6- AC Consumption - Power (W) | Inv6- KWh/KWp (%) | Inv7- AC Production - Energy (Wh) | Inv7- AC Production - Power (W) | Inv7- AC Consumption - Energy (Wh) | Inv7- AC Consumption - Power (W) | Inv7- KWh/KWp (%) | Inv8- AC Production - Energy (Wh) | Inv8- AC Production - Power (W) | Inv8- AC Consumption - Energy (Wh) | Inv8- AC Consumption - Power (W) | Inv8- KWh/KWp (%) | Inv9- AC Production - Energy (Wh) | Inv9- AC Production - Power (W) | Inv9- AC Consumption - Energy (Wh) | Inv9- AC Consumption - Power (W) | Inv9- KWh/KWp (%) | Inv10- AC Production - Energy (Wh) | Inv10- AC Production - Power (W) | Inv10- AC Consumption - Energy (Wh) | Inv10- AC Consumption - Power (W) | Inv10- KWh/KWp (%) | Inv11- AC Production - Energy (Wh) | Inv11- AC Production - Power (W) | Inv11- AC Consumption - Energy (Wh) | Inv11- AC Consumption - Power (W) | Inv11- KWh/KWp (%) | Inv12- AC Production - Energy (Wh) | Inv12- AC Production - Power (W) | Inv12- AC Consumption - Energy (Wh) | Inv12- AC Consumption - Power (W) | Inv12- KWh/KWp (%) | Inv13- AC Production - Energy (Wh) | Inv13- AC Production - Power (W) | Inv13- AC Consumption - Energy (Wh) | Inv13- AC Consumption - Power (W) | Inv13- KWh/KWp (%) | Inv14- AC Production - Energy (Wh) | Inv14- AC Production - Power (W) | Inv14- AC Consumption - Energy (Wh) | Inv14- AC Consumption - Power (W) | Inv14- KWh/KWp (%) | Inv15- AC Production - Energy (Wh) | Inv15- AC Production - Power (W) | Inv15- AC Consumption - Energy (Wh) | Inv15- AC Consumption - Power (W) | Inv15- KWh/KWp (%) | Inv16- AC Production - Energy (Wh) | Inv16- AC Production - Power (W) | Inv16- AC Consumption - Energy (Wh) | Inv16- AC Consumption - Power (W) | Inv16- KWh/KWp (%) | Inv17- AC Production - Energy (Wh) | Inv17- AC Production - Power (W) | Inv17- AC Consumption - Energy (Wh) | Inv17- AC Consumption - Power (W) | Inv17- KWh/KWp (%) | Inv18- AC Production - Energy (Wh) | Inv18- AC Production - Power (W) | Inv18- AC Consumption - Energy (Wh) | Inv18- AC Consumption - Power (W) | Inv18- KWh/KWp (%) | Inv19- AC Production - Energy (Wh) | Inv19- AC Production - Power (W) | Inv19- AC Consumption - Energy (Wh) | Inv19- AC Consumption - Power (W) | Inv19- KWh/KWp (%) | Inv20- AC Production - Energy (Wh) | Inv20- AC Production - Power (W) | Inv20- AC Consumption - Energy (Wh) | Inv20- AC Consumption - Power (W) | Inv20- KWh/KWp (%) | Inv21- AC Production - Energy (Wh) | Inv21- AC Production - Power (W) | Inv21- AC Consumption - Energy (Wh) | Inv21- AC Consumption - Power (W) | Inv21- KWh/KWp (%) | Inv22- AC Production - Energy (Wh) | Inv22- AC Production - Power (W) | Inv22- AC Consumption - Energy (Wh) | Inv22- AC Consumption - Power (W) | Inv22- KWh/KWp (%) | Inv23- AC Production - Energy (Wh) | Inv23- AC Production - Power (W) | Inv23- AC Consumption - Energy (Wh) | Inv23- AC Consumption - Power (W) | Inv23- KWh/KWp (%) | Inv24- AC Production - Energy (Wh) | Inv24- AC Production - Power (W) | Inv24- AC Consumption - Energy (Wh) | Inv24- AC Consumption - Power (W) | Inv24- KWh/KWp (%) | Inv25- AC Production - Energy (Wh) | Inv25- AC Production - Power (W) | Inv25- AC Consumption - Energy (Wh) | Inv25- AC Consumption - Power (W) | Inv25- KWh/KWp (%) | Inv26- AC Production - Energy (Wh) | Inv26- AC Production - Power (W) | Inv26- AC Consumption - Energy (Wh) | Inv26- AC Consumption - Power (W) |  |  |  | Inv26- KWh/KWp (%),2016,2016,0,"%m/%d/%y, %I:%M %p:2016",2024-11-09 00:00:00,2024-11-15 23:55:00,5 minutes,OK,,combined/model dataset,PV/production markers; combined/dataset marker,
data/raw/Data to be used/Data to be used/Power/Weekly Data/AC_power_energy/Combined Production Data/Week_48.csv,794337,.csv,d63aa3fd7ddaf5b9ccc79f74eb9ef7f7cc3f657c634d2eed5cbdeda8372946bf,Time | Inv1- AC Production - Energy (Wh) | Inv1- AC Production - Power (W) | Inv1- AC Consumption - Energy (Wh) | Inv1- AC Consumption - Power (W) | Inv1- KWh/KWp (%) | Inv2- AC Production - Energy (Wh) | Inv2- AC Production - Power (W) | Inv2- AC Consumption - Energy (Wh) | Inv2- AC Consumption - Power (W) | Inv2- KWh/KWp (%) | Inv3- AC Production - Energy (Wh) | Inv3- AC Production - Power (W) | Inv3- AC Consumption - Energy (Wh) | Inv3- AC Consumption - Power (W) | Inv3- KWh/KWp (%) | Inv4- AC Production - Energy (Wh) | Inv4- AC Production - Power (W) | Inv4- AC Consumption - Energy (Wh) | Inv4- AC Consumption - Power (W) | Inv4- KWh/KWp (%) | Inv5- AC Production - Energy (Wh) | Inv5- AC Production - Power (W) | Inv5- AC Consumption - Energy (Wh) | Inv5- AC Consumption - Power (W) | Inv5- KWh/KWp (%) | Inv6- AC Production - Energy (Wh) | Inv6- AC Production - Power (W) | Inv6- AC Consumption - Energy (Wh) | Inv6- AC Consumption - Power (W) | Inv6- KWh/KWp (%) | Inv7- AC Production - Energy (Wh) | Inv7- AC Production - Power (W) | Inv7- AC Consumption - Energy (Wh) | Inv7- AC Consumption - Power (W) | Inv7- KWh/KWp (%) | Inv8- AC Production - Energy (Wh) | Inv8- AC Production - Power (W) | Inv8- AC Consumption - Energy (Wh) | Inv8- AC Consumption - Power (W) | Inv8- KWh/KWp (%) | Inv9- AC Production - Energy (Wh) | Inv9- AC Production - Power (W) | Inv9- AC Consumption - Energy (Wh) | Inv9- AC Consumption - Power (W) | Inv9- KWh/KWp (%) | Inv10- AC Production - Energy (Wh) | Inv10- AC Production - Power (W) | Inv10- AC Consumption - Energy (Wh) | Inv10- AC Consumption - Power (W) | Inv10- KWh/KWp (%) | Inv11- AC Production - Energy (Wh) | Inv11- AC Production - Power (W) | Inv11- AC Consumption - Energy (Wh) | Inv11- AC Consumption - Power (W) | Inv11- KWh/KWp (%) | Inv12- AC Production - Energy (Wh) | Inv12- AC Production - Power (W) | Inv12- AC Consumption - Energy (Wh) | Inv12- AC Consumption - Power (W) | Inv12- KWh/KWp (%) | Inv13- AC Production - Energy (Wh) | Inv13- AC Production - Power (W) | Inv13- AC Consumption - Energy (Wh) | Inv13- AC Consumption - Power (W) | Inv13- KWh/KWp (%) | Inv14- AC Production - Energy (Wh) | Inv14- AC Production - Power (W) | Inv14- AC Consumption - Energy (Wh) | Inv14- AC Consumption - Power (W) | Inv14- KWh/KWp (%) | Inv15- AC Production - Energy (Wh) | Inv15- AC Production - Power (W) | Inv15- AC Consumption - Energy (Wh) | Inv15- AC Consumption - Power (W) | Inv15- KWh/KWp (%) | Inv16- AC Production - Energy (Wh) | Inv16- AC Production - Power (W) | Inv16- AC Consumption - Energy (Wh) | Inv16- AC Consumption - Power (W) | Inv16- KWh/KWp (%) | Inv17- AC Production - Energy (Wh) | Inv17- AC Production - Power (W) | Inv17- AC Consumption - Energy (Wh) | Inv17- AC Consumption - Power (W) | Inv17- KWh/KWp (%) | Inv18- AC Production - Energy (Wh) | Inv18- AC Production - Power (W) | Inv18- AC Consumption - Energy (Wh) | Inv18- AC Consumption - Power (W) | Inv18- KWh/KWp (%) | Inv19- AC Production - Energy (Wh) | Inv19- AC Production - Power (W) | Inv19- AC Consumption - Energy (Wh) | Inv19- AC Consumption - Power (W) | Inv19- KWh/KWp (%) | Inv20- AC Production - Energy (Wh) | Inv20- AC Production - Power (W) | Inv20- AC Consumption - Energy (Wh) | Inv20- AC Consumption - Power (W) | Inv20- KWh/KWp (%) | Inv21- AC Production - Energy (Wh) | Inv21- AC Production - Power (W) | Inv21- AC Consumption - Energy (Wh) | Inv21- AC Consumption - Power (W) | Inv21- KWh/KWp (%) | Inv22- AC Production - Energy (Wh) | Inv22- AC Production - Power (W) | Inv22- AC Consumption - Energy (Wh) | Inv22- AC Consumption - Power (W) | Inv22- KWh/KWp (%) | Inv23- AC Production - Energy (Wh) | Inv23- AC Production - Power (W) | Inv23- AC Consumption - Energy (Wh) | Inv23- AC Consumption - Power (W) | Inv23- KWh/KWp (%) | Inv24- AC Production - Energy (Wh) | Inv24- AC Production - Power (W) | Inv24- AC Consumption - Energy (Wh) | Inv24- AC Consumption - Power (W) | Inv24- KWh/KWp (%) | Inv25- AC Production - Energy (Wh) | Inv25- AC Production - Power (W) | Inv25- AC Consumption - Energy (Wh) | Inv25- AC Consumption - Power (W) | Inv25- KWh/KWp (%) | Inv26- AC Production - Energy (Wh) | Inv26- AC Production - Power (W) | Inv26- AC Consumption - Energy (Wh) | Inv26- AC Consumption - Power (W) |  |  |  | Inv26- KWh/KWp (%),2016,2016,0,"%m/%d/%y, %I:%M %p:2016",2024-11-16 00:00:00,2024-11-22 23:55:00,5 minutes,OK,,combined/model dataset,PV/production markers; combined/dataset marker,
data/raw/Data to be used/Data to be used/Power/Weekly Data/AC_power_energy/Combined Production Data/Week_49.csv,757692,.csv,7c5ce0e750dcd08ae32d87884cf587234f4ae9f27b8c6df5afd28a2b2613b5d3,Time | Inv1- AC Production - Energy (Wh) | Inv1- AC Production - Power (W) | Inv1- AC Consumption - Energy (Wh) | Inv1- AC Consumption - Power (W) | Inv1- KWh/KWp (%) | Inv2- AC Production - Energy (Wh) | Inv2- AC Production - Power (W) | Inv2- AC Consumption - Energy (Wh) | Inv2- AC Consumption - Power (W) | Inv2- KWh/KWp (%) | Inv3- AC Production - Energy (Wh) | Inv3- AC Production - Power (W) | Inv3- AC Consumption - Energy (Wh) | Inv3- AC Consumption - Power (W) | Inv3- KWh/KWp (%) | Inv4- AC Production - Energy (Wh) | Inv4- AC Production - Power (W) | Inv4- AC Consumption - Energy (Wh) | Inv4- AC Consumption - Power (W) | Inv4- KWh/KWp (%) | Inv5- AC Production - Energy (Wh) | Inv5- AC Production - Power (W) | Inv5- AC Consumption - Energy (Wh) | Inv5- AC Consumption - Power (W) | Inv5- KWh/KWp (%) | Inv6- AC Production - Energy (Wh) | Inv6- AC Production - Power (W) | Inv6- AC Consumption - Energy (Wh) | Inv6- AC Consumption - Power (W) | Inv6- KWh/KWp (%) | Inv7- AC Production - Energy (Wh) | Inv7- AC Production - Power (W) | Inv7- AC Consumption - Energy (Wh) | Inv7- AC Consumption - Power (W) | Inv7- KWh/KWp (%) | Inv8- AC Production - Energy (Wh) | Inv8- AC Production - Power (W) | Inv8- AC Consumption - Energy (Wh) | Inv8- AC Consumption - Power (W) | Inv8- KWh/KWp (%) | Inv9- AC Production - Energy (Wh) | Inv9- AC Production - Power (W) | Inv9- AC Consumption - Energy (Wh) | Inv9- AC Consumption - Power (W) | Inv9- KWh/KWp (%) | Inv10- AC Production - Energy (Wh) | Inv10- AC Production - Power (W) | Inv10- AC Consumption - Energy (Wh) | Inv10- AC Consumption - Power (W) | Inv10- KWh/KWp (%) | Inv11- AC Production - Energy (Wh) | Inv11- AC Production - Power (W) | Inv11- AC Consumption - Energy (Wh) | Inv11- AC Consumption - Power (W) | Inv11- KWh/KWp (%) | Inv12- AC Production - Energy (Wh) | Inv12- AC Production - Power (W) | Inv12- AC Consumption - Energy (Wh) | Inv12- AC Consumption - Power (W) | Inv12- KWh/KWp (%) | Inv13- AC Production - Energy (Wh) | Inv13- AC Production - Power (W) | Inv13- AC Consumption - Energy (Wh) | Inv13- AC Consumption - Power (W) | Inv13- KWh/KWp (%) | Inv14- AC Production - Energy (Wh) | Inv14- AC Production - Power (W) | Inv14- AC Consumption - Energy (Wh) | Inv14- AC Consumption - Power (W) | Inv14- KWh/KWp (%) | Inv15- AC Production - Energy (Wh) | Inv15- AC Production - Power (W) | Inv15- AC Consumption - Energy (Wh) | Inv15- AC Consumption - Power (W) | Inv15- KWh/KWp (%) | Inv16- AC Production - Energy (Wh) | Inv16- AC Production - Power (W) | Inv16- AC Consumption - Energy (Wh) | Inv16- AC Consumption - Power (W) | Inv16- KWh/KWp (%) | Inv17- AC Production - Energy (Wh) | Inv17- AC Production - Power (W) | Inv17- AC Consumption - Energy (Wh) | Inv17- AC Consumption - Power (W) | Inv17- KWh/KWp (%) | Inv18- AC Production - Energy (Wh) | Inv18- AC Production - Power (W) | Inv18- AC Consumption - Energy (Wh) | Inv18- AC Consumption - Power (W) | Inv18- KWh/KWp (%) | Inv19- AC Production - Energy (Wh) | Inv19- AC Production - Power (W) | Inv19- AC Consumption - Energy (Wh) | Inv19- AC Consumption - Power (W) | Inv19- KWh/KWp (%) | Inv20- AC Production - Energy (Wh) | Inv20- AC Production - Power (W) | Inv20- AC Consumption - Energy (Wh) | Inv20- AC Consumption - Power (W) | Inv20- KWh/KWp (%) | Inv21- AC Production - Energy (Wh) | Inv21- AC Production - Power (W) | Inv21- AC Consumption - Energy (Wh) | Inv21- AC Consumption - Power (W) | Inv21- KWh/KWp (%) | Inv22- AC Production - Energy (Wh) | Inv22- AC Production - Power (W) | Inv22- AC Consumption - Energy (Wh) | Inv22- AC Consumption - Power (W) | Inv22- KWh/KWp (%) | Inv23- AC Production - Energy (Wh) | Inv23- AC Production - Power (W) | Inv23- AC Consumption - Energy (Wh) | Inv23- AC Consumption - Power (W) | Inv23- KWh/KWp (%) | Inv24- AC Production - Energy (Wh) | Inv24- AC Production - Power (W) | Inv24- AC Consumption - Energy (Wh) | Inv24- AC Consumption - Power (W) | Inv24- KWh/KWp (%) | Inv25- AC Production - Energy (Wh) | Inv25- AC Production - Power (W) | Inv25- AC Consumption - Energy (Wh) | Inv25- AC Consumption - Power (W) | Inv25- KWh/KWp (%) | Inv26- AC Production - Energy (Wh) | Inv26- AC Production - Power (W) | Inv26- AC Consumption - Energy (Wh) | Inv26- AC Consumption - Power (W) |  |  |  | Inv26- KWh/KWp (%),2016,2016,0,"%m/%d/%y, %I:%M %p:2016",2024-11-23 00:00:00,2024-11-29 23:55:00,5 minutes,OK,,combined/model dataset,PV/production markers; combined/dataset marker,
data/raw/Data to be used/Data to be used/Power/Weekly Data/AC_power_energy/Combined Production Data/Week_5.csv,677286,.csv,fce7ceecdcbc74b66fe83803582677a0c4ad419f85320f90b8ca8945c6013ba7,Time | Production Energy (Wh) | Production Power (W) | Consumption Energy (Wh) | Consumption Power (W) | KWh/KWp (%) Inv1 | Production Energy (Wh) | Production Power (W) | Consumption Energy (Wh) | Consumption Power (W) | KWh/KWp (%) Inv 2 | Production Energy (Wh) | Production Power (W) | Consumption Energy (Wh) | Consumption Power (W) | KWh/KWp (%) Inv 3 | Production Energy (Wh) | Production Power (W) | Consumption Energy (Wh) | Consumption Power (W) | KWh/KWp (%) Inv 4 | Production Energy (Wh) | Production Power (W) | Consumption Energy (Wh) | Consumption Power (W) | KWh/KWp (%) Inv 5 | Production Energy (Wh) | Production Power (W) | Consumption Energy (Wh) | Consumption Power (W) | KWh/KWp (%) Inv 6 | Production Energy (Wh) | Production Power (W) | Consumption Energy (Wh) | Consumption Power (W) | KWh/KWp (%) Inv 7 | Production Energy (Wh) | Production Power (W) | Consumption Energy (Wh) | Consumption Power (W) | KWh/KWp (%) Inv 8 | Production Energy (Wh) | Production Power (W) | Consumption Energy (Wh) | Consumption Power (W) | KWh/KWp (%) Inv 9 | Production Energy (Wh) | Production Power (W) | Consumption Energy (Wh) | Consumption Power (W) | KWh/KWp (%) Inv 10 | Production Energy (Wh) | Production Power (W) | Consumption Energy (Wh) | Consumption Power (W) | KWh/KWp (%) Inv 11 | Production Energy (Wh) | Production Power (W) | Consumption Energy (Wh) | Consumption Power (W) | KWh/KWp (%) Inv 12 | Production Energy (Wh) | Production Power (W) | Consumption Energy (Wh) | Consumption Power (W) | KWh/KWp (%) Inv 13 | Production Energy (Wh) | Production Power (W) | Consumption Energy (Wh) | Consumption Power (W) | KWh/KWp (%) Inv 14 | Production Energy (Wh) | Production Power (W) | Consumption Energy (Wh) | Consumption Power (W) | KWh/KWp (%) Inv 15 | Production Energy (Wh) | Production Power (W) | Consumption Energy (Wh) | Consumption Power (W) | KWh/KWp (%) Inv 16 | Production Energy (Wh) | Production Power (W) | Consumption Energy (Wh) | Consumption Power (W) | KWh/KWp (%) Inv 17 | Production Energy (Wh) | Production Power (W) | Consumption Energy (Wh) | Consumption Power (W) | KWh/KWp (%) Inv 18 | Production Energy (Wh) | Production Power (W) | Consumption Energy (Wh) | Consumption Power (W) | KWh/KWp (%) Inv 19 | Production Energy (Wh) | Production Power (W) | Consumption Energy (Wh) | Consumption Power (W) | KWh/KWp (%) Inv 20 | Production Energy (Wh) | Production Power (W) | Consumption Energy (Wh) | Consumption Power (W) | KWh/KWp (%) Inv 21 | Production Energy (Wh) | Production Power (W) | Consumption Energy (Wh) | Consumption Power (W) | KWh/KWp (%) Inv 22 | Production Energy (Wh) | Production Power (W) | Consumption Energy (Wh) | Consumption Power (W) | KWh/KWp (%) Inv 23 | Production Energy (Wh) | Production Power (W) | Consumption Energy (Wh) | Consumption Power (W) | KWh/KWp (%) Inv 24 | Production Energy (Wh) | Production Power (W) | Consumption Energy (Wh) | Consumption Power (W) | KWh/KWp (%) Inv 25 | Production Energy (Wh) | Production Power (W) | Consumption Energy (Wh) | Consumption Power (W) | KWh/KWp (%) Inv 26,2016,2016,0,"%m/%d/%y, %I:%M %p:2016",2024-01-27 00:00:00,2024-02-02 23:55:00,5 minutes,OK,,combined/model dataset,PV/production markers; combined/dataset marker,
data/raw/Data to be used/Data to be used/Power/Weekly Data/AC_power_energy/Combined Production Data/Week_50.csv,794558,.csv,a32efd4116b4a2c9fad1da2eaa84ccede3baf6fc09456d7a50efae774df22f70,Time | Inv1- AC Production - Energy (Wh) | Inv1- AC Production - Power (W) | Inv1- AC Consumption - Energy (Wh) | Inv1- AC Consumption - Power (W) | Inv1- KWh/KWp (%) | Inv2- AC Production - Energy (Wh) | Inv2- AC Production - Power (W) | Inv2- AC Consumption - Energy (Wh) | Inv2- AC Consumption - Power (W) | Inv2- KWh/KWp (%) | Inv3- AC Production - Energy (Wh) | Inv3- AC Production - Power (W) | Inv3- AC Consumption - Energy (Wh) | Inv3- AC Consumption - Power (W) | Inv3- KWh/KWp (%) | Inv4- AC Production - Energy (Wh) | Inv4- AC Production - Power (W) | Inv4- AC Consumption - Energy (Wh) | Inv4- AC Consumption - Power (W) | Inv4- KWh/KWp (%) | Inv5- AC Production - Energy (Wh) | Inv5- AC Production - Power (W) | Inv5- AC Consumption - Energy (Wh) | Inv5- AC Consumption - Power (W) | Inv5- KWh/KWp (%) | Inv6- AC Production - Energy (Wh) | Inv6- AC Production - Power (W) | Inv6- AC Consumption - Energy (Wh) | Inv6- AC Consumption - Power (W) | Inv6- KWh/KWp (%) | Inv7- AC Production - Energy (Wh) | Inv7- AC Production - Power (W) | Inv7- AC Consumption - Energy (Wh) | Inv7- AC Consumption - Power (W) | Inv7- KWh/KWp (%) | Inv8- AC Production - Energy (Wh) | Inv8- AC Production - Power (W) | Inv8- AC Consumption - Energy (Wh) | Inv8- AC Consumption - Power (W) | Inv8- KWh/KWp (%) | Inv9- AC Production - Energy (Wh) | Inv9- AC Production - Power (W) | Inv9- AC Consumption - Energy (Wh) | Inv9- AC Consumption - Power (W) | Inv9- KWh/KWp (%) | Inv10- AC Production - Energy (Wh) | Inv10- AC Production - Power (W) | Inv10- AC Consumption - Energy (Wh) | Inv10- AC Consumption - Power (W) | Inv10- KWh/KWp (%) | Inv11- AC Production - Energy (Wh) | Inv11- AC Production - Power (W) | Inv11- AC Consumption - Energy (Wh) | Inv11- AC Consumption - Power (W) | Inv11- KWh/KWp (%) | Inv12- AC Production - Energy (Wh) | Inv12- AC Production - Power (W) | Inv12- AC Consumption - Energy (Wh) | Inv12- AC Consumption - Power (W) | Inv12- KWh/KWp (%) | Inv13- AC Production - Energy (Wh) | Inv13- AC Production - Power (W) | Inv13- AC Consumption - Energy (Wh) | Inv13- AC Consumption - Power (W) | Inv13- KWh/KWp (%) | Inv14- AC Production - Energy (Wh) | Inv14- AC Production - Power (W) | Inv14- AC Consumption - Energy (Wh) | Inv14- AC Consumption - Power (W) | Inv14- KWh/KWp (%) | Inv15- AC Production - Energy (Wh) | Inv15- AC Production - Power (W) | Inv15- AC Consumption - Energy (Wh) | Inv15- AC Consumption - Power (W) | Inv15- KWh/KWp (%) | Inv16- AC Production - Energy (Wh) | Inv16- AC Production - Power (W) | Inv16- AC Consumption - Energy (Wh) | Inv16- AC Consumption - Power (W) | Inv16- KWh/KWp (%) | Inv17- AC Production - Energy (Wh) | Inv17- AC Production - Power (W) | Inv17- AC Consumption - Energy (Wh) | Inv17- AC Consumption - Power (W) | Inv17- KWh/KWp (%) | Inv18- AC Production - Energy (Wh) | Inv18- AC Production - Power (W) | Inv18- AC Consumption - Energy (Wh) | Inv18- AC Consumption - Power (W) | Inv18- KWh/KWp (%) | Inv19- AC Production - Energy (Wh) | Inv19- AC Production - Power (W) | Inv19- AC Consumption - Energy (Wh) | Inv19- AC Consumption - Power (W) | Inv19- KWh/KWp (%) | Inv20- AC Production - Energy (Wh) | Inv20- AC Production - Power (W) | Inv20- AC Consumption - Energy (Wh) | Inv20- AC Consumption - Power (W) | Inv20- KWh/KWp (%) | Inv21- AC Production - Energy (Wh) | Inv21- AC Production - Power (W) | Inv21- AC Consumption - Energy (Wh) | Inv21- AC Consumption - Power (W) | Inv21- KWh/KWp (%) | Inv22- AC Production - Energy (Wh) | Inv22- AC Production - Power (W) | Inv22- AC Consumption - Energy (Wh) | Inv22- AC Consumption - Power (W) | Inv22- KWh/KWp (%) | Inv23- AC Production - Energy (Wh) | Inv23- AC Production - Power (W) | Inv23- AC Consumption - Energy (Wh) | Inv23- AC Consumption - Power (W) | Inv23- KWh/KWp (%) | Inv24- AC Production - Energy (Wh) | Inv24- AC Production - Power (W) | Inv24- AC Consumption - Energy (Wh) | Inv24- AC Consumption - Power (W) | Inv24- KWh/KWp (%) | Inv25- AC Production - Energy (Wh) | Inv25- AC Production - Power (W) | Inv25- AC Consumption - Energy (Wh) | Inv25- AC Consumption - Power (W) | Inv25- KWh/KWp (%) | Inv26- AC Production - Energy (Wh) | Inv26- AC Production - Power (W) | Inv26- AC Consumption - Energy (Wh) | Inv26- AC Consumption - Power (W) |  |  |  | Inv26- KWh/KWp (%),2016,2016,0,"%m/%d/%y, %I:%M %p:2016",2024-11-30 00:00:00,2024-12-06 23:55:00,5 minutes,OK,,combined/model dataset,PV/production markers; combined/dataset marker,
data/raw/Data to be used/Data to be used/Power/Weekly Data/AC_power_energy/Combined Production Data/Week_51.csv,808524,.csv,dc8b59fa990fa28de281c61b4f20672679f9896bfc4a6e98a443b42d850e4b75,Time | Inv1- AC Production - Energy (Wh) | Inv1- AC Production - Power (W) | Inv1- AC Consumption - Energy (Wh) | Inv1- AC Consumption - Power (W) | Inv1- KWh/KWp (%) | Inv2- AC Production - Energy (Wh) | Inv2- AC Production - Power (W) | Inv2- AC Consumption - Energy (Wh) | Inv2- AC Consumption - Power (W) | Inv2- KWh/KWp (%) | Inv3- AC Production - Energy (Wh) | Inv3- AC Production - Power (W) | Inv3- AC Consumption - Energy (Wh) | Inv3- AC Consumption - Power (W) | Inv3- KWh/KWp (%) | Inv4- AC Production - Energy (Wh) | Inv4- AC Production - Power (W) | Inv4- AC Consumption - Energy (Wh) | Inv4- AC Consumption - Power (W) | Inv4- KWh/KWp (%) | Inv5- AC Production - Energy (Wh) | Inv5- AC Production - Power (W) | Inv5- AC Consumption - Energy (Wh) | Inv5- AC Consumption - Power (W) | Inv5- KWh/KWp (%) | Inv6- AC Production - Energy (Wh) | Inv6- AC Production - Power (W) | Inv6- AC Consumption - Energy (Wh) | Inv6- AC Consumption - Power (W) | Inv6- KWh/KWp (%) | Inv7- AC Production - Energy (Wh) | Inv7- AC Production - Power (W) | Inv7- AC Consumption - Energy (Wh) | Inv7- AC Consumption - Power (W) | Inv7- KWh/KWp (%) | Inv8- AC Production - Energy (Wh) | Inv8- AC Production - Power (W) | Inv8- AC Consumption - Energy (Wh) | Inv8- AC Consumption - Power (W) | Inv8- KWh/KWp (%) | Inv9- AC Production - Energy (Wh) | Inv9- AC Production - Power (W) | Inv9- AC Consumption - Energy (Wh) | Inv9- AC Consumption - Power (W) | Inv9- KWh/KWp (%) | Inv10- AC Production - Energy (Wh) | Inv10- AC Production - Power (W) | Inv10- AC Consumption - Energy (Wh) | Inv10- AC Consumption - Power (W) | Inv10- KWh/KWp (%) | Inv11- AC Production - Energy (Wh) | Inv11- AC Production - Power (W) | Inv11- AC Consumption - Energy (Wh) | Inv11- AC Consumption - Power (W) | Inv11- KWh/KWp (%) | Inv12- AC Production - Energy (Wh) | Inv12- AC Production - Power (W) | Inv12- AC Consumption - Energy (Wh) | Inv12- AC Consumption - Power (W) | Inv12- KWh/KWp (%) | Inv13- AC Production - Energy (Wh) | Inv13- AC Production - Power (W) | Inv13- AC Consumption - Energy (Wh) | Inv13- AC Consumption - Power (W) | Inv13- KWh/KWp (%) | Inv14- AC Production - Energy (Wh) | Inv14- AC Production - Power (W) | Inv14- AC Consumption - Energy (Wh) | Inv14- AC Consumption - Power (W) | Inv14- KWh/KWp (%) | Inv15- AC Production - Energy (Wh) | Inv15- AC Production - Power (W) | Inv15- AC Consumption - Energy (Wh) | Inv15- AC Consumption - Power (W) | Inv15- KWh/KWp (%) | Inv16- AC Production - Energy (Wh) | Inv16- AC Production - Power (W) | Inv16- AC Consumption - Energy (Wh) | Inv16- AC Consumption - Power (W) | Inv16- KWh/KWp (%) | Inv17- AC Production - Energy (Wh) | Inv17- AC Production - Power (W) | Inv17- AC Consumption - Energy (Wh) | Inv17- AC Consumption - Power (W) | Inv17- KWh/KWp (%) | Inv18- AC Production - Energy (Wh) | Inv18- AC Production - Power (W) | Inv18- AC Consumption - Energy (Wh) | Inv18- AC Consumption - Power (W) | Inv18- KWh/KWp (%) | Inv19- AC Production - Energy (Wh) | Inv19- AC Production - Power (W) | Inv19- AC Consumption - Energy (Wh) | Inv19- AC Consumption - Power (W) | Inv19- KWh/KWp (%) | Inv20- AC Production - Energy (Wh) | Inv20- AC Production - Power (W) | Inv20- AC Consumption - Energy (Wh) | Inv20- AC Consumption - Power (W) | Inv20- KWh/KWp (%) | Inv21- AC Production - Energy (Wh) | Inv21- AC Production - Power (W) | Inv21- AC Consumption - Energy (Wh) | Inv21- AC Consumption - Power (W) | Inv21- KWh/KWp (%) | Inv22- AC Production - Energy (Wh) | Inv22- AC Production - Power (W) | Inv22- AC Consumption - Energy (Wh) | Inv22- AC Consumption - Power (W) | Inv22- KWh/KWp (%) | Inv23- AC Production - Energy (Wh) | Inv23- AC Production - Power (W) | Inv23- AC Consumption - Energy (Wh) | Inv23- AC Consumption - Power (W) | Inv23- KWh/KWp (%) | Inv24- AC Production - Energy (Wh) | Inv24- AC Production - Power (W) | Inv24- AC Consumption - Energy (Wh) | Inv24- AC Consumption - Power (W) | Inv24- KWh/KWp (%) | Inv25- AC Production - Energy (Wh) | Inv25- AC Production - Power (W) | Inv25- AC Consumption - Energy (Wh) | Inv25- AC Consumption - Power (W) | Inv25- KWh/KWp (%) | Inv26- AC Production - Energy (Wh) | Inv26- AC Production - Power (W) | Inv26- AC Consumption - Energy (Wh) | Inv26- AC Consumption - Power (W) |  |  |  | Inv26- KWh/KWp (%),2016,2016,0,"%m/%d/%y, %I:%M %p:2016",2024-12-07 00:00:00,2024-12-13 23:55:00,5 minutes,OK,,combined/model dataset,PV/production markers; combined/dataset marker,
data/raw/Data to be used/Data to be used/Power/Weekly Data/AC_power_energy/Combined Production Data/Week_52.csv,782397,.csv,f2cb8723f4567b8b11e28362db4cce499e3e09e96ee705ef8ffbbc640610f4ee,Time | Inv1- AC Production - Energy (Wh) | Inv1- AC Production - Power (W) | Inv1- AC Consumption - Energy (Wh) | Inv1- AC Consumption - Power (W) | Inv1- KWh/KWp (%) | Inv2- AC Production - Energy (Wh) | Inv2- AC Production - Power (W) | Inv2- AC Consumption - Energy (Wh) | Inv2- AC Consumption - Power (W) | Inv2- KWh/KWp (%) | Inv3- AC Production - Energy (Wh) | Inv3- AC Production - Power (W) | Inv3- AC Consumption - Energy (Wh) | Inv3- AC Consumption - Power (W) | Inv3- KWh/KWp (%) | Inv4- AC Production - Energy (Wh) | Inv4- AC Production - Power (W) | Inv4- AC Consumption - Energy (Wh) | Inv4- AC Consumption - Power (W) | Inv4- KWh/KWp (%) | Inv5- AC Production - Energy (Wh) | Inv5- AC Production - Power (W) | Inv5- AC Consumption - Energy (Wh) | Inv5- AC Consumption - Power (W) | Inv5- KWh/KWp (%) | Inv6- AC Production - Energy (Wh) | Inv6- AC Production - Power (W) | Inv6- AC Consumption - Energy (Wh) | Inv6- AC Consumption - Power (W) | Inv6- KWh/KWp (%) | Inv7- AC Production - Energy (Wh) | Inv7- AC Production - Power (W) | Inv7- AC Consumption - Energy (Wh) | Inv7- AC Consumption - Power (W) | Inv7- KWh/KWp (%) | Inv8- AC Production - Energy (Wh) | Inv8- AC Production - Power (W) | Inv8- AC Consumption - Energy (Wh) | Inv8- AC Consumption - Power (W) | Inv8- KWh/KWp (%) | Inv9- AC Production - Energy (Wh) | Inv9- AC Production - Power (W) | Inv9- AC Consumption - Energy (Wh) | Inv9- AC Consumption - Power (W) | Inv9- KWh/KWp (%) | Inv10- AC Production - Energy (Wh) | Inv10- AC Production - Power (W) | Inv10- AC Consumption - Energy (Wh) | Inv10- AC Consumption - Power (W) | Inv10- KWh/KWp (%) | Inv11- AC Production - Energy (Wh) | Inv11- AC Production - Power (W) | Inv11- AC Consumption - Energy (Wh) | Inv11- AC Consumption - Power (W) | Inv11- KWh/KWp (%) | Inv12- AC Production - Energy (Wh) | Inv12- AC Production - Power (W) | Inv12- AC Consumption - Energy (Wh) | Inv12- AC Consumption - Power (W) | Inv12- KWh/KWp (%) | Inv13- AC Production - Energy (Wh) | Inv13- AC Production - Power (W) | Inv13- AC Consumption - Energy (Wh) | Inv13- AC Consumption - Power (W) | Inv13- KWh/KWp (%) | Inv14- AC Production - Energy (Wh) | Inv14- AC Production - Power (W) | Inv14- AC Consumption - Energy (Wh) | Inv14- AC Consumption - Power (W) | Inv14- KWh/KWp (%) | Inv15- AC Production - Energy (Wh) | Inv15- AC Production - Power (W) | Inv15- AC Consumption - Energy (Wh) | Inv15- AC Consumption - Power (W) | Inv15- KWh/KWp (%) | Inv16- AC Production - Energy (Wh) | Inv16- AC Production - Power (W) | Inv16- AC Consumption - Energy (Wh) | Inv16- AC Consumption - Power (W) | Inv16- KWh/KWp (%) | Inv17- AC Production - Energy (Wh) | Inv17- AC Production - Power (W) | Inv17- AC Consumption - Energy (Wh) | Inv17- AC Consumption - Power (W) | Inv17- KWh/KWp (%) | Inv18- AC Production - Energy (Wh) | Inv18- AC Production - Power (W) | Inv18- AC Consumption - Energy (Wh) | Inv18- AC Consumption - Power (W) | Inv18- KWh/KWp (%) | Inv19- AC Production - Energy (Wh) | Inv19- AC Production - Power (W) | Inv19- AC Consumption - Energy (Wh) | Inv19- AC Consumption - Power (W) | Inv19- KWh/KWp (%) | Inv20- AC Production - Energy (Wh) | Inv20- AC Production - Power (W) | Inv20- AC Consumption - Energy (Wh) | Inv20- AC Consumption - Power (W) | Inv20- KWh/KWp (%) | Inv21- AC Production - Energy (Wh) | Inv21- AC Production - Power (W) | Inv21- AC Consumption - Energy (Wh) | Inv21- AC Consumption - Power (W) | Inv21- KWh/KWp (%) | Inv22- AC Production - Energy (Wh) | Inv22- AC Production - Power (W) | Inv22- AC Consumption - Energy (Wh) | Inv22- AC Consumption - Power (W) | Inv22- KWh/KWp (%) | Inv23- AC Production - Energy (Wh) | Inv23- AC Production - Power (W) | Inv23- AC Consumption - Energy (Wh) | Inv23- AC Consumption - Power (W) | Inv23- KWh/KWp (%) | Inv24- AC Production - Energy (Wh) | Inv24- AC Production - Power (W) | Inv24- AC Consumption - Energy (Wh) | Inv24- AC Consumption - Power (W) | Inv24- KWh/KWp (%) | Inv25- AC Production - Energy (Wh) | Inv25- AC Production - Power (W) | Inv25- AC Consumption - Energy (Wh) | Inv25- AC Consumption - Power (W) | Inv25- KWh/KWp (%) | Inv26- AC Production - Energy (Wh) | Inv26- AC Production - Power (W) | Inv26- AC Consumption - Energy (Wh) | Inv26- AC Consumption - Power (W) |  |  |  | Inv26- KWh/KWp (%),2016,2016,0,"%m/%d/%y, %I:%M %p:2016",2024-12-14 00:00:00,2024-12-20 23:55:00,5 minutes,OK,,combined/model dataset,PV/production markers; combined/dataset marker,
data/raw/Data to be used/Data to be used/Power/Weekly Data/AC_power_energy/Combined Production Data/Week_53.csv,799700,.csv,4e1c7f99c7a1cc76e8ed817c1a684b08418b000dd800091ce87133c3ebd6a327,Time | Inv1- AC Production - Energy (Wh) | Inv1- AC Production - Power (W) | Inv1- AC Consumption - Energy (Wh) | Inv1- AC Consumption - Power (W) | Inv1- KWh/KWp (%) | Inv2- AC Production - Energy (Wh) | Inv2- AC Production - Power (W) | Inv2- AC Consumption - Energy (Wh) | Inv2- AC Consumption - Power (W) | Inv2- KWh/KWp (%) | Inv3- AC Production - Energy (Wh) | Inv3- AC Production - Power (W) | Inv3- AC Consumption - Energy (Wh) | Inv3- AC Consumption - Power (W) | Inv3- KWh/KWp (%) | Inv4- AC Production - Energy (Wh) | Inv4- AC Production - Power (W) | Inv4- AC Consumption - Energy (Wh) | Inv4- AC Consumption - Power (W) | Inv4- KWh/KWp (%) | Inv5- AC Production - Energy (Wh) | Inv5- AC Production - Power (W) | Inv5- AC Consumption - Energy (Wh) | Inv5- AC Consumption - Power (W) | Inv5- KWh/KWp (%) | Inv6- AC Production - Energy (Wh) | Inv6- AC Production - Power (W) | Inv6- AC Consumption - Energy (Wh) | Inv6- AC Consumption - Power (W) | Inv6- KWh/KWp (%) | Inv7- AC Production - Energy (Wh) | Inv7- AC Production - Power (W) | Inv7- AC Consumption - Energy (Wh) | Inv7- AC Consumption - Power (W) | Inv7- KWh/KWp (%) | Inv8- AC Production - Energy (Wh) | Inv8- AC Production - Power (W) | Inv8- AC Consumption - Energy (Wh) | Inv8- AC Consumption - Power (W) | Inv8- KWh/KWp (%) | Inv9- AC Production - Energy (Wh) | Inv9- AC Production - Power (W) | Inv9- AC Consumption - Energy (Wh) | Inv9- AC Consumption - Power (W) | Inv9- KWh/KWp (%) | Inv10- AC Production - Energy (Wh) | Inv10- AC Production - Power (W) | Inv10- AC Consumption - Energy (Wh) | Inv10- AC Consumption - Power (W) | Inv10- KWh/KWp (%) | Inv11- AC Production - Energy (Wh) | Inv11- AC Production - Power (W) | Inv11- AC Consumption - Energy (Wh) | Inv11- AC Consumption - Power (W) | Inv11- KWh/KWp (%) | Inv12- AC Production - Energy (Wh) | Inv12- AC Production - Power (W) | Inv12- AC Consumption - Energy (Wh) | Inv12- AC Consumption - Power (W) | Inv12- KWh/KWp (%) | Inv13- AC Production - Energy (Wh) | Inv13- AC Production - Power (W) | Inv13- AC Consumption - Energy (Wh) | Inv13- AC Consumption - Power (W) | Inv13- KWh/KWp (%) | Inv14- AC Production - Energy (Wh) | Inv14- AC Production - Power (W) | Inv14- AC Consumption - Energy (Wh) | Inv14- AC Consumption - Power (W) | Inv14- KWh/KWp (%) | Inv15- AC Production - Energy (Wh) | Inv15- AC Production - Power (W) | Inv15- AC Consumption - Energy (Wh) | Inv15- AC Consumption - Power (W) | Inv15- KWh/KWp (%) | Inv16- AC Production - Energy (Wh) | Inv16- AC Production - Power (W) | Inv16- AC Consumption - Energy (Wh) | Inv16- AC Consumption - Power (W) | Inv16- KWh/KWp (%) | Inv17- AC Production - Energy (Wh) | Inv17- AC Production - Power (W) | Inv17- AC Consumption - Energy (Wh) | Inv17- AC Consumption - Power (W) | Inv17- KWh/KWp (%) | Inv18- AC Production - Energy (Wh) | Inv18- AC Production - Power (W) | Inv18- AC Consumption - Energy (Wh) | Inv18- AC Consumption - Power (W) | Inv18- KWh/KWp (%) | Inv19- AC Production - Energy (Wh) | Inv19- AC Production - Power (W) | Inv19- AC Consumption - Energy (Wh) | Inv19- AC Consumption - Power (W) | Inv19- KWh/KWp (%) | Inv20- AC Production - Energy (Wh) | Inv20- AC Production - Power (W) | Inv20- AC Consumption - Energy (Wh) | Inv20- AC Consumption - Power (W) | Inv20- KWh/KWp (%) | Inv21- AC Production - Energy (Wh) | Inv21- AC Production - Power (W) | Inv21- AC Consumption - Energy (Wh) | Inv21- AC Consumption - Power (W) | Inv21- KWh/KWp (%) | Inv22- AC Production - Energy (Wh) | Inv22- AC Production - Power (W) | Inv22- AC Consumption - Energy (Wh) | Inv22- AC Consumption - Power (W) | Inv22- KWh/KWp (%) | Inv23- AC Production - Energy (Wh) | Inv23- AC Production - Power (W) | Inv23- AC Consumption - Energy (Wh) | Inv23- AC Consumption - Power (W) | Inv23- KWh/KWp (%) | Inv24- AC Production - Energy (Wh) | Inv24- AC Production - Power (W) | Inv24- AC Consumption - Energy (Wh) | Inv24- AC Consumption - Power (W) | Inv24- KWh/KWp (%) | Inv25- AC Production - Energy (Wh) | Inv25- AC Production - Power (W) | Inv25- AC Consumption - Energy (Wh) | Inv25- AC Consumption - Power (W) | Inv25- KWh/KWp (%) | Inv26- AC Production - Energy (Wh) | Inv26- AC Production - Power (W) | Inv26- AC Consumption - Energy (Wh) | Inv26- AC Consumption - Power (W) |  |  |  | Inv26- KWh/KWp (%),2016,2016,0,"%m/%d/%y, %I:%M %p:2016",2024-12-21 00:00:00,2024-12-27 23:55:00,5 minutes,OK,,combined/model dataset,PV/production markers; combined/dataset marker,
data/raw/Data to be used/Data to be used/Power/Weekly Data/AC_power_energy/Combined Production Data/Week_6.csv,697172,.csv,7d6ec1745870416910f37239fe30f7f06429c31494ebf8c08f00ee6d4487a1e0,Time | Production Energy (Wh) | Production Power (W) | Consumption Energy (Wh) | Consumption Power (W) | KWh/KWp (%) Inv1 | Production Energy (Wh) | Production Power (W) | Consumption Energy (Wh) | Consumption Power (W) | KWh/KWp (%) Inv 2 | Production Energy (Wh) | Production Power (W) | Consumption Energy (Wh) | Consumption Power (W) | KWh/KWp (%) Inv 3 | Production Energy (Wh) | Production Power (W) | Consumption Energy (Wh) | Consumption Power (W) | KWh/KWp (%) Inv 4 | Production Energy (Wh) | Production Power (W) | Consumption Energy (Wh) | Consumption Power (W) | KWh/KWp (%) Inv 5 | Production Energy (Wh) | Production Power (W) | Consumption Energy (Wh) | Consumption Power (W) | KWh/KWp (%) Inv 6 | Production Energy (Wh) | Production Power (W) | Consumption Energy (Wh) | Consumption Power (W) | KWh/KWp (%) Inv 7 | Production Energy (Wh) | Production Power (W) | Consumption Energy (Wh) | Consumption Power (W) | KWh/KWp (%) Inv 8 | Production Energy (Wh) | Production Power (W) | Consumption Energy (Wh) | Consumption Power (W) | KWh/KWp (%) Inv 9 | Production Energy (Wh) | Production Power (W) | Consumption Energy (Wh) | Consumption Power (W) | KWh/KWp (%) Inv 10 | Production Energy (Wh) | Production Power (W) | Consumption Energy (Wh) | Consumption Power (W) | KWh/KWp (%) Inv 11 | Production Energy (Wh) | Production Power (W) | Consumption Energy (Wh) | Consumption Power (W) | KWh/KWp (%) Inv 12 | Production Energy (Wh) | Production Power (W) | Consumption Energy (Wh) | Consumption Power (W) | KWh/KWp (%) Inv 13 | Production Energy (Wh) | Production Power (W) | Consumption Energy (Wh) | Consumption Power (W) | KWh/KWp (%) Inv 14 | Production Energy (Wh) | Production Power (W) | Consumption Energy (Wh) | Consumption Power (W) | KWh/KWp (%) Inv 15 | Production Energy (Wh) | Production Power (W) | Consumption Energy (Wh) | Consumption Power (W) | KWh/KWp (%) Inv 16 | Production Energy (Wh) | Production Power (W) | Consumption Energy (Wh) | Consumption Power (W) | KWh/KWp (%) Inv 17 | Production Energy (Wh) | Production Power (W) | Consumption Energy (Wh) | Consumption Power (W) | KWh/KWp (%) Inv 18 | Production Energy (Wh) | Production Power (W) | Consumption Energy (Wh) | Consumption Power (W) | KWh/KWp (%) Inv 19 | Production Energy (Wh) | Production Power (W) | Consumption Energy (Wh) | Consumption Power (W) | KWh/KWp (%) Inv 20 | Production Energy (Wh) | Production Power (W) | Consumption Energy (Wh) | Consumption Power (W) | KWh/KWp (%) Inv 21 | Production Energy (Wh) | Production Power (W) | Consumption Energy (Wh) | Consumption Power (W) | KWh/KWp (%) Inv 22 | Production Energy (Wh) | Production Power (W) | Consumption Energy (Wh) | Consumption Power (W) | KWh/KWp (%) Inv 23 | Production Energy (Wh) | Production Power (W) | Consumption Energy (Wh) | Consumption Power (W) | KWh/KWp (%) Inv 24 | Production Energy (Wh) | Production Power (W) | Consumption Energy (Wh) | Consumption Power (W) | KWh/KWp (%) Inv 25 | Production Energy (Wh) | Production Power (W) | Consumption Energy (Wh) | Consumption Power (W) | KWh/KWp (%) Inv 26,2016,2016,0,"%m/%d/%y, %I:%M %p:2016",2024-02-03 00:00:00,2024-02-09 23:55:00,5 minutes,OK,,combined/model dataset,PV/production markers; combined/dataset marker,
data/raw/Data to be used/Data to be used/Power/Weekly Data/AC_power_energy/Combined Production Data/Week_7.csv,690204,.csv,e3a7ae3ec6d354b9ac4f2555189d7d75e4b003f72199b935cc0759f936a74ff2,Time | Inv1- AC Production - Energy (Wh) | Inv1- AC Production - Power (W) | Inv1- AC Consumption - Energy (Wh) | Inv1- AC Consumption - Power (W) | Inv1- KWh/KWp (%) | Inv2- AC Production - Energy (Wh) | Inv2- AC Production - Power (W) | Inv2- AC Consumption - Energy (Wh) | Inv2- AC Consumption - Power (W) | Inv2- KWh/KWp (%) | Inv3- AC Production - Energy (Wh) | Inv3- AC Production - Power (W) | Inv3- AC Consumption - Energy (Wh) | Inv3- AC Consumption - Power (W) | Inv3- KWh/KWp (%) | Inv4- AC Production - Energy (Wh) | Inv4- AC Production - Power (W) | Inv4- AC Consumption - Energy (Wh) | Inv4- AC Consumption - Power (W) | Inv4- KWh/KWp (%) | Inv5- AC Production - Energy (Wh) | Inv5- AC Production - Power (W) | Inv5- AC Consumption - Energy (Wh) | Inv5- AC Consumption - Power (W) | Inv5- KWh/KWp (%) | Inv6- AC Production - Energy (Wh) | Inv6- AC Production - Power (W) | Inv6- AC Consumption - Energy (Wh) | Inv6- AC Consumption - Power (W) | Inv6- KWh/KWp (%) | Inv7- AC Production - Energy (Wh) | Inv7- AC Production - Power (W) | Inv7- AC Consumption - Energy (Wh) | Inv7- AC Consumption - Power (W) | Inv7- KWh/KWp (%) | Inv8- AC Production - Energy (Wh) | Inv8- AC Production - Power (W) | Inv8- AC Consumption - Energy (Wh) | Inv8- AC Consumption - Power (W) | Inv8- KWh/KWp (%) | Inv9- AC Production - Energy (Wh) | Inv9- AC Production - Power (W) | Inv9- AC Consumption - Energy (Wh) | Inv9- AC Consumption - Power (W) | Inv9- KWh/KWp (%) | Inv10- AC Production - Energy (Wh) | Inv10- AC Production - Power (W) | Inv10- AC Consumption - Energy (Wh) | Inv10- AC Consumption - Power (W) | Inv10- KWh/KWp (%) | Inv11- AC Production - Energy (Wh) | Inv11- AC Production - Power (W) | Inv11- AC Consumption - Energy (Wh) | Inv11- AC Consumption - Power (W) | Inv11- KWh/KWp (%) | Inv12- AC Production - Energy (Wh) | Inv12- AC Production - Power (W) | Inv12- AC Consumption - Energy (Wh) | Inv12- AC Consumption - Power (W) | Inv12- KWh/KWp (%) | Inv13- AC Production - Energy (Wh) | Inv13- AC Production - Power (W) | Inv13- AC Consumption - Energy (Wh) | Inv13- AC Consumption - Power (W) | Inv13- KWh/KWp (%) | Inv14- AC Production - Energy (Wh) | Inv14- AC Production - Power (W) | Inv14- AC Consumption - Energy (Wh) | Inv14- AC Consumption - Power (W) | Inv14- KWh/KWp (%) | Inv15- AC Production - Energy (Wh) | Inv15- AC Production - Power (W) | Inv15- AC Consumption - Energy (Wh) | Inv15- AC Consumption - Power (W) | Inv15- KWh/KWp (%) | Inv16- AC Production - Energy (Wh) | Inv16- AC Production - Power (W) | Inv16- AC Consumption - Energy (Wh) | Inv16- AC Consumption - Power (W) | Inv16- KWh/KWp (%) | Inv17- AC Production - Energy (Wh) | Inv17- AC Production - Power (W) | Inv17- AC Consumption - Energy (Wh) | Inv17- AC Consumption - Power (W) | Inv17- KWh/KWp (%) | Inv18- AC Production - Energy (Wh) | Inv18- AC Production - Power (W) | Inv18- AC Consumption - Energy (Wh) | Inv18- AC Consumption - Power (W) | Inv18- KWh/KWp (%) | Inv19- AC Production - Energy (Wh) | Inv19- AC Production - Power (W) | Inv19- AC Consumption - Energy (Wh) | Inv19- AC Consumption - Power (W) | Inv19- KWh/KWp (%) | Inv20- AC Production - Energy (Wh) | Inv20- AC Production - Power (W) | Inv20- AC Consumption - Energy (Wh) | Inv20- AC Consumption - Power (W) | Inv20- KWh/KWp (%) | Inv21- AC Production - Energy (Wh) | Inv21- AC Production - Power (W) | Inv21- AC Consumption - Energy (Wh) | Inv21- AC Consumption - Power (W) | Inv21- KWh/KWp (%) | Inv22- AC Production - Energy (Wh) | Inv22- AC Production - Power (W) | Inv22- AC Consumption - Energy (Wh) | Inv22- AC Consumption - Power (W) | Inv22- KWh/KWp (%) | Inv23- AC Production - Energy (Wh) | Inv23- AC Production - Power (W) | Inv23- AC Consumption - Energy (Wh) | Inv23- AC Consumption - Power (W) | Inv23- KWh/KWp (%) | Inv24- AC Production - Energy (Wh) | Inv24- AC Production - Power (W) | Inv24- AC Consumption - Energy (Wh) | Inv24- AC Consumption - Power (W) | Inv24- KWh/KWp (%) | Inv25- AC Production - Energy (Wh) | Inv25- AC Production - Power (W) | Inv25- AC Consumption - Energy (Wh) | Inv25- AC Consumption - Power (W) | Inv25- KWh/KWp (%) | Inv26- AC Production - Energy (Wh) | Inv26- AC Production - Power (W) | Inv26- AC Consumption - Energy (Wh) | Inv26- AC Consumption - Power (W) | Inv26- KWh/KWp (%),2016,2016,0,"%m/%d/%y, %I:%M %p:2016",2024-02-10 00:00:00,2024-02-16 23:55:00,5 minutes,OK,,combined/model dataset,PV/production markers; combined/dataset marker,
data/raw/Data to be used/Data to be used/Power/Weekly Data/AC_power_energy/Combined Production Data/Week_8.csv,691813,.csv,403146955ce516d0883baf095770fb5110108d1e3b785f70ba1872019cdc0102,Time | Inv1- AC Production - Energy (Wh) | Inv1- AC Production - Power (W) | Inv1- AC Consumption - Energy (Wh) | Inv1- AC Consumption - Power (W) | Inv1- KWh/KWp (%) | Inv2- AC Production - Energy (Wh) | Inv2- AC Production - Power (W) | Inv2- AC Consumption - Energy (Wh) | Inv2- AC Consumption - Power (W) | Inv2- KWh/KWp (%) | Inv3- AC Production - Energy (Wh) | Inv3- AC Production - Power (W) | Inv3- AC Consumption - Energy (Wh) | Inv3- AC Consumption - Power (W) | Inv3- KWh/KWp (%) | Inv4- AC Production - Energy (Wh) | Inv4- AC Production - Power (W) | Inv4- AC Consumption - Energy (Wh) | Inv4- AC Consumption - Power (W) | Inv4- KWh/KWp (%) | Inv5- AC Production - Energy (Wh) | Inv5- AC Production - Power (W) | Inv5- AC Consumption - Energy (Wh) | Inv5- AC Consumption - Power (W) | Inv5- KWh/KWp (%) | Inv6- AC Production - Energy (Wh) | Inv6- AC Production - Power (W) | Inv6- AC Consumption - Energy (Wh) | Inv6- AC Consumption - Power (W) | Inv6- KWh/KWp (%) | Inv7- AC Production - Energy (Wh) | Inv7- AC Production - Power (W) | Inv7- AC Consumption - Energy (Wh) | Inv7- AC Consumption - Power (W) | Inv7- KWh/KWp (%) | Inv8- AC Production - Energy (Wh) | Inv8- AC Production - Power (W) | Inv8- AC Consumption - Energy (Wh) | Inv8- AC Consumption - Power (W) | Inv8- KWh/KWp (%) | Inv9- AC Production - Energy (Wh) | Inv9- AC Production - Power (W) | Inv9- AC Consumption - Energy (Wh) | Inv9- AC Consumption - Power (W) | Inv9- KWh/KWp (%) | Inv10- AC Production - Energy (Wh) | Inv10- AC Production - Power (W) | Inv10- AC Consumption - Energy (Wh) | Inv10- AC Consumption - Power (W) | Inv10- KWh/KWp (%) | Inv11- AC Production - Energy (Wh) | Inv11- AC Production - Power (W) | Inv11- AC Consumption - Energy (Wh) | Inv11- AC Consumption - Power (W) | Inv11- KWh/KWp (%) | Inv12- AC Production - Energy (Wh) | Inv12- AC Production - Power (W) | Inv12- AC Consumption - Energy (Wh) | Inv12- AC Consumption - Power (W) | Inv12- KWh/KWp (%) | Inv13- AC Production - Energy (Wh) | Inv13- AC Production - Power (W) | Inv13- AC Consumption - Energy (Wh) | Inv13- AC Consumption - Power (W) | Inv13- KWh/KWp (%) | Inv14- AC Production - Energy (Wh) | Inv14- AC Production - Power (W) | Inv14- AC Consumption - Energy (Wh) | Inv14- AC Consumption - Power (W) | Inv14- KWh/KWp (%) | Inv15- AC Production - Energy (Wh) | Inv15- AC Production - Power (W) | Inv15- AC Consumption - Energy (Wh) | Inv15- AC Consumption - Power (W) | Inv15- KWh/KWp (%) | Inv16- AC Production - Energy (Wh) | Inv16- AC Production - Power (W) | Inv16- AC Consumption - Energy (Wh) | Inv16- AC Consumption - Power (W) | Inv16- KWh/KWp (%) | Inv17- AC Production - Energy (Wh) | Inv17- AC Production - Power (W) | Inv17- AC Consumption - Energy (Wh) | Inv17- AC Consumption - Power (W) | Inv17- KWh/KWp (%) | Inv18- AC Production - Energy (Wh) | Inv18- AC Production - Power (W) | Inv18- AC Consumption - Energy (Wh) | Inv18- AC Consumption - Power (W) | Inv18- KWh/KWp (%) | Inv19- AC Production - Energy (Wh) | Inv19- AC Production - Power (W) | Inv19- AC Consumption - Energy (Wh) | Inv19- AC Consumption - Power (W) | Inv19- KWh/KWp (%) | Inv20- AC Production - Energy (Wh) | Inv20- AC Production - Power (W) | Inv20- AC Consumption - Energy (Wh) | Inv20- AC Consumption - Power (W) | Inv20- KWh/KWp (%) | Inv21- AC Production - Energy (Wh) | Inv21- AC Production - Power (W) | Inv21- AC Consumption - Energy (Wh) | Inv21- AC Consumption - Power (W) | Inv21- KWh/KWp (%) | Inv22- AC Production - Energy (Wh) | Inv22- AC Production - Power (W) | Inv22- AC Consumption - Energy (Wh) | Inv22- AC Consumption - Power (W) | Inv22- KWh/KWp (%) | Inv23- AC Production - Energy (Wh) | Inv23- AC Production - Power (W) | Inv23- AC Consumption - Energy (Wh) | Inv23- AC Consumption - Power (W) | Inv23- KWh/KWp (%) | Inv24- AC Production - Energy (Wh) | Inv24- AC Production - Power (W) | Inv24- AC Consumption - Energy (Wh) | Inv24- AC Consumption - Power (W) | Inv24- KWh/KWp (%) | Inv25- AC Production - Energy (Wh) | Inv25- AC Production - Power (W) | Inv25- AC Consumption - Energy (Wh) | Inv25- AC Consumption - Power (W) | Inv25- KWh/KWp (%) | Inv26- AC Production - Energy (Wh) | Inv26- AC Production - Power (W) | Inv26- AC Consumption - Energy (Wh) | Inv26- AC Consumption - Power (W) | Inv26- KWh/KWp (%),2016,2016,0,"%m/%d/%y, %I:%M %p:2016",2024-02-17 00:00:00,2024-02-23 23:55:00,5 minutes,OK,,combined/model dataset,PV/production markers; combined/dataset marker,
data/raw/Data to be used/Data to be used/Power/Weekly Data/AC_power_energy/Combined Production Data/Week_9.csv,655718,.csv,954d0a34d497bb19731a13d7b65b2468f740993ea01205a3918ad7f10e0c4468,Time | Inv1- AC Production - Energy (Wh) | Inv1- AC Production - Power (W) | Inv1- AC Consumption - Energy (Wh) | Inv1- AC Consumption - Power (W) | Inv1- KWh/KWp (%) | Inv2- AC Production - Energy (Wh) | Inv2- AC Production - Power (W) | Inv2- AC Consumption - Energy (Wh) | Inv2- AC Consumption - Power (W) | Inv2- KWh/KWp (%) | Inv3- AC Production - Energy (Wh) | Inv3- AC Production - Power (W) | Inv3- AC Consumption - Energy (Wh) | Inv3- AC Consumption - Power (W) | Inv3- KWh/KWp (%) | Inv4- AC Production - Energy (Wh) | Inv4- AC Production - Power (W) | Inv4- AC Consumption - Energy (Wh) | Inv4- AC Consumption - Power (W) | Inv4- KWh/KWp (%) | Inv5- AC Production - Energy (Wh) | Inv5- AC Production - Power (W) | Inv5- AC Consumption - Energy (Wh) | Inv5- AC Consumption - Power (W) | Inv5- KWh/KWp (%) | Inv6- AC Production - Energy (Wh) | Inv6- AC Production - Power (W) | Inv6- AC Consumption - Energy (Wh) | Inv6- AC Consumption - Power (W) | Inv6- KWh/KWp (%) | Inv7- AC Production - Energy (Wh) | Inv7- AC Production - Power (W) | Inv7- AC Consumption - Energy (Wh) | Inv7- AC Consumption - Power (W) | Inv7- KWh/KWp (%) | Inv8- AC Production - Energy (Wh) | Inv8- AC Production - Power (W) | Inv8- AC Consumption - Energy (Wh) | Inv8- AC Consumption - Power (W) | Inv8- KWh/KWp (%) | Inv9- AC Production - Energy (Wh) | Inv9- AC Production - Power (W) | Inv9- AC Consumption - Energy (Wh) | Inv9- AC Consumption - Power (W) | Inv9- KWh/KWp (%) | Inv10- AC Production - Energy (Wh) | Inv10- AC Production - Power (W) | Inv10- AC Consumption - Energy (Wh) | Inv10- AC Consumption - Power (W) | Inv10- KWh/KWp (%) | Inv11- AC Production - Energy (Wh) | Inv11- AC Production - Power (W) | Inv11- AC Consumption - Energy (Wh) | Inv11- AC Consumption - Power (W) | Inv11- KWh/KWp (%) | Inv12- AC Production - Energy (Wh) | Inv12- AC Production - Power (W) | Inv12- AC Consumption - Energy (Wh) | Inv12- AC Consumption - Power (W) | Inv12- KWh/KWp (%) | Inv13- AC Production - Energy (Wh) | Inv13- AC Production - Power (W) | Inv13- AC Consumption - Energy (Wh) | Inv13- AC Consumption - Power (W) | Inv13- KWh/KWp (%) | Inv14- AC Production - Energy (Wh) | Inv14- AC Production - Power (W) | Inv14- AC Consumption - Energy (Wh) | Inv14- AC Consumption - Power (W) | Inv14- KWh/KWp (%) | Inv15- AC Production - Energy (Wh) | Inv15- AC Production - Power (W) | Inv15- AC Consumption - Energy (Wh) | Inv15- AC Consumption - Power (W) | Inv15- KWh/KWp (%) | Inv16- AC Production - Energy (Wh) | Inv16- AC Production - Power (W) | Inv16- AC Consumption - Energy (Wh) | Inv16- AC Consumption - Power (W) | Inv16- KWh/KWp (%) | Inv17- AC Production - Energy (Wh) | Inv17- AC Production - Power (W) | Inv17- AC Consumption - Energy (Wh) | Inv17- AC Consumption - Power (W) | Inv17- KWh/KWp (%) | Inv18- AC Production - Energy (Wh) | Inv18- AC Production - Power (W) | Inv18- AC Consumption - Energy (Wh) | Inv18- AC Consumption - Power (W) | Inv18- KWh/KWp (%) | Inv19- AC Production - Energy (Wh) | Inv19- AC Production - Power (W) | Inv19- AC Consumption - Energy (Wh) | Inv19- AC Consumption - Power (W) | Inv19- KWh/KWp (%) | Inv20- AC Production - Energy (Wh) | Inv20- AC Production - Power (W) | Inv20- AC Consumption - Energy (Wh) | Inv20- AC Consumption - Power (W) | Inv20- KWh/KWp (%) | Inv21- AC Production - Energy (Wh) | Inv21- AC Production - Power (W) | Inv21- AC Consumption - Energy (Wh) | Inv21- AC Consumption - Power (W) | Inv21- KWh/KWp (%) | Inv22- AC Production - Energy (Wh) | Inv22- AC Production - Power (W) | Inv22- AC Consumption - Energy (Wh) | Inv22- AC Consumption - Power (W) | Inv22- KWh/KWp (%) | Inv23- AC Production - Energy (Wh) | Inv23- AC Production - Power (W) | Inv23- AC Consumption - Energy (Wh) | Inv23- AC Consumption - Power (W) | Inv23- KWh/KWp (%) | Inv24- AC Production - Energy (Wh) | Inv24- AC Production - Power (W) | Inv24- AC Consumption - Energy (Wh) | Inv24- AC Consumption - Power (W) | Inv24- KWh/KWp (%) | Inv25- AC Production - Energy (Wh) | Inv25- AC Production - Power (W) | Inv25- AC Consumption - Energy (Wh) | Inv25- AC Consumption - Power (W) | Inv25- KWh/KWp (%) | Inv26- AC Production - Energy (Wh) | Inv26- AC Production - Power (W) | Inv26- AC Consumption - Energy (Wh) | Inv26- AC Consumption - Power (W) | Inv26- KWh/KWp (%),2016,2016,0,"%m/%d/%y, %I:%M %p:2016",2024-02-24 00:00:00,2024-03-01 23:55:00,5 minutes,OK,,combined/model dataset,PV/production markers; combined/dataset marker,
data/raw/Data to be used/Data to be used/Power/Weekly Data/AC_power_energy/Dec_week5_jan_Week_1_2024_5_AC Power_Energy.csv,56380,.csv,01566fe1e41c125e8ffa94bf8d27a8a4f857601fe47e247ed9189dede7ce6512,Time | String 1.0- Production - Energy (Wh) | Inv1- AC Production - Energy (Wh) | Inv1- AC Production - Power (W) | Inv1- AC Consumption - Energy (Wh) | Inv1- AC Consumption - Power (W) | Inv2- AC Production - Energy (Wh) | Inv2- AC Production - Power (W) | Inv2- AC Consumption - Energy (Wh) | Inv2- AC Consumption - Power (W) | Inv3- AC Production - Energy (Wh) | Inv3- AC Production - Power (W) | Inv3- AC Consumption - Energy (Wh) | Inv3- AC Consumption - Power (W) | Inv4- AC Production - Energy (Wh) | Inv4- AC Production - Power (W) | Inv4- AC Consumption - Energy (Wh) | Inv4- AC Consumption - Power (W) | Inv5- AC Production - Energy (Wh) | Inv5- AC Production - Power (W) | Inv5- AC Consumption - Energy (Wh) | Inv5- AC Consumption - Power (W) | Inv6- AC Production - Energy (Wh) | Inv6- AC Production - Power (W) | Inv6- AC Consumption - Energy (Wh) | Inv6- AC Consumption - Power (W) | Inv7- AC Production - Energy (Wh) | Inv7- AC Production - Power (W) | Inv7- AC Consumption - Energy (Wh) | Inv7- AC Consumption - Power (W) | Inv8- AC Production - Energy (Wh) | Inv8- AC Production - Power (W) | Inv8- AC Consumption - Energy (Wh) | Inv8- AC Consumption - Power (W) | Inv9- AC Production - Energy (Wh) | Inv9- AC Production - Power (W) | Inv9- AC Consumption - Energy (Wh) | Inv9- AC Consumption - Power (W) | Inv10- AC Production - Energy (Wh) | Inv10- AC Production - Power (W) | Inv10- AC Consumption - Energy (Wh) | Inv10- AC Consumption - Power (W) | Inv11- AC Production - Energy (Wh) | Inv11- AC Production - Power (W) | Inv11- AC Consumption - Energy (Wh) | Inv11- AC Consumption - Power (W) | Inv12- AC Production - Energy (Wh) | Inv12- AC Production - Power (W) | Inv12- AC Consumption - Energy (Wh) | Inv12- AC Consumption - Power (W) | Inv13- AC Production - Energy (Wh) | Inv13- AC Production - Power (W) | Inv13- AC Consumption - Energy (Wh) | Inv13- AC Consumption - Power (W) | Inv14- AC Production - Energy (Wh) | Inv14- AC Production - Power (W) | Inv14- AC Consumption - Energy (Wh) | Inv14- AC Consumption - Power (W) | Inv15- AC Production - Energy (Wh) | Inv15- AC Production - Power (W) | Inv15- AC Consumption - Energy (Wh) | Inv15- AC Consumption - Power (W) | Inv16- AC Production - Energy (Wh) | Inv16- AC Production - Power (W) | Inv16- AC Consumption - Energy (Wh) | Inv16- AC Consumption - Power (W) | Inv17- AC Production - Energy (Wh) | Inv17- AC Production - Power (W) | Inv17- AC Consumption - Energy (Wh) | Inv17- AC Consumption - Power (W) | Inv18- AC Production - Energy (Wh) | Inv18- AC Production - Power (W) | Inv18- AC Consumption - Energy (Wh) | Inv18- AC Consumption - Power (W) | Inv19- AC Production - Energy (Wh) | Inv19- AC Production - Power (W) | Inv19- AC Consumption - Energy (Wh) | Inv19- AC Consumption - Power (W) | Inv20- AC Production - Energy (Wh) | Inv20- AC Production - Power (W) | Inv20- AC Consumption - Energy (Wh) | Inv20- AC Consumption - Power (W) | Inv21- AC Production - Energy (Wh) | Inv21- AC Production - Power (W) | Inv21- AC Consumption - Energy (Wh) | Inv21- AC Consumption - Power (W) | Inv22- AC Production - Energy (Wh) | Inv22- AC Production - Power (W) | Inv22- AC Consumption - Energy (Wh) | Inv22- AC Consumption - Power (W) | Inv23- AC Production - Energy (Wh) | Inv23- AC Production - Power (W) | Inv23- AC Consumption - Energy (Wh) | Inv23- AC Consumption - Power (W) | Inv24- AC Production - Energy (Wh) | Inv24- AC Production - Power (W) | Inv24- AC Consumption - Energy (Wh) | Inv24- AC Consumption - Power (W) | Inv25- AC Production - Energy (Wh) | Inv25- AC Production - Power (W) | Inv25- AC Consumption - Energy (Wh) | Inv25- AC Consumption - Power (W) | Inv26- AC Production - Energy (Wh) | Inv26- AC Production - Power (W) | Inv26- AC Consumption - Energy (Wh) | Inv26- AC Consumption - Power (W),168,168,0,"%m/%d/%y, %I:%M %p:168",2024-12-28 00:00:00,2025-01-03 23:00:00,60 minutes,OK,,PV/production,PV/production markers,
data/raw/Data to be used/Data to be used/Power/Weekly Data/kwh_kWp/2024/Chart kWh_kwp_2024_jan-feb 01_31_2025 01_04 PM.csv,262111,.csv,7e02677620ab232ab6f4da897f03423f83e2289da9263b02e64324f2220a5b18,Time | KWh/KWp (%) Inv1 | KWh/KWp (%) Inv 2 | KWh/KWp (%) Inv 3 | KWh/KWp (%) Inv 4 | KWh/KWp (%) Inv 5 | KWh/KWp (%) Inv 6 | KWh/KWp (%) Inv 7 | KWh/KWp (%) Inv 8 | KWh/KWp (%) Inv 9 | KWh/KWp (%) Inv 10 | KWh/KWp (%) Inv 11 | KWh/KWp (%) Inv 12 | KWh/KWp (%) Inv 13 | KWh/KWp (%) Inv 14 | KWh/KWp (%) Inv 15 | KWh/KWp (%) Inv 16 | KWh/KWp (%) Inv 17 | KWh/KWp (%) Inv 18 | KWh/KWp (%) Inv 19 | KWh/KWp (%) Inv 20 | KWh/KWp (%) Inv 21 | KWh/KWp (%) Inv 22 | KWh/KWp (%) Inv 23 | KWh/KWp (%) Inv 24 | KWh/KWp (%) Inv 25 | KWh/KWp (%) Inv 26,2016,2016,0,"%m/%d/%y, %I:%M %p:2016",2024-01-27 00:00:00,2024-02-02 23:55:00,5 minutes,OK,,PV/production,PV/production markers,
data/raw/Data to be used/Data to be used/Power/Weekly Data/kwh_kWp/2024/Chart kwh_kwp_2024_week2 01_31_2025 12_53 PM.csv,270095,.csv,c152cc567a7fae6d4e89c33c94130df283dd623808e2f4907b932b6cc15a5b3d,Time | Inv1- KWh/KWp (%) | Inv2- KWh/KWp (%) | Inv3- KWh/KWp (%) | Inv4- KWh/KWp (%) | Inv5- KWh/KWp (%) | Inv6- KWh/KWp (%) | Inv7- KWh/KWp (%) | Inv8- KWh/KWp (%) | Inv9- KWh/KWp (%) | Inv10- KWh/KWp (%) | Inv11- KWh/KWp (%) | Inv12- KWh/KWp (%) | Inv13- KWh/KWp (%) | Inv14- KWh/KWp (%) | Inv15- KWh/KWp (%) | Inv16- KWh/KWp (%) | Inv17- KWh/KWp (%) | Inv18- KWh/KWp (%) | Inv19- KWh/KWp (%) | Inv20- KWh/KWp (%) | Inv21- KWh/KWp (%) | Inv22- KWh/KWp (%) | Inv23- KWh/KWp (%) | Inv24- KWh/KWp (%) | Inv25- KWh/KWp (%) | Inv26- KWh/KWp (%),2016,2016,0,"%m/%d/%y, %I:%M %p:2016",2024-01-06 00:00:00,2024-01-12 23:55:00,5 minutes,OK,,PV/production,PV/production markers,
data/raw/Data to be used/Data to be used/Power/Weekly Data/kwh_kWp/2024/Chart kWh_kWp_2024_week_1 01_31_2025 12_51 PM.csv,274695,.csv,b71236fc2058c033cf75b0ee071b44d906980296f56211408ac08e17d3dff5ae,Time | Inv1- KWh/KWp (%) | Inv2- KWh/KWp (%) | Inv3- KWh/KWp (%) | Inv4- KWh/KWp (%) | Inv5- KWh/KWp (%) | Inv6- KWh/KWp (%) | Inv7- KWh/KWp (%) | Inv8- KWh/KWp (%) | Inv9- KWh/KWp (%) | Inv10- KWh/KWp (%) | Inv11- KWh/KWp (%) | Inv12- KWh/KWp (%) | Inv13- KWh/KWp (%) | Inv14- KWh/KWp (%) | Inv15- KWh/KWp (%) | Inv16- KWh/KWp (%) | Inv17- KWh/KWp (%) | Inv18- KWh/KWp (%) | Inv19- KWh/KWp (%) | Inv20- KWh/KWp (%) | Inv21- KWh/KWp (%) | Inv22- KWh/KWp (%) | Inv23- KWh/KWp (%) | Inv24- KWh/KWp (%) | Inv25- KWh/KWp (%) | Inv26- KWh/KWp (%),2016,2016,0,"%m/%d/%y, %I:%M %p:2016",2023-12-30 00:00:00,2024-01-05 23:55:00,5 minutes,OK,,PV/production,PV/production markers,
data/raw/Data to be used/Data to be used/Power/Weekly Data/kwh_kWp/2024/Chart kWh_kwp_2024_week_10 01_31_2025 01_09 PM.csv,271975,.csv,3b042429c35c2a4fc6d61fce392bb826c9ac09ea00627800d02d3c0da6071447,Time | Inv1- KWh/KWp (%) | Inv2- KWh/KWp (%) | Inv3- KWh/KWp (%) | Inv4- KWh/KWp (%) | Inv5- KWh/KWp (%) | Inv6- KWh/KWp (%) | Inv7- KWh/KWp (%) | Inv8- KWh/KWp (%) | Inv9- KWh/KWp (%) | Inv10- KWh/KWp (%) | Inv11- KWh/KWp (%) | Inv12- KWh/KWp (%) | Inv13- KWh/KWp (%) | Inv14- KWh/KWp (%) | Inv15- KWh/KWp (%) | Inv16- KWh/KWp (%) | Inv17- KWh/KWp (%) | Inv18- KWh/KWp (%) | Inv19- KWh/KWp (%) | Inv20- KWh/KWp (%) | Inv21- KWh/KWp (%) | Inv22- KWh/KWp (%) | Inv23- KWh/KWp (%) | Inv24- KWh/KWp (%) | Inv25- KWh/KWp (%) | Inv26- KWh/KWp (%),2016,2016,0,"%m/%d/%y, %I:%M %p:2016",2024-03-02 00:00:00,2024-03-08 23:55:00,5 minutes,OK,,PV/production,PV/production markers,
data/raw/Data to be used/Data to be used/Power/Weekly Data/kwh_kWp/2024/Chart kWh_kwp_2024_week_11 01_31_2025 01_10 PM.csv,269569,.csv,2dd855587765eeca3ca70fd0f0f87f3096b26cb2831a97d95918cb0f4c0c791f,Time | Inv1- KWh/KWp (%) | Inv2- KWh/KWp (%) | Inv3- KWh/KWp (%) | Inv4- KWh/KWp (%) | Inv5- KWh/KWp (%) | Inv6- KWh/KWp (%) | Inv7- KWh/KWp (%) | Inv8- KWh/KWp (%) | Inv9- KWh/KWp (%) | Inv10- KWh/KWp (%) | Inv11- KWh/KWp (%) | Inv12- KWh/KWp (%) | Inv13- KWh/KWp (%) | Inv14- KWh/KWp (%) | Inv15- KWh/KWp (%) | Inv16- KWh/KWp (%) | Inv17- KWh/KWp (%) | Inv18- KWh/KWp (%) | Inv19- KWh/KWp (%) | Inv20- KWh/KWp (%) | Inv21- KWh/KWp (%) | Inv22- KWh/KWp (%) | Inv23- KWh/KWp (%) | Inv24- KWh/KWp (%) | Inv25- KWh/KWp (%) | Inv26- KWh/KWp (%),2016,2016,0,"%m/%d/%y, %I:%M %p:2016",2024-03-09 00:00:00,2024-03-15 23:55:00,5 minutes,OK,,PV/production,PV/production markers,
data/raw/Data to be used/Data to be used/Power/Weekly Data/kwh_kWp/2024/Chart kWh_kwp_2024_week_12 01_31_2025 01_11 PM.csv,270249,.csv,f7c051eeba889af34affe597373d756063e5a21be2779e6de11359da5ea21376,Time | Inv1- KWh/KWp (%) | Inv2- KWh/KWp (%) | Inv3- KWh/KWp (%) | Inv4- KWh/KWp (%) | Inv5- KWh/KWp (%) | Inv6- KWh/KWp (%) | Inv7- KWh/KWp (%) | Inv8- KWh/KWp (%) | Inv9- KWh/KWp (%) | Inv10- KWh/KWp (%) | Inv11- KWh/KWp (%) | Inv12- KWh/KWp (%) | Inv13- KWh/KWp (%) | Inv14- KWh/KWp (%) | Inv15- KWh/KWp (%) | Inv16- KWh/KWp (%) | Inv17- KWh/KWp (%) | Inv18- KWh/KWp (%) | Inv19- KWh/KWp (%) | Inv20- KWh/KWp (%) | Inv21- KWh/KWp (%) | Inv22- KWh/KWp (%) | Inv23- KWh/KWp (%) | Inv24- KWh/KWp (%) | Inv25- KWh/KWp (%) | Inv26- KWh/KWp (%),2016,2016,0,"%m/%d/%y, %I:%M %p:2016",2024-03-16 00:00:00,2024-03-22 23:55:00,5 minutes,OK,,PV/production,PV/production markers,
data/raw/Data to be used/Data to be used/Power/Weekly Data/kwh_kWp/2024/Chart kWh_kwp_2024_week_13 01_31_2025 01_11 PM.csv,267414,.csv,7eb89ed39c19c50f573d95387f5b9f8986b3aad369179ed2012116e7ef355b60,Time | Inv1- KWh/KWp (%) | Inv2- KWh/KWp (%) | Inv3- KWh/KWp (%) | Inv4- KWh/KWp (%) | Inv5- KWh/KWp (%) | Inv6- KWh/KWp (%) | Inv7- KWh/KWp (%) | Inv8- KWh/KWp (%) | Inv9- KWh/KWp (%) | Inv10- KWh/KWp (%) | Inv11- KWh/KWp (%) | Inv12- KWh/KWp (%) | Inv13- KWh/KWp (%) | Inv14- KWh/KWp (%) | Inv15- KWh/KWp (%) | Inv16- KWh/KWp (%) | Inv17- KWh/KWp (%) | Inv18- KWh/KWp (%) | Inv19- KWh/KWp (%) | Inv20- KWh/KWp (%) | Inv21- KWh/KWp (%) | Inv22- KWh/KWp (%) | Inv23- KWh/KWp (%) | Inv24- KWh/KWp (%) | Inv25- KWh/KWp (%) | Inv26- KWh/KWp (%),2016,2016,0,"%m/%d/%y, %I:%M %p:2016",2024-03-23 00:00:00,2024-03-29 23:55:00,5 minutes,OK,,PV/production,PV/production markers,
data/raw/Data to be used/Data to be used/Power/Weekly Data/kwh_kWp/2024/Chart kWh_kwp_2024_week_14 01_31_2025 01_12 PM.csv,259654,.csv,d3f20f5d63a353646073ba19a046d63e3bc6b83a0f2b5ca5299735318d7bb3b0,Time | Inv1- KWh/KWp (%) | Inv2- KWh/KWp (%) | Inv3- KWh/KWp (%) | Inv4- KWh/KWp (%) | Inv5- KWh/KWp (%) | Inv6- KWh/KWp (%) | Inv7- KWh/KWp (%) | Inv8- KWh/KWp (%) | Inv9- KWh/KWp (%) | Inv10- KWh/KWp (%) | Inv11- KWh/KWp (%) | Inv12- KWh/KWp (%) | Inv13- KWh/KWp (%) | Inv14- KWh/KWp (%) | Inv15- KWh/KWp (%) | Inv16- KWh/KWp (%) | Inv17- KWh/KWp (%) | Inv18- KWh/KWp (%) | Inv19- KWh/KWp (%) | Inv20- KWh/KWp (%) | Inv21- KWh/KWp (%) | Inv22- KWh/KWp (%) | Inv23- KWh/KWp (%) | Inv24- KWh/KWp (%) | Inv25- KWh/KWp (%) | Inv26- KWh/KWp (%),2016,2016,0,"%m/%d/%y, %I:%M %p:2016",2024-03-30 00:00:00,2024-04-05 23:55:00,5 minutes,OK,,PV/production,PV/production markers,
data/raw/Data to be used/Data to be used/Power/Weekly Data/kwh_kWp/2024/Chart kWh_kwp_2024_week_15 01_31_2025 01_12 PM.csv,257421,.csv,e10e26e803fa9a6191ba92f9467d50188462dc55365d4e2062f0da3b16550a78,Time | Inv1- KWh/KWp (%) | Inv2- KWh/KWp (%) | Inv3- KWh/KWp (%) | Inv4- KWh/KWp (%) | Inv5- KWh/KWp (%) | Inv6- KWh/KWp (%) | Inv7- KWh/KWp (%) | Inv8- KWh/KWp (%) | Inv9- KWh/KWp (%) | Inv10- KWh/KWp (%) | Inv11- KWh/KWp (%) | Inv12- KWh/KWp (%) | Inv13- KWh/KWp (%) | Inv14- KWh/KWp (%) | Inv15- KWh/KWp (%) | Inv16- KWh/KWp (%) | Inv17- KWh/KWp (%) | Inv18- KWh/KWp (%) | Inv19- KWh/KWp (%) | Inv20- KWh/KWp (%) | Inv21- KWh/KWp (%) | Inv22- KWh/KWp (%) | Inv23- KWh/KWp (%) | Inv24- KWh/KWp (%) | Inv25- KWh/KWp (%) | Inv26- KWh/KWp (%),2016,2016,0,"%m/%d/%y, %I:%M %p:2016",2024-04-06 00:00:00,2024-04-12 23:55:00,5 minutes,OK,,PV/production,PV/production markers,
data/raw/Data to be used/Data to be used/Power/Weekly Data/kwh_kWp/2024/Chart kWh_kwp_2024_week_16 01_31_2025 01_13 PM.csv,261974,.csv,c5378cca32eecfdc5fdfd9f327d9ba716ac694b60bbdfd4864e98a85fc0b8442,Time | Inv1- KWh/KWp (%) | Inv2- KWh/KWp (%) | Inv3- KWh/KWp (%) | Inv4- KWh/KWp (%) | Inv5- KWh/KWp (%) | Inv6- KWh/KWp (%) | Inv7- KWh/KWp (%) | Inv8- KWh/KWp (%) | Inv9- KWh/KWp (%) | Inv10- KWh/KWp (%) | Inv11- KWh/KWp (%) | Inv12- KWh/KWp (%) | Inv13- KWh/KWp (%) | Inv14- KWh/KWp (%) | Inv15- KWh/KWp (%) | Inv16- KWh/KWp (%) | Inv17- KWh/KWp (%) | Inv18- KWh/KWp (%) | Inv19- KWh/KWp (%) | Inv20- KWh/KWp (%) | Inv21- KWh/KWp (%) | Inv22- KWh/KWp (%) | Inv23- KWh/KWp (%) | Inv24- KWh/KWp (%) | Inv25- KWh/KWp (%) | Inv26- KWh/KWp (%),2016,2016,0,"%m/%d/%y, %I:%M %p:2016",2024-04-13 00:00:00,2024-04-19 23:55:00,5 minutes,OK,,PV/production,PV/production markers,
data/raw/Data to be used/Data to be used/Power/Weekly Data/kwh_kWp/2024/Chart kWh_kwp_2024_week_17 01_31_2025 01_14 PM.csv,246298,.csv,d034c4e21052079fa5a65c7cf8d7983b2db3d6576f057206cf640c957f56fdcb,Time | Inv1- KWh/KWp (%) | Inv2- KWh/KWp (%) | Inv3- KWh/KWp (%) | Inv4- KWh/KWp (%) | Inv5- KWh/KWp (%) | Inv6- KWh/KWp (%) | Inv7- KWh/KWp (%) | Inv8- KWh/KWp (%) | Inv9- KWh/KWp (%) | Inv10- KWh/KWp (%) | Inv11- KWh/KWp (%) | Inv12- KWh/KWp (%) | Inv13- KWh/KWp (%) | Inv14- KWh/KWp (%) | Inv15- KWh/KWp (%) | Inv16- KWh/KWp (%) | Inv17- KWh/KWp (%) | Inv18- KWh/KWp (%) | Inv19- KWh/KWp (%) | Inv20- KWh/KWp (%) | Inv21- KWh/KWp (%) | Inv22- KWh/KWp (%) | Inv23- KWh/KWp (%) | Inv24- KWh/KWp (%) | Inv25- KWh/KWp (%) | Inv26- KWh/KWp (%),2016,2016,0,"%m/%d/%y, %I:%M %p:2016",2024-04-20 00:00:00,2024-04-26 23:55:00,5 minutes,OK,,PV/production,PV/production markers,
data/raw/Data to be used/Data to be used/Power/Weekly Data/kwh_kWp/2024/Chart kWh_kwp_2024_week_18 01_31_2025 01_15 PM.csv,243022,.csv,49cee940e2a365668b6acbdd2ad3ec93b6273c9e63318f2fdc5362316dbed1c1,Time | Inv1- KWh/KWp (%) | Inv2- KWh/KWp (%) | Inv3- KWh/KWp (%) | Inv4- KWh/KWp (%) | Inv5- KWh/KWp (%) | Inv6- KWh/KWp (%) | Inv7- KWh/KWp (%) | Inv8- KWh/KWp (%) | Inv9- KWh/KWp (%) | Inv10- KWh/KWp (%) | Inv11- KWh/KWp (%) | Inv12- KWh/KWp (%) | Inv13- KWh/KWp (%) | Inv14- KWh/KWp (%) | Inv15- KWh/KWp (%) | Inv16- KWh/KWp (%) | Inv17- KWh/KWp (%) | Inv18- KWh/KWp (%) | Inv19- KWh/KWp (%) | Inv20- KWh/KWp (%) | Inv21- KWh/KWp (%) | Inv22- KWh/KWp (%) | Inv23- KWh/KWp (%) | Inv24- KWh/KWp (%) | Inv25- KWh/KWp (%) | Inv26- KWh/KWp (%),2016,2016,0,"%m/%d/%y, %I:%M %p:2016",2024-04-27 00:00:00,2024-05-03 23:55:00,5 minutes,OK,,PV/production,PV/production markers,
data/raw/Data to be used/Data to be used/Power/Weekly Data/kwh_kWp/2024/Chart kWh_kwp_2024_week_19 01_31_2025 01_15 PM.csv,255346,.csv,e20a2c1453231daf3a99bfe402a2f75f8675729dcd5e1f6b03288c94877d6cce,Time | Inv1- KWh/KWp (%) | Inv2- KWh/KWp (%) | Inv3- KWh/KWp (%) | Inv4- KWh/KWp (%) | Inv5- KWh/KWp (%) | Inv6- KWh/KWp (%) | Inv7- KWh/KWp (%) | Inv8- KWh/KWp (%) | Inv9- KWh/KWp (%) | Inv10- KWh/KWp (%) | Inv11- KWh/KWp (%) | Inv12- KWh/KWp (%) | Inv13- KWh/KWp (%) | Inv14- KWh/KWp (%) | Inv15- KWh/KWp (%) | Inv16- KWh/KWp (%) | Inv17- KWh/KWp (%) | Inv18- KWh/KWp (%) | Inv19- KWh/KWp (%) | Inv20- KWh/KWp (%) | Inv21- KWh/KWp (%) | Inv22- KWh/KWp (%) | Inv23- KWh/KWp (%) | Inv24- KWh/KWp (%) | Inv25- KWh/KWp (%) | Inv26- KWh/KWp (%),2016,2016,0,"%m/%d/%y, %I:%M %p:2016",2024-05-04 00:00:00,2024-05-10 23:55:00,5 minutes,OK,,PV/production,PV/production markers,
data/raw/Data to be used/Data to be used/Power/Weekly Data/kwh_kWp/2024/Chart kWh_kwp_2024_week_20 01_31_2025 01_16 PM.csv,268033,.csv,0ef45758d1e3d459d537578a8cfefe6b6a47f2d9218512fe8fdb84f3cd3a7d46,Time | Inv1- KWh/KWp (%) | Inv2- KWh/KWp (%) | Inv3- KWh/KWp (%) | Inv4- KWh/KWp (%) | Inv5- KWh/KWp (%) | Inv6- KWh/KWp (%) | Inv7- KWh/KWp (%) | Inv8- KWh/KWp (%) | Inv9- KWh/KWp (%) | Inv10- KWh/KWp (%) | Inv11- KWh/KWp (%) | Inv12- KWh/KWp (%) | Inv13- KWh/KWp (%) | Inv14- KWh/KWp (%) | Inv15- KWh/KWp (%) | Inv16- KWh/KWp (%) | Inv17- KWh/KWp (%) | Inv18- KWh/KWp (%) | Inv19- KWh/KWp (%) | Inv20- KWh/KWp (%) | Inv21- KWh/KWp (%) | Inv22- KWh/KWp (%) | Inv23- KWh/KWp (%) | Inv24- KWh/KWp (%) | Inv25- KWh/KWp (%) | Inv26- KWh/KWp (%),2016,2016,0,"%m/%d/%y, %I:%M %p:2016",2024-05-11 00:00:00,2024-05-17 23:55:00,5 minutes,OK,,PV/production,PV/production markers,
data/raw/Data to be used/Data to be used/Power/Weekly Data/kwh_kWp/2024/Chart kWh_kwp_2024_week_21 01_31_2025 01_17 PM.csv,276710,.csv,4a2ccffebf7a689303716440ce3a02c802467cbe3504b0023abd323282c66482,Time | Inv1- KWh/KWp (%) | Inv2- KWh/KWp (%) | Inv3- KWh/KWp (%) | Inv4- KWh/KWp (%) | Inv5- KWh/KWp (%) | Inv6- KWh/KWp (%) | Inv7- KWh/KWp (%) | Inv8- KWh/KWp (%) | Inv9- KWh/KWp (%) | Inv10- KWh/KWp (%) | Inv11- KWh/KWp (%) | Inv12- KWh/KWp (%) | Inv13- KWh/KWp (%) | Inv14- KWh/KWp (%) | Inv15- KWh/KWp (%) | Inv16- KWh/KWp (%) | Inv17- KWh/KWp (%) | Inv18- KWh/KWp (%) | Inv19- KWh/KWp (%) | Inv20- KWh/KWp (%) | Inv21- KWh/KWp (%) | Inv22- KWh/KWp (%) | Inv23- KWh/KWp (%) | Inv24- KWh/KWp (%) | Inv25- KWh/KWp (%) | Inv26- KWh/KWp (%),2016,2016,0,"%m/%d/%y, %I:%M %p:2016",2024-05-18 00:00:00,2024-05-24 23:55:00,5 minutes,OK,,PV/production,PV/production markers,
data/raw/Data to be used/Data to be used/Power/Weekly Data/kwh_kWp/2024/Chart kWh_kwp_2024_week_22 01_31_2025 01_17 PM.csv,274617,.csv,52d8107f882092d68fbd1ab49fa37bcfe01b49a2dcab5653de21b2dfeef4dacd,Time | Inv1- KWh/KWp (%) | Inv2- KWh/KWp (%) | Inv3- KWh/KWp (%) | Inv4- KWh/KWp (%) | Inv5- KWh/KWp (%) | Inv6- KWh/KWp (%) | Inv7- KWh/KWp (%) | Inv8- KWh/KWp (%) | Inv9- KWh/KWp (%) | Inv10- KWh/KWp (%) | Inv11- KWh/KWp (%) | Inv12- KWh/KWp (%) | Inv13- KWh/KWp (%) | Inv14- KWh/KWp (%) | Inv15- KWh/KWp (%) | Inv16- KWh/KWp (%) | Inv17- KWh/KWp (%) | Inv18- KWh/KWp (%) | Inv19- KWh/KWp (%) | Inv20- KWh/KWp (%) | Inv21- KWh/KWp (%) | Inv22- KWh/KWp (%) | Inv23- KWh/KWp (%) | Inv24- KWh/KWp (%) | Inv25- KWh/KWp (%) | Inv26- KWh/KWp (%),2016,2016,0,"%m/%d/%y, %I:%M %p:2016",2024-05-25 00:00:00,2024-05-31 23:55:00,5 minutes,OK,,PV/production,PV/production markers,
data/raw/Data to be used/Data to be used/Power/Weekly Data/kwh_kWp/2024/Chart kWh_kwp_2024_week_23 01_31_2025 01_18 PM.csv,268997,.csv,04516cbf3605ccbf8a4d90f776d3f2706f1008297c8588fb7a13c3829e39071c,Time | Inv1- KWh/KWp (%) | Inv2- KWh/KWp (%) | Inv3- KWh/KWp (%) | Inv4- KWh/KWp (%) | Inv5- KWh/KWp (%) | Inv6- KWh/KWp (%) | Inv7- KWh/KWp (%) | Inv8- KWh/KWp (%) | Inv9- KWh/KWp (%) | Inv10- KWh/KWp (%) | Inv11- KWh/KWp (%) | Inv12- KWh/KWp (%) | Inv13- KWh/KWp (%) | Inv14- KWh/KWp (%) | Inv15- KWh/KWp (%) | Inv16- KWh/KWp (%) | Inv17- KWh/KWp (%) | Inv18- KWh/KWp (%) | Inv19- KWh/KWp (%) | Inv20- KWh/KWp (%) | Inv21- KWh/KWp (%) | Inv22- KWh/KWp (%) | Inv23- KWh/KWp (%) | Inv24- KWh/KWp (%) | Inv25- KWh/KWp (%) | Inv26- KWh/KWp (%),2016,2016,0,"%m/%d/%y, %I:%M %p:2016",2024-06-01 00:00:00,2024-06-07 23:55:00,5 minutes,OK,,PV/production,PV/production markers,
data/raw/Data to be used/Data to be used/Power/Weekly Data/kwh_kWp/2024/Chart kWh_kwp_2024_week_24 01_31_2025 01_18 PM.csv,266064,.csv,ca038dbeaa96cf93cc974d0dc7259d11d0f299f75c0200e72722070b984e913c,Time | Inv1- KWh/KWp (%) | Inv2- KWh/KWp (%) | Inv3- KWh/KWp (%) | Inv4- KWh/KWp (%) | Inv5- KWh/KWp (%) | Inv6- KWh/KWp (%) | Inv7- KWh/KWp (%) | Inv8- KWh/KWp (%) | Inv9- KWh/KWp (%) | Inv10- KWh/KWp (%) | Inv11- KWh/KWp (%) | Inv12- KWh/KWp (%) | Inv13- KWh/KWp (%) | Inv14- KWh/KWp (%) | Inv15- KWh/KWp (%) | Inv16- KWh/KWp (%) | Inv17- KWh/KWp (%) | Inv18- KWh/KWp (%) | Inv19- KWh/KWp (%) | Inv20- KWh/KWp (%) | Inv21- KWh/KWp (%) | Inv22- KWh/KWp (%) | Inv23- KWh/KWp (%) | Inv24- KWh/KWp (%) | Inv25- KWh/KWp (%) | Inv26- KWh/KWp (%),2016,2016,0,"%m/%d/%y, %I:%M %p:2016",2024-06-08 00:00:00,2024-06-14 23:55:00,5 minutes,OK,,PV/production,PV/production markers,
data/raw/Data to be used/Data to be used/Power/Weekly Data/kwh_kWp/2024/Chart kWh_kwp_2024_week_25 01_31_2025 01_19 PM.csv,270282,.csv,273ef4faf094578bb02bf845d90819497a992e785fd94f40583054f5ce1c66a6,Time | Inv1- KWh/KWp (%) | Inv2- KWh/KWp (%) | Inv3- KWh/KWp (%) | Inv4- KWh/KWp (%) | Inv5- KWh/KWp (%) | Inv6- KWh/KWp (%) | Inv7- KWh/KWp (%) | Inv8- KWh/KWp (%) | Inv9- KWh/KWp (%) | Inv10- KWh/KWp (%) | Inv11- KWh/KWp (%) | Inv12- KWh/KWp (%) | Inv13- KWh/KWp (%) | Inv14- KWh/KWp (%) | Inv15- KWh/KWp (%) | Inv16- KWh/KWp (%) | Inv17- KWh/KWp (%) | Inv18- KWh/KWp (%) | Inv19- KWh/KWp (%) | Inv20- KWh/KWp (%) | Inv21- KWh/KWp (%) | Inv22- KWh/KWp (%) | Inv23- KWh/KWp (%) | Inv24- KWh/KWp (%) | Inv25- KWh/KWp (%) | Inv26- KWh/KWp (%),2016,2016,0,"%m/%d/%y, %I:%M %p:2016",2024-06-15 00:00:00,2024-06-21 23:55:00,5 minutes,OK,,PV/production,PV/production markers,
data/raw/Data to be used/Data to be used/Power/Weekly Data/kwh_kWp/2024/Chart kWh_kwp_2024_week_26 01_31_2025 01_20 PM.csv,270091,.csv,dd9de776ee246f7fe91b5b1c3f43c9cdb877079de68e12b8b80de722b3e42f8f,Time | Inv1- KWh/KWp (%) | Inv2- KWh/KWp (%) | Inv3- KWh/KWp (%) | Inv4- KWh/KWp (%) | Inv5- KWh/KWp (%) | Inv6- KWh/KWp (%) | Inv7- KWh/KWp (%) | Inv8- KWh/KWp (%) | Inv9- KWh/KWp (%) | Inv10- KWh/KWp (%) | Inv11- KWh/KWp (%) | Inv12- KWh/KWp (%) | Inv13- KWh/KWp (%) | Inv14- KWh/KWp (%) | Inv15- KWh/KWp (%) | Inv16- KWh/KWp (%) | Inv17- KWh/KWp (%) | Inv18- KWh/KWp (%) | Inv19- KWh/KWp (%) | Inv20- KWh/KWp (%) | Inv21- KWh/KWp (%) | Inv22- KWh/KWp (%) | Inv23- KWh/KWp (%) | Inv24- KWh/KWp (%) | Inv25- KWh/KWp (%) | Inv26- KWh/KWp (%),2016,2016,0,"%m/%d/%y, %I:%M %p:2016",2024-06-22 00:00:00,2024-06-28 23:55:00,5 minutes,OK,,PV/production,PV/production markers,
data/raw/Data to be used/Data to be used/Power/Weekly Data/kwh_kWp/2024/Chart kWh_kwp_2024_week_27 01_31_2025 01_20 PM.csv,262897,.csv,0fd83ef6ec64462aed0181f02f22d7e763876a01d078913166d7835a64797e57,Time | Inv1- KWh/KWp (%) | Inv2- KWh/KWp (%) | Inv3- KWh/KWp (%) | Inv4- KWh/KWp (%) | Inv5- KWh/KWp (%) | Inv6- KWh/KWp (%) | Inv7- KWh/KWp (%) | Inv8- KWh/KWp (%) | Inv9- KWh/KWp (%) | Inv10- KWh/KWp (%) | Inv11- KWh/KWp (%) | Inv12- KWh/KWp (%) | Inv13- KWh/KWp (%) | Inv14- KWh/KWp (%) | Inv15- KWh/KWp (%) | Inv16- KWh/KWp (%) | Inv17- KWh/KWp (%) | Inv18- KWh/KWp (%) | Inv19- KWh/KWp (%) | Inv20- KWh/KWp (%) | Inv21- KWh/KWp (%) | Inv22- KWh/KWp (%) | Inv23- KWh/KWp (%) | Inv24- KWh/KWp (%) | Inv25- KWh/KWp (%) | Inv26- KWh/KWp (%),2016,2016,0,"%m/%d/%y, %I:%M %p:2016",2024-06-29 00:00:00,2024-07-05 23:55:00,5 minutes,OK,,PV/production,PV/production markers,
data/raw/Data to be used/Data to be used/Power/Weekly Data/kwh_kWp/2024/Chart kWh_kwp_2024_week_28 01_31_2025 01_20 PM.csv,257051,.csv,d1821c3ac3171c6bdf646c0f1d6bad289f52c6bd6e5ec7bc67fe576a21204dd9,Time | Inv1- KWh/KWp (%) | Inv2- KWh/KWp (%) | Inv3- KWh/KWp (%) | Inv4- KWh/KWp (%) | Inv5- KWh/KWp (%) | Inv6- KWh/KWp (%) | Inv7- KWh/KWp (%) | Inv8- KWh/KWp (%) | Inv9- KWh/KWp (%) | Inv10- KWh/KWp (%) | Inv11- KWh/KWp (%) | Inv12- KWh/KWp (%) | Inv13- KWh/KWp (%) | Inv14- KWh/KWp (%) | Inv15- KWh/KWp (%) | Inv16- KWh/KWp (%) | Inv17- KWh/KWp (%) | Inv18- KWh/KWp (%) | Inv19- KWh/KWp (%) | Inv20- KWh/KWp (%) | Inv21- KWh/KWp (%) | Inv22- KWh/KWp (%) | Inv23- KWh/KWp (%) | Inv24- KWh/KWp (%) | Inv25- KWh/KWp (%) | Inv26- KWh/KWp (%),2016,2016,0,"%m/%d/%y, %I:%M %p:2016",2024-07-06 00:00:00,2024-07-12 23:55:00,5 minutes,OK,,PV/production,PV/production markers,
data/raw/Data to be used/Data to be used/Power/Weekly Data/kwh_kWp/2024/Chart kWh_kwp_2024_week_29 01_31_2025 01_21 PM.csv,313285,.csv,0307b271da914383267ce26f9c282e936943659a296191db1590c03aa9f1032f,Time | Inv1- KWh/KWp (%) | Inv2- KWh/KWp (%) | Inv3- KWh/KWp (%) | Inv4- KWh/KWp (%) | Inv5- KWh/KWp (%) | Inv6- KWh/KWp (%) | Inv7- KWh/KWp (%) | Inv8- KWh/KWp (%) | Inv9- KWh/KWp (%) | Inv10- KWh/KWp (%) | Inv11- KWh/KWp (%) | Inv12- KWh/KWp (%) | Inv13- KWh/KWp (%) | Inv14- KWh/KWp (%) | Inv15- KWh/KWp (%) | Inv16- KWh/KWp (%) | Inv17- KWh/KWp (%) | Inv18- KWh/KWp (%) | Inv19- KWh/KWp (%) | Inv20- KWh/KWp (%) | Inv21- KWh/KWp (%) | Inv22- KWh/KWp (%) | Inv23- KWh/KWp (%) | Inv24- KWh/KWp (%) | Inv25- KWh/KWp (%) | Inv26- KWh/KWp (%),2016,2016,0,"%m/%d/%y, %I:%M %p:2016",2024-07-13 00:00:00,2024-07-19 23:55:00,5 minutes,OK,,PV/production,PV/production markers,
data/raw/Data to be used/Data to be used/Power/Weekly Data/kwh_kWp/2024/Chart kWh_kwp_2024_week_3 01_31_2025 12_54 PM.csv,271327,.csv,a7c026cee7f65417ad3aca81ca6079109c33fe8d863d4343de4439c975431fdd,Time | Inv1- KWh/KWp (%) | Inv2- KWh/KWp (%) | Inv3- KWh/KWp (%) | Inv4- KWh/KWp (%) | Inv5- KWh/KWp (%) | Inv6- KWh/KWp (%) | Inv7- KWh/KWp (%) | Inv8- KWh/KWp (%) | Inv9- KWh/KWp (%) | Inv10- KWh/KWp (%) | Inv11- KWh/KWp (%) | Inv12- KWh/KWp (%) | Inv13- KWh/KWp (%) | Inv14- KWh/KWp (%) | Inv15- KWh/KWp (%) | Inv16- KWh/KWp (%) | Inv17- KWh/KWp (%) | Inv18- KWh/KWp (%) | Inv19- KWh/KWp (%) | Inv20- KWh/KWp (%) | Inv21- KWh/KWp (%) | Inv22- KWh/KWp (%) | Inv23- KWh/KWp (%) | Inv24- KWh/KWp (%) | Inv25- KWh/KWp (%) | Inv26- KWh/KWp (%),2016,2016,0,"%m/%d/%y, %I:%M %p:2016",2024-01-13 00:00:00,2024-01-19 23:55:00,5 minutes,OK,,PV/production,PV/production markers,
data/raw/Data to be used/Data to be used/Power/Weekly Data/kwh_kWp/2024/Chart kWh_kwp_2024_week_30 01_31_2025 01_22 PM.csv,315671,.csv,dc376fafab1fe36bd9e1a94d1ae89dae112da893e2f15729e543bc55bb9891fb,Time | Inv1- KWh/KWp (%) | Inv2- KWh/KWp (%) | Inv3- KWh/KWp (%) | Inv4- KWh/KWp (%) | Inv5- KWh/KWp (%) | Inv6- KWh/KWp (%) | Inv7- KWh/KWp (%) | Inv8- KWh/KWp (%) | Inv9- KWh/KWp (%) | Inv10- KWh/KWp (%) | Inv11- KWh/KWp (%) | Inv12- KWh/KWp (%) | Inv13- KWh/KWp (%) | Inv14- KWh/KWp (%) | Inv15- KWh/KWp (%) | Inv16- KWh/KWp (%) | Inv17- KWh/KWp (%) | Inv18- KWh/KWp (%) | Inv19- KWh/KWp (%) | Inv20- KWh/KWp (%) | Inv21- KWh/KWp (%) | Inv22- KWh/KWp (%) | Inv23- KWh/KWp (%) | Inv24- KWh/KWp (%) | Inv25- KWh/KWp (%) | Inv26- KWh/KWp (%),2016,2016,0,"%m/%d/%y, %I:%M %p:2016",2024-07-20 00:00:00,2024-07-26 23:55:00,5 minutes,OK,,PV/production,PV/production markers,
data/raw/Data to be used/Data to be used/Power/Weekly Data/kwh_kWp/2024/Chart kWh_kwp_2024_week_31 01_31_2025 01_22 PM.csv,320693,.csv,0cd93570f78d6b8e10a6bb27c55fe0c34b5b8a5b09c28eba00636dd906ff2ce3,Time | Inv1- KWh/KWp (%) | Inv2- KWh/KWp (%) | Inv3- KWh/KWp (%) | Inv4- KWh/KWp (%) | Inv5- KWh/KWp (%) | Inv6- KWh/KWp (%) | Inv7- KWh/KWp (%) | Inv8- KWh/KWp (%) | Inv9- KWh/KWp (%) | Inv10- KWh/KWp (%) | Inv11- KWh/KWp (%) | Inv12- KWh/KWp (%) | Inv13- KWh/KWp (%) | Inv14- KWh/KWp (%) | Inv15- KWh/KWp (%) | Inv16- KWh/KWp (%) | Inv17- KWh/KWp (%) | Inv18- KWh/KWp (%) | Inv19- KWh/KWp (%) | Inv20- KWh/KWp (%) | Inv21- KWh/KWp (%) | Inv22- KWh/KWp (%) | Inv23- KWh/KWp (%) | Inv24- KWh/KWp (%) | Inv25- KWh/KWp (%) | Inv26- KWh/KWp (%),2016,2016,0,"%m/%d/%y, %I:%M %p:2016",2024-07-27 00:00:00,2024-08-02 23:55:00,5 minutes,OK,,PV/production,PV/production markers,
data/raw/Data to be used/Data to be used/Power/Weekly Data/kwh_kWp/2024/Chart kWh_kwp_2024_week_32 01_31_2025 01_23 PM.csv,315164,.csv,e0087be3907eb4dd917aa63555eb57191688f9277553e9d7f962532532060718,Time | Inv1- KWh/KWp (%) | Inv2- KWh/KWp (%) | Inv3- KWh/KWp (%) | Inv4- KWh/KWp (%) | Inv5- KWh/KWp (%) | Inv6- KWh/KWp (%) | Inv7- KWh/KWp (%) | Inv8- KWh/KWp (%) | Inv9- KWh/KWp (%) | Inv10- KWh/KWp (%) | Inv11- KWh/KWp (%) | Inv12- KWh/KWp (%) | Inv13- KWh/KWp (%) | Inv14- KWh/KWp (%) | Inv15- KWh/KWp (%) | Inv16- KWh/KWp (%) | Inv17- KWh/KWp (%) | Inv18- KWh/KWp (%) | Inv19- KWh/KWp (%) | Inv20- KWh/KWp (%) | Inv21- KWh/KWp (%) | Inv22- KWh/KWp (%) | Inv23- KWh/KWp (%) | Inv24- KWh/KWp (%) | Inv25- KWh/KWp (%) | Inv26- KWh/KWp (%),2016,2016,0,"%m/%d/%y, %I:%M %p:2016",2024-08-03 00:00:00,2024-08-09 23:55:00,5 minutes,OK,,PV/production,PV/production markers,
data/raw/Data to be used/Data to be used/Power/Weekly Data/kwh_kWp/2024/Chart kWh_kwp_2024_week_33 01_31_2025 01_23 PM.csv,326505,.csv,bd7b6b71a877bbdb914abf52aa4795b144e9717d1a6d136444275bc39fe603e9,Time | Inv1- KWh/KWp (%) | Inv2- KWh/KWp (%) | Inv3- KWh/KWp (%) | Inv4- KWh/KWp (%) | Inv5- KWh/KWp (%) | Inv6- KWh/KWp (%) | Inv7- KWh/KWp (%) | Inv8- KWh/KWp (%) | Inv9- KWh/KWp (%) | Inv10- KWh/KWp (%) | Inv11- KWh/KWp (%) | Inv12- KWh/KWp (%) | Inv13- KWh/KWp (%) | Inv14- KWh/KWp (%) | Inv15- KWh/KWp (%) | Inv16- KWh/KWp (%) | Inv17- KWh/KWp (%) | Inv18- KWh/KWp (%) | Inv19- KWh/KWp (%) | Inv20- KWh/KWp (%) | Inv21- KWh/KWp (%) | Inv22- KWh/KWp (%) | Inv23- KWh/KWp (%) | Inv24- KWh/KWp (%) | Inv25- KWh/KWp (%) | Inv26- KWh/KWp (%),2016,2016,0,"%m/%d/%y, %I:%M %p:2016",2024-08-10 00:00:00,2024-08-16 23:55:00,5 minutes,OK,,PV/production,PV/production markers,
data/raw/Data to be used/Data to be used/Power/Weekly Data/kwh_kWp/2024/Chart kWh_kwp_2024_week_34 01_31_2025 01_23 PM.csv,323171,.csv,42d0191374e0876a54cb20fe30dfa85288104b3115e2cc3f8ece2c84a1f801af,Time | Inv1- KWh/KWp (%) | Inv2- KWh/KWp (%) | Inv3- KWh/KWp (%) | Inv4- KWh/KWp (%) | Inv5- KWh/KWp (%) | Inv6- KWh/KWp (%) | Inv7- KWh/KWp (%) | Inv8- KWh/KWp (%) | Inv9- KWh/KWp (%) | Inv10- KWh/KWp (%) | Inv11- KWh/KWp (%) | Inv12- KWh/KWp (%) | Inv13- KWh/KWp (%) | Inv14- KWh/KWp (%) | Inv15- KWh/KWp (%) | Inv16- KWh/KWp (%) | Inv17- KWh/KWp (%) | Inv18- KWh/KWp (%) | Inv19- KWh/KWp (%) | Inv20- KWh/KWp (%) | Inv21- KWh/KWp (%) | Inv22- KWh/KWp (%) | Inv23- KWh/KWp (%) | Inv24- KWh/KWp (%) | Inv25- KWh/KWp (%) | Inv26- KWh/KWp (%),2016,2016,0,"%m/%d/%y, %I:%M %p:2016",2024-08-17 00:00:00,2024-08-23 23:55:00,5 minutes,OK,,PV/production,PV/production markers,
data/raw/Data to be used/Data to be used/Power/Weekly Data/kwh_kWp/2024/Chart kWh_kwp_2024_week_35 01_31_2025 01_24 PM.csv,317727,.csv,6d1d158243cb7809449fb038401e1fe62c172527c6c83d8e28bd2dd47dd4f3ae,Time | Inv1- KWh/KWp (%) | Inv2- KWh/KWp (%) | Inv3- KWh/KWp (%) | Inv4- KWh/KWp (%) | Inv5- KWh/KWp (%) | Inv6- KWh/KWp (%) | Inv7- KWh/KWp (%) | Inv8- KWh/KWp (%) | Inv9- KWh/KWp (%) | Inv10- KWh/KWp (%) | Inv11- KWh/KWp (%) | Inv12- KWh/KWp (%) | Inv13- KWh/KWp (%) | Inv14- KWh/KWp (%) | Inv15- KWh/KWp (%) | Inv16- KWh/KWp (%) | Inv17- KWh/KWp (%) | Inv18- KWh/KWp (%) | Inv19- KWh/KWp (%) | Inv20- KWh/KWp (%) | Inv21- KWh/KWp (%) | Inv22- KWh/KWp (%) | Inv23- KWh/KWp (%) | Inv24- KWh/KWp (%) | Inv25- KWh/KWp (%) | Inv26- KWh/KWp (%),2016,2016,0,"%m/%d/%y, %I:%M %p:2016",2024-08-24 00:00:00,2024-08-30 23:55:00,5 minutes,OK,,PV/production,PV/production markers,
data/raw/Data to be used/Data to be used/Power/Weekly Data/kwh_kWp/2024/Chart kWh_kwp_2024_week_36 01_31_2025 01_24 PM.csv,315989,.csv,42e0cd2bb2cbccd032ae15fa0de87700c6603256c732db63ad31f5d3a9b86d08,Time | Inv1- KWh/KWp (%) | Inv2- KWh/KWp (%) | Inv3- KWh/KWp (%) | Inv4- KWh/KWp (%) | Inv5- KWh/KWp (%) | Inv6- KWh/KWp (%) | Inv7- KWh/KWp (%) | Inv8- KWh/KWp (%) | Inv9- KWh/KWp (%) | Inv10- KWh/KWp (%) | Inv11- KWh/KWp (%) | Inv12- KWh/KWp (%) | Inv13- KWh/KWp (%) | Inv14- KWh/KWp (%) | Inv15- KWh/KWp (%) | Inv16- KWh/KWp (%) | Inv17- KWh/KWp (%) | Inv18- KWh/KWp (%) | Inv19- KWh/KWp (%) | Inv20- KWh/KWp (%) | Inv21- KWh/KWp (%) | Inv22- KWh/KWp (%) | Inv23- KWh/KWp (%) | Inv24- KWh/KWp (%) | Inv25- KWh/KWp (%) | Inv26- KWh/KWp (%),2016,2016,0,"%m/%d/%y, %I:%M %p:2016",2024-08-31 00:00:00,2024-09-06 23:55:00,5 minutes,OK,,PV/production,PV/production markers,
data/raw/Data to be used/Data to be used/Power/Weekly Data/kwh_kWp/2024/Chart kWh_kwp_2024_week_37 01_31_2025 01_25 PM.csv,333186,.csv,a48c2ad106f2c05e08c9e44690eb9ec5f4cb156e16ccf982d6ab8783d16d36a2,Time | Inv1- KWh/KWp (%) | Inv2- KWh/KWp (%) | Inv3- KWh/KWp (%) | Inv4- KWh/KWp (%) | Inv5- KWh/KWp (%) | Inv6- KWh/KWp (%) | Inv7- KWh/KWp (%) | Inv8- KWh/KWp (%) | Inv9- KWh/KWp (%) | Inv10- KWh/KWp (%) | Inv11- KWh/KWp (%) | Inv12- KWh/KWp (%) | Inv13- KWh/KWp (%) | Inv14- KWh/KWp (%) | Inv15- KWh/KWp (%) | Inv16- KWh/KWp (%) | Inv17- KWh/KWp (%) | Inv18- KWh/KWp (%) | Inv19- KWh/KWp (%) | Inv20- KWh/KWp (%) | Inv21- KWh/KWp (%) | Inv22- KWh/KWp (%) | Inv23- KWh/KWp (%) | Inv24- KWh/KWp (%) | Inv25- KWh/KWp (%) | Inv26- KWh/KWp (%),2016,2016,0,"%m/%d/%y, %I:%M %p:2016",2024-09-07 00:00:00,2024-09-13 23:55:00,5 minutes,OK,,PV/production,PV/production markers,
data/raw/Data to be used/Data to be used/Power/Weekly Data/kwh_kWp/2024/Chart kWh_kwp_2024_week_38 01_31_2025 01_25 PM.csv,326807,.csv,e4ae66bed4057ace3337d57980e34acdab2b953adb0130a9fd44c820b26c63ec,Time | Inv1- KWh/KWp (%) | Inv2- KWh/KWp (%) | Inv3- KWh/KWp (%) | Inv4- KWh/KWp (%) | Inv5- KWh/KWp (%) | Inv6- KWh/KWp (%) | Inv7- KWh/KWp (%) | Inv8- KWh/KWp (%) | Inv9- KWh/KWp (%) | Inv10- KWh/KWp (%) | Inv11- KWh/KWp (%) | Inv12- KWh/KWp (%) | Inv13- KWh/KWp (%) | Inv14- KWh/KWp (%) | Inv15- KWh/KWp (%) | Inv16- KWh/KWp (%) | Inv17- KWh/KWp (%) | Inv18- KWh/KWp (%) | Inv19- KWh/KWp (%) | Inv20- KWh/KWp (%) | Inv21- KWh/KWp (%) | Inv22- KWh/KWp (%) | Inv23- KWh/KWp (%) | Inv24- KWh/KWp (%) | Inv25- KWh/KWp (%) | Inv26- KWh/KWp (%),2016,2016,0,"%m/%d/%y, %I:%M %p:2016",2024-09-14 00:00:00,2024-09-20 23:55:00,5 minutes,OK,,PV/production,PV/production markers,
data/raw/Data to be used/Data to be used/Power/Weekly Data/kwh_kWp/2024/Chart kWh_kwp_2024_week_39 01_31_2025 01_26 PM.csv,329101,.csv,a07797d889bc67b4567ee634daeb85c0c7edbf7a4b725663704e10b1074e469f,Time | Inv1- KWh/KWp (%) | Inv2- KWh/KWp (%) | Inv3- KWh/KWp (%) | Inv4- KWh/KWp (%) | Inv5- KWh/KWp (%) | Inv6- KWh/KWp (%) | Inv7- KWh/KWp (%) | Inv8- KWh/KWp (%) | Inv9- KWh/KWp (%) | Inv10- KWh/KWp (%) | Inv11- KWh/KWp (%) | Inv12- KWh/KWp (%) | Inv13- KWh/KWp (%) | Inv14- KWh/KWp (%) | Inv15- KWh/KWp (%) | Inv16- KWh/KWp (%) | Inv17- KWh/KWp (%) | Inv18- KWh/KWp (%) | Inv19- KWh/KWp (%) | Inv20- KWh/KWp (%) | Inv21- KWh/KWp (%) | Inv22- KWh/KWp (%) | Inv23- KWh/KWp (%) | Inv24- KWh/KWp (%) | Inv25- KWh/KWp (%) | Inv26- KWh/KWp (%),2016,2016,0,"%m/%d/%y, %I:%M %p:2016",2024-09-21 00:00:00,2024-09-27 23:55:00,5 minutes,OK,,PV/production,PV/production markers,
data/raw/Data to be used/Data to be used/Power/Weekly Data/kwh_kWp/2024/Chart kWh_kwp_2024_week_4 01_31_2025 12_55 PM.csv,264871,.csv,cbb997eb014a5a95153762a42b3fc7f58ff2bb753fa87b062df895ef168be706,Time | Inv1- KWh/KWp (%) | Inv2- KWh/KWp (%) | Inv3- KWh/KWp (%) | Inv4- KWh/KWp (%) | Inv5- KWh/KWp (%) | Inv6- KWh/KWp (%) | Inv7- KWh/KWp (%) | Inv8- KWh/KWp (%) | Inv9- KWh/KWp (%) | Inv10- KWh/KWp (%) | Inv11- KWh/KWp (%) | Inv12- KWh/KWp (%) | Inv13- KWh/KWp (%) | Inv14- KWh/KWp (%) | Inv15- KWh/KWp (%) | Inv16- KWh/KWp (%) | Inv17- KWh/KWp (%) | Inv18- KWh/KWp (%) | Inv19- KWh/KWp (%) | Inv20- KWh/KWp (%) | Inv21- KWh/KWp (%) | Inv22- KWh/KWp (%) | Inv23- KWh/KWp (%) | Inv24- KWh/KWp (%) | Inv25- KWh/KWp (%) | Inv26- KWh/KWp (%),2016,2016,0,"%m/%d/%y, %I:%M %p:2016",2024-01-20 00:00:00,2024-01-26 23:55:00,5 minutes,OK,,PV/production,PV/production markers,
data/raw/Data to be used/Data to be used/Power/Weekly Data/kwh_kWp/2024/Chart kWh_kwp_2024_week_40 01_31_2025 01_26 PM.csv,325261,.csv,60fdae21a74c7b65cf09772d97c14d694ed8d035d07291a60423fed0a1faf685,Time | Inv1- KWh/KWp (%) | Inv2- KWh/KWp (%) | Inv3- KWh/KWp (%) | Inv4- KWh/KWp (%) | Inv5- KWh/KWp (%) | Inv6- KWh/KWp (%) | Inv7- KWh/KWp (%) | Inv8- KWh/KWp (%) | Inv9- KWh/KWp (%) | Inv10- KWh/KWp (%) | Inv11- KWh/KWp (%) | Inv12- KWh/KWp (%) | Inv13- KWh/KWp (%) | Inv14- KWh/KWp (%) | Inv15- KWh/KWp (%) | Inv16- KWh/KWp (%) | Inv17- KWh/KWp (%) | Inv18- KWh/KWp (%) | Inv19- KWh/KWp (%) | Inv20- KWh/KWp (%) | Inv21- KWh/KWp (%) | Inv22- KWh/KWp (%) | Inv23- KWh/KWp (%) | Inv24- KWh/KWp (%) | Inv25- KWh/KWp (%) | Inv26- KWh/KWp (%),2016,2016,0,"%m/%d/%y, %I:%M %p:2016",2024-09-28 00:00:00,2024-10-04 23:55:00,5 minutes,OK,,PV/production,PV/production markers,
data/raw/Data to be used/Data to be used/Power/Weekly Data/kwh_kWp/2024/Chart kWh_kwp_2024_week_41 01_31_2025 01_27 PM.csv,324249,.csv,ba44801ce9591b9a4cebf5dcbd0ed4205a859ca7a94b0e33a7be65b17958619a,Time | Inv1- KWh/KWp (%) | Inv2- KWh/KWp (%) | Inv3- KWh/KWp (%) | Inv4- KWh/KWp (%) | Inv5- KWh/KWp (%) | Inv6- KWh/KWp (%) | Inv7- KWh/KWp (%) | Inv8- KWh/KWp (%) | Inv9- KWh/KWp (%) | Inv10- KWh/KWp (%) | Inv11- KWh/KWp (%) | Inv12- KWh/KWp (%) | Inv13- KWh/KWp (%) | Inv14- KWh/KWp (%) | Inv15- KWh/KWp (%) | Inv16- KWh/KWp (%) | Inv17- KWh/KWp (%) | Inv18- KWh/KWp (%) | Inv19- KWh/KWp (%) | Inv20- KWh/KWp (%) | Inv21- KWh/KWp (%) | Inv22- KWh/KWp (%) | Inv23- KWh/KWp (%) | Inv24- KWh/KWp (%) | Inv25- KWh/KWp (%) | Inv26- KWh/KWp (%),2016,2016,0,"%m/%d/%y, %I:%M %p:2016",2024-10-05 00:00:00,2024-10-11 23:55:00,5 minutes,OK,,PV/production,PV/production markers,
data/raw/Data to be used/Data to be used/Power/Weekly Data/kwh_kWp/2024/Chart kWh_kwp_2024_week_41 01_31_2025 01_28 PM.csv,321367,.csv,6829205f600b6a27828ea325ab3ecf57313a28d2b7f2d2c690e894a5760fbc09,Time | Inv1- KWh/KWp (%) | Inv2- KWh/KWp (%) | Inv3- KWh/KWp (%) | Inv4- KWh/KWp (%) | Inv5- KWh/KWp (%) | Inv6- KWh/KWp (%) | Inv7- KWh/KWp (%) | Inv8- KWh/KWp (%) | Inv9- KWh/KWp (%) | Inv10- KWh/KWp (%) | Inv11- KWh/KWp (%) | Inv12- KWh/KWp (%) | Inv13- KWh/KWp (%) | Inv14- KWh/KWp (%) | Inv15- KWh/KWp (%) | Inv16- KWh/KWp (%) | Inv17- KWh/KWp (%) | Inv18- KWh/KWp (%) | Inv19- KWh/KWp (%) | Inv20- KWh/KWp (%) | Inv21- KWh/KWp (%) | Inv22- KWh/KWp (%) | Inv23- KWh/KWp (%) | Inv24- KWh/KWp (%) | Inv25- KWh/KWp (%) | Inv26- KWh/KWp (%),2016,2016,0,"%m/%d/%y, %I:%M %p:2016",2024-10-12 00:00:00,2024-10-18 23:55:00,5 minutes,OK,,PV/production,PV/production markers,
data/raw/Data to be used/Data to be used/Power/Weekly Data/kwh_kWp/2024/Chart kWh_kwp_2024_week_43 01_31_2025 01_28 PM.csv,325254,.csv,1bb412fdc26d5aa5b7b165450449214e2817c3585ea46f19af1d7401cebe7344,Time | Inv1- KWh/KWp (%) | Inv2- KWh/KWp (%) | Inv3- KWh/KWp (%) | Inv4- KWh/KWp (%) | Inv5- KWh/KWp (%) | Inv6- KWh/KWp (%) | Inv7- KWh/KWp (%) | Inv8- KWh/KWp (%) | Inv9- KWh/KWp (%) | Inv10- KWh/KWp (%) | Inv11- KWh/KWp (%) | Inv12- KWh/KWp (%) | Inv13- KWh/KWp (%) | Inv14- KWh/KWp (%) | Inv15- KWh/KWp (%) | Inv16- KWh/KWp (%) | Inv17- KWh/KWp (%) | Inv18- KWh/KWp (%) | Inv19- KWh/KWp (%) | Inv20- KWh/KWp (%) | Inv21- KWh/KWp (%) | Inv22- KWh/KWp (%) | Inv23- KWh/KWp (%) | Inv24- KWh/KWp (%) | Inv25- KWh/KWp (%) | Inv26- KWh/KWp (%),2016,2016,0,"%m/%d/%y, %I:%M %p:2016",2024-10-19 00:00:00,2024-10-25 23:55:00,5 minutes,OK,,PV/production,PV/production markers,
data/raw/Data to be used/Data to be used/Power/Weekly Data/kwh_kWp/2024/Chart kWh_kwp_2024_week_44 01_31_2025 01_29 PM.csv,328838,.csv,96c11cb4a7848ba5df17fdbed667caf9083941fefd753d90d41c4fc424da3413,Time | Inv1- KWh/KWp (%) | Inv2- KWh/KWp (%) | Inv3- KWh/KWp (%) | Inv4- KWh/KWp (%) | Inv5- KWh/KWp (%) | Inv6- KWh/KWp (%) | Inv7- KWh/KWp (%) | Inv8- KWh/KWp (%) | Inv9- KWh/KWp (%) | Inv10- KWh/KWp (%) | Inv11- KWh/KWp (%) | Inv12- KWh/KWp (%) | Inv13- KWh/KWp (%) | Inv14- KWh/KWp (%) | Inv15- KWh/KWp (%) | Inv16- KWh/KWp (%) | Inv17- KWh/KWp (%) | Inv18- KWh/KWp (%) | Inv19- KWh/KWp (%) | Inv20- KWh/KWp (%) | Inv21- KWh/KWp (%) | Inv22- KWh/KWp (%) | Inv23- KWh/KWp (%) | Inv24- KWh/KWp (%) | Inv25- KWh/KWp (%) | Inv26- KWh/KWp (%),2016,2016,0,"%m/%d/%y, %I:%M %p:2016",2024-10-26 00:00:00,2024-11-01 23:55:00,5 minutes,OK,,PV/production,PV/production markers,
data/raw/Data to be used/Data to be used/Power/Weekly Data/kwh_kWp/2024/Chart kWh_kwp_2024_week_45 01_31_2025 01_30 PM.csv,320587,.csv,ef3fb5ce79d95bee22134b6d8ad8e88fe8b0b2d2a12b3db195d3a87e4a22b3a9,Time | Inv1- KWh/KWp (%) | Inv2- KWh/KWp (%) | Inv3- KWh/KWp (%) | Inv4- KWh/KWp (%) | Inv5- KWh/KWp (%) | Inv6- KWh/KWp (%) | Inv7- KWh/KWp (%) | Inv8- KWh/KWp (%) | Inv9- KWh/KWp (%) | Inv10- KWh/KWp (%) | Inv11- KWh/KWp (%) | Inv12- KWh/KWp (%) | Inv13- KWh/KWp (%) | Inv14- KWh/KWp (%) | Inv15- KWh/KWp (%) | Inv16- KWh/KWp (%) | Inv17- KWh/KWp (%) | Inv18- KWh/KWp (%) | Inv19- KWh/KWp (%) | Inv20- KWh/KWp (%) | Inv21- KWh/KWp (%) | Inv22- KWh/KWp (%) | Inv23- KWh/KWp (%) | Inv24- KWh/KWp (%) | Inv25- KWh/KWp (%) | Inv26- KWh/KWp (%),2016,2016,0,"%m/%d/%y, %I:%M %p:2016",2024-11-02 00:00:00,2024-11-08 23:55:00,5 minutes,OK,,PV/production,PV/production markers,
data/raw/Data to be used/Data to be used/Power/Weekly Data/kwh_kWp/2024/Chart kWh_kwp_2024_week_46 01_31_2025 01_30 PM.csv,316560,.csv,a395d8ec09c8daefcf74c2cff7da2ff5c51ae1c6bc9fe3e3efcdd13aff0f75c6,Time | Inv1- KWh/KWp (%) | Inv2- KWh/KWp (%) | Inv3- KWh/KWp (%) | Inv4- KWh/KWp (%) | Inv5- KWh/KWp (%) | Inv6- KWh/KWp (%) | Inv7- KWh/KWp (%) | Inv8- KWh/KWp (%) | Inv9- KWh/KWp (%) | Inv10- KWh/KWp (%) | Inv11- KWh/KWp (%) | Inv12- KWh/KWp (%) | Inv13- KWh/KWp (%) | Inv14- KWh/KWp (%) | Inv15- KWh/KWp (%) | Inv16- KWh/KWp (%) | Inv17- KWh/KWp (%) | Inv18- KWh/KWp (%) | Inv19- KWh/KWp (%) | Inv20- KWh/KWp (%) | Inv21- KWh/KWp (%) | Inv22- KWh/KWp (%) | Inv23- KWh/KWp (%) | Inv24- KWh/KWp (%) | Inv25- KWh/KWp (%) | Inv26- KWh/KWp (%),2016,2016,0,"%m/%d/%y, %I:%M %p:2016",2024-11-09 00:00:00,2024-11-15 23:55:00,5 minutes,OK,,PV/production,PV/production markers,
data/raw/Data to be used/Data to be used/Power/Weekly Data/kwh_kWp/2024/Chart kWh_kwp_2024_week_47 01_31_2025 01_31 PM.csv,322608,.csv,9e8ef68f798854b17dd45077c8aed0181444181ef30a376e6dad02901f47146f,Time | Inv1- KWh/KWp (%) | Inv2- KWh/KWp (%) | Inv3- KWh/KWp (%) | Inv4- KWh/KWp (%) | Inv5- KWh/KWp (%) | Inv6- KWh/KWp (%) | Inv7- KWh/KWp (%) | Inv8- KWh/KWp (%) | Inv9- KWh/KWp (%) | Inv10- KWh/KWp (%) | Inv11- KWh/KWp (%) | Inv12- KWh/KWp (%) | Inv13- KWh/KWp (%) | Inv14- KWh/KWp (%) | Inv15- KWh/KWp (%) | Inv16- KWh/KWp (%) | Inv17- KWh/KWp (%) | Inv18- KWh/KWp (%) | Inv19- KWh/KWp (%) | Inv20- KWh/KWp (%) | Inv21- KWh/KWp (%) | Inv22- KWh/KWp (%) | Inv23- KWh/KWp (%) | Inv24- KWh/KWp (%) | Inv25- KWh/KWp (%) | Inv26- KWh/KWp (%),2016,2016,0,"%m/%d/%y, %I:%M %p:2016",2024-11-16 00:00:00,2024-11-22 23:55:00,5 minutes,OK,,PV/production,PV/production markers,
data/raw/Data to be used/Data to be used/Power/Weekly Data/kwh_kWp/2024/Chart kWh_kwp_2024_week_48 01_31_2025 01_31 PM.csv,307733,.csv,3978159c843a519f01caee4a68a05617b95c14ca56f2623ef5b7c362d76ae7d3,Time | Inv1- KWh/KWp (%) | Inv2- KWh/KWp (%) | Inv3- KWh/KWp (%) | Inv4- KWh/KWp (%) | Inv5- KWh/KWp (%) | Inv6- KWh/KWp (%) | Inv7- KWh/KWp (%) | Inv8- KWh/KWp (%) | Inv9- KWh/KWp (%) | Inv10- KWh/KWp (%) | Inv11- KWh/KWp (%) | Inv12- KWh/KWp (%) | Inv13- KWh/KWp (%) | Inv14- KWh/KWp (%) | Inv15- KWh/KWp (%) | Inv16- KWh/KWp (%) | Inv17- KWh/KWp (%) | Inv18- KWh/KWp (%) | Inv19- KWh/KWp (%) | Inv20- KWh/KWp (%) | Inv21- KWh/KWp (%) | Inv22- KWh/KWp (%) | Inv23- KWh/KWp (%) | Inv24- KWh/KWp (%) | Inv25- KWh/KWp (%) | Inv26- KWh/KWp (%),2016,2016,0,"%m/%d/%y, %I:%M %p:2016",2024-11-23 00:00:00,2024-11-29 23:55:00,5 minutes,OK,,PV/production,PV/production markers,
data/raw/Data to be used/Data to be used/Power/Weekly Data/kwh_kWp/2024/Chart kWh_kwp_2024_week_49 01_31_2025 01_32 PM.csv,318758,.csv,443766a6337fd8ea0f579373b2e8abd888b4e72b97a44037bfe651b90e2f3e60,Time | Inv1- KWh/KWp (%) | Inv2- KWh/KWp (%) | Inv3- KWh/KWp (%) | Inv4- KWh/KWp (%) | Inv5- KWh/KWp (%) | Inv6- KWh/KWp (%) | Inv7- KWh/KWp (%) | Inv8- KWh/KWp (%) | Inv9- KWh/KWp (%) | Inv10- KWh/KWp (%) | Inv11- KWh/KWp (%) | Inv12- KWh/KWp (%) | Inv13- KWh/KWp (%) | Inv14- KWh/KWp (%) | Inv15- KWh/KWp (%) | Inv16- KWh/KWp (%) | Inv17- KWh/KWp (%) | Inv18- KWh/KWp (%) | Inv19- KWh/KWp (%) | Inv20- KWh/KWp (%) | Inv21- KWh/KWp (%) | Inv22- KWh/KWp (%) | Inv23- KWh/KWp (%) | Inv24- KWh/KWp (%) | Inv25- KWh/KWp (%) | Inv26- KWh/KWp (%),2016,2016,0,"%m/%d/%y, %I:%M %p:2016",2024-11-30 00:00:00,2024-12-06 23:55:00,5 minutes,OK,,PV/production,PV/production markers,
data/raw/Data to be used/Data to be used/Power/Weekly Data/kwh_kWp/2024/Chart kWh_kwp_2024_week_5 01_31_2025 12_56 PM.csv,270282,.csv,cd34a5d88c9bc4c96d22c7ba4bb6677fd608fca85aad3b9a19b06244ee0df520,Time | Inv1- KWh/KWp (%) | Inv2- KWh/KWp (%) | Inv3- KWh/KWp (%) | Inv4- KWh/KWp (%) | Inv5- KWh/KWp (%) | Inv6- KWh/KWp (%) | Inv7- KWh/KWp (%) | Inv8- KWh/KWp (%) | Inv9- KWh/KWp (%) | Inv10- KWh/KWp (%) | Inv11- KWh/KWp (%) | Inv12- KWh/KWp (%) | Inv13- KWh/KWp (%) | Inv14- KWh/KWp (%) | Inv15- KWh/KWp (%) | Inv16- KWh/KWp (%) | Inv17- KWh/KWp (%) | Inv18- KWh/KWp (%) | Inv19- KWh/KWp (%) | Inv20- KWh/KWp (%) | Inv21- KWh/KWp (%) | Inv22- KWh/KWp (%) | Inv23- KWh/KWp (%) | Inv24- KWh/KWp (%) | Inv25- KWh/KWp (%) | Inv26- KWh/KWp (%),2016,2016,0,"%m/%d/%y, %I:%M %p:2016",2024-01-27 00:00:00,2024-02-02 23:55:00,5 minutes,OK,,PV/production,PV/production markers,
data/raw/Data to be used/Data to be used/Power/Weekly Data/kwh_kWp/2024/Chart kWh_kwp_2024_week_50 01_31_2025 01_32 PM.csv,324255,.csv,e62600fab8831d427032c4ec3fda400acb93f2d42d21e903f5f683c4a9f186a3,Time | Inv1- KWh/KWp (%) | Inv2- KWh/KWp (%) | Inv3- KWh/KWp (%) | Inv4- KWh/KWp (%) | Inv5- KWh/KWp (%) | Inv6- KWh/KWp (%) | Inv7- KWh/KWp (%) | Inv8- KWh/KWp (%) | Inv9- KWh/KWp (%) | Inv10- KWh/KWp (%) | Inv11- KWh/KWp (%) | Inv12- KWh/KWp (%) | Inv13- KWh/KWp (%) | Inv14- KWh/KWp (%) | Inv15- KWh/KWp (%) | Inv16- KWh/KWp (%) | Inv17- KWh/KWp (%) | Inv18- KWh/KWp (%) | Inv19- KWh/KWp (%) | Inv20- KWh/KWp (%) | Inv21- KWh/KWp (%) | Inv22- KWh/KWp (%) | Inv23- KWh/KWp (%) | Inv24- KWh/KWp (%) | Inv25- KWh/KWp (%) | Inv26- KWh/KWp (%),2016,2016,0,"%m/%d/%y, %I:%M %p:2016",2024-12-07 00:00:00,2024-12-13 23:55:00,5 minutes,OK,,PV/production,PV/production markers,
data/raw/Data to be used/Data to be used/Power/Weekly Data/kwh_kWp/2024/Chart kWh_kwp_2024_week_51 01_31_2025 01_32 PM.csv,315896,.csv,a978d6de3947807b4aa05a52c141afe4c5244bb4fe310e57b5cd6632ff746f78,Time | Inv1- KWh/KWp (%) | Inv2- KWh/KWp (%) | Inv3- KWh/KWp (%) | Inv4- KWh/KWp (%) | Inv5- KWh/KWp (%) | Inv6- KWh/KWp (%) | Inv7- KWh/KWp (%) | Inv8- KWh/KWp (%) | Inv9- KWh/KWp (%) | Inv10- KWh/KWp (%) | Inv11- KWh/KWp (%) | Inv12- KWh/KWp (%) | Inv13- KWh/KWp (%) | Inv14- KWh/KWp (%) | Inv15- KWh/KWp (%) | Inv16- KWh/KWp (%) | Inv17- KWh/KWp (%) | Inv18- KWh/KWp (%) | Inv19- KWh/KWp (%) | Inv20- KWh/KWp (%) | Inv21- KWh/KWp (%) | Inv22- KWh/KWp (%) | Inv23- KWh/KWp (%) | Inv24- KWh/KWp (%) | Inv25- KWh/KWp (%) | Inv26- KWh/KWp (%),2016,2016,0,"%m/%d/%y, %I:%M %p:2016",2024-12-14 00:00:00,2024-12-20 23:55:00,5 minutes,OK,,PV/production,PV/production markers,
data/raw/Data to be used/Data to be used/Power/Weekly Data/kwh_kWp/2024/Chart kWh_kwp_2024_week_52 01_31_2025 01_33 PM.csv,322804,.csv,8596200906dfe2560f7a4efcc856f3f82a991538f184a0b67a2aee8a6f810335,Time | Inv1- KWh/KWp (%) | Inv2- KWh/KWp (%) | Inv3- KWh/KWp (%) | Inv4- KWh/KWp (%) | Inv5- KWh/KWp (%) | Inv6- KWh/KWp (%) | Inv7- KWh/KWp (%) | Inv8- KWh/KWp (%) | Inv9- KWh/KWp (%) | Inv10- KWh/KWp (%) | Inv11- KWh/KWp (%) | Inv12- KWh/KWp (%) | Inv13- KWh/KWp (%) | Inv14- KWh/KWp (%) | Inv15- KWh/KWp (%) | Inv16- KWh/KWp (%) | Inv17- KWh/KWp (%) | Inv18- KWh/KWp (%) | Inv19- KWh/KWp (%) | Inv20- KWh/KWp (%) | Inv21- KWh/KWp (%) | Inv22- KWh/KWp (%) | Inv23- KWh/KWp (%) | Inv24- KWh/KWp (%) | Inv25- KWh/KWp (%) | Inv26- KWh/KWp (%),2016,2016,0,"%m/%d/%y, %I:%M %p:2016",2024-12-21 00:00:00,2024-12-27 23:55:00,5 minutes,OK,,PV/production,PV/production markers,
data/raw/Data to be used/Data to be used/Power/Weekly Data/kwh_kWp/2024/Chart kWh_kwp_2024_week_6 01_31_2025 01_06 PM.csv,277199,.csv,43571dfc026e19264d5367f239895cd641597b3291ec693ec17e31692296917a,Time | Inv1- KWh/KWp (%) | Inv2- KWh/KWp (%) | Inv3- KWh/KWp (%) | Inv4- KWh/KWp (%) | Inv5- KWh/KWp (%) | Inv6- KWh/KWp (%) | Inv7- KWh/KWp (%) | Inv8- KWh/KWp (%) | Inv9- KWh/KWp (%) | Inv10- KWh/KWp (%) | Inv11- KWh/KWp (%) | Inv12- KWh/KWp (%) | Inv13- KWh/KWp (%) | Inv14- KWh/KWp (%) | Inv15- KWh/KWp (%) | Inv16- KWh/KWp (%) | Inv17- KWh/KWp (%) | Inv18- KWh/KWp (%) | Inv19- KWh/KWp (%) | Inv20- KWh/KWp (%) | Inv21- KWh/KWp (%) | Inv22- KWh/KWp (%) | Inv23- KWh/KWp (%) | Inv24- KWh/KWp (%) | Inv25- KWh/KWp (%) | Inv26- KWh/KWp (%),2016,2016,0,"%m/%d/%y, %I:%M %p:2016",2024-02-03 00:00:00,2024-02-09 23:55:00,5 minutes,OK,,PV/production,PV/production markers,
data/raw/Data to be used/Data to be used/Power/Weekly Data/kwh_kWp/2024/Chart kWh_kwp_2024_week_7 01_31_2025 01_07 PM.csv,275272,.csv,08a39b1ce0b854ce2e8062b890f02403f253fb563da126a58c1075e8f0feb235,Time | Inv1- KWh/KWp (%) | Inv2- KWh/KWp (%) | Inv3- KWh/KWp (%) | Inv4- KWh/KWp (%) | Inv5- KWh/KWp (%) | Inv6- KWh/KWp (%) | Inv7- KWh/KWp (%) | Inv8- KWh/KWp (%) | Inv9- KWh/KWp (%) | Inv10- KWh/KWp (%) | Inv11- KWh/KWp (%) | Inv12- KWh/KWp (%) | Inv13- KWh/KWp (%) | Inv14- KWh/KWp (%) | Inv15- KWh/KWp (%) | Inv16- KWh/KWp (%) | Inv17- KWh/KWp (%) | Inv18- KWh/KWp (%) | Inv19- KWh/KWp (%) | Inv20- KWh/KWp (%) | Inv21- KWh/KWp (%) | Inv22- KWh/KWp (%) | Inv23- KWh/KWp (%) | Inv24- KWh/KWp (%) | Inv25- KWh/KWp (%) | Inv26- KWh/KWp (%),2016,2016,0,"%m/%d/%y, %I:%M %p:2016",2024-02-10 00:00:00,2024-02-16 23:55:00,5 minutes,OK,,PV/production,PV/production markers,
data/raw/Data to be used/Data to be used/Power/Weekly Data/kwh_kWp/2024/Chart kWh_kwp_2024_week_8 01_31_2025 01_07 PM.csv,276530,.csv,bce2edb71470a73c3ec2780a95c819e491022c741a582ac6b0f3c9b6b769d4ac,Time | Inv1- KWh/KWp (%) | Inv2- KWh/KWp (%) | Inv3- KWh/KWp (%) | Inv4- KWh/KWp (%) | Inv5- KWh/KWp (%) | Inv6- KWh/KWp (%) | Inv7- KWh/KWp (%) | Inv8- KWh/KWp (%) | Inv9- KWh/KWp (%) | Inv10- KWh/KWp (%) | Inv11- KWh/KWp (%) | Inv12- KWh/KWp (%) | Inv13- KWh/KWp (%) | Inv14- KWh/KWp (%) | Inv15- KWh/KWp (%) | Inv16- KWh/KWp (%) | Inv17- KWh/KWp (%) | Inv18- KWh/KWp (%) | Inv19- KWh/KWp (%) | Inv20- KWh/KWp (%) | Inv21- KWh/KWp (%) | Inv22- KWh/KWp (%) | Inv23- KWh/KWp (%) | Inv24- KWh/KWp (%) | Inv25- KWh/KWp (%) | Inv26- KWh/KWp (%),2016,2016,0,"%m/%d/%y, %I:%M %p:2016",2024-02-17 00:00:00,2024-02-23 23:55:00,5 minutes,OK,,PV/production,PV/production markers,
data/raw/Data to be used/Data to be used/Power/Weekly Data/kwh_kWp/2024/Chart kWh_kwp_2024_week_9 01_31_2025 01_09 PM.csv,262277,.csv,bc70b6b3e4083f39b5cd2c508e9d01bf0614bc39bbf31e6c6603ba31dce21c25,Time | Inv1- KWh/KWp (%) | Inv2- KWh/KWp (%) | Inv3- KWh/KWp (%) | Inv4- KWh/KWp (%) | Inv5- KWh/KWp (%) | Inv6- KWh/KWp (%) | Inv7- KWh/KWp (%) | Inv8- KWh/KWp (%) | Inv9- KWh/KWp (%) | Inv10- KWh/KWp (%) | Inv11- KWh/KWp (%) | Inv12- KWh/KWp (%) | Inv13- KWh/KWp (%) | Inv14- KWh/KWp (%) | Inv15- KWh/KWp (%) | Inv16- KWh/KWp (%) | Inv17- KWh/KWp (%) | Inv18- KWh/KWp (%) | Inv19- KWh/KWp (%) | Inv20- KWh/KWp (%) | Inv21- KWh/KWp (%) | Inv22- KWh/KWp (%) | Inv23- KWh/KWp (%) | Inv24- KWh/KWp (%) | Inv25- KWh/KWp (%) | Inv26- KWh/KWp (%),2016,2016,0,"%m/%d/%y, %I:%M %p:2016",2024-02-24 00:00:00,2024-03-01 23:55:00,5 minutes,OK,,PV/production,PV/production markers,
data/raw/Data to be used/Data to be used/Power/Weekly Data/kwh_kWp/2024/Chart kwh_kwp_dec_2024 01_31_2025 12_49 PM.csv,451987,.csv,b329b9abb9a74cd6882a8740cb87dc032bf28b2d1d81984b0dbdb0124758678d,Time | Inv1- KWh/KWp (%) | Inv2- KWh/KWp (%) | Inv3- KWh/KWp (%) | Inv4- KWh/KWp (%) | Inv5- KWh/KWp (%) | Inv6- KWh/KWp (%) | Inv7- KWh/KWp (%) | Inv8- KWh/KWp (%) | Inv9- KWh/KWp (%) | Inv10- KWh/KWp (%) | Inv11- KWh/KWp (%) | Inv12- KWh/KWp (%) | Inv13- KWh/KWp (%) | Inv14- KWh/KWp (%) | Inv15- KWh/KWp (%) | Inv16- KWh/KWp (%) | Inv17- KWh/KWp (%) | Inv18- KWh/KWp (%) | Inv19- KWh/KWp (%) | Inv20- KWh/KWp (%) | Inv21- KWh/KWp (%) | Inv22- KWh/KWp (%) | Inv23- KWh/KWp (%) | Inv24- KWh/KWp (%) | Inv25- KWh/KWp (%) | Inv26- KWh/KWp (%),2880,2880,0,"%m/%d/%y, %I:%M %p:2880",2024-12-01 00:00:00,2024-12-30 23:45:00,15 minutes,OK,,PV/production,PV/production markers,
data/raw/Data to be used/Data to be used/Power/Weekly Data/kwh_kWp/2025/Chart kWh_kwp_2025_week_1 01_31_2025 01_34 PM.csv,321123,.csv,821315e907a19f781d380e402fdd8e2112bf7f3e3c6fb8d2fe7687c30dc53d26,Time | Inv1- KWh/KWp (%) | Inv2- KWh/KWp (%) | Inv3- KWh/KWp (%) | Inv4- KWh/KWp (%) | Inv5- KWh/KWp (%) | Inv6- KWh/KWp (%) | Inv7- KWh/KWp (%) | Inv8- KWh/KWp (%) | Inv9- KWh/KWp (%) | Inv10- KWh/KWp (%) | Inv11- KWh/KWp (%) | Inv12- KWh/KWp (%) | Inv13- KWh/KWp (%) | Inv14- KWh/KWp (%) | Inv15- KWh/KWp (%) | Inv16- KWh/KWp (%) | Inv17- KWh/KWp (%) | Inv18- KWh/KWp (%) | Inv19- KWh/KWp (%) | Inv20- KWh/KWp (%) | Inv21- KWh/KWp (%) | Inv22- KWh/KWp (%) | Inv23- KWh/KWp (%) | Inv24- KWh/KWp (%) | Inv25- KWh/KWp (%) | Inv26- KWh/KWp (%),2016,2016,0,"%m/%d/%y, %I:%M %p:2016",2024-12-28 00:00:00,2025-01-03 23:55:00,5 minutes,OK,,PV/production,PV/production markers,
data/raw/Data to be used/Data to be used/Power/Weekly Data/kwh_kWp/2025/Chart kWh_kwp_2025_week_2 01_31_2025 01_34 PM (1).csv,319316,.csv,4bc91b6019515ebc22683805f4151158b49075ea76612c5b4d94a67879f446ef,Time | Inv1- KWh/KWp (%) | Inv2- KWh/KWp (%) | Inv3- KWh/KWp (%) | Inv4- KWh/KWp (%) | Inv5- KWh/KWp (%) | Inv6- KWh/KWp (%) | Inv7- KWh/KWp (%) | Inv8- KWh/KWp (%) | Inv9- KWh/KWp (%) | Inv10- KWh/KWp (%) | Inv11- KWh/KWp (%) | Inv12- KWh/KWp (%) | Inv13- KWh/KWp (%) | Inv14- KWh/KWp (%) | Inv15- KWh/KWp (%) | Inv16- KWh/KWp (%) | Inv17- KWh/KWp (%) | Inv18- KWh/KWp (%) | Inv19- KWh/KWp (%) | Inv20- KWh/KWp (%) | Inv21- KWh/KWp (%) | Inv22- KWh/KWp (%) | Inv23- KWh/KWp (%) | Inv24- KWh/KWp (%) | Inv25- KWh/KWp (%) | Inv26- KWh/KWp (%),2016,2016,0,"%m/%d/%y, %I:%M %p:2016",2025-01-04 00:00:00,2025-01-10 23:55:00,5 minutes,OK,,PV/production,PV/production markers,
data/raw/Data to be used/Data to be used/Power/Weekly Data/kwh_kWp/2025/Chart kWh_kwp_2025_week_2 01_31_2025 01_34 PM.csv,319316,.csv,4bc91b6019515ebc22683805f4151158b49075ea76612c5b4d94a67879f446ef,Time | Inv1- KWh/KWp (%) | Inv2- KWh/KWp (%) | Inv3- KWh/KWp (%) | Inv4- KWh/KWp (%) | Inv5- KWh/KWp (%) | Inv6- KWh/KWp (%) | Inv7- KWh/KWp (%) | Inv8- KWh/KWp (%) | Inv9- KWh/KWp (%) | Inv10- KWh/KWp (%) | Inv11- KWh/KWp (%) | Inv12- KWh/KWp (%) | Inv13- KWh/KWp (%) | Inv14- KWh/KWp (%) | Inv15- KWh/KWp (%) | Inv16- KWh/KWp (%) | Inv17- KWh/KWp (%) | Inv18- KWh/KWp (%) | Inv19- KWh/KWp (%) | Inv20- KWh/KWp (%) | Inv21- KWh/KWp (%) | Inv22- KWh/KWp (%) | Inv23- KWh/KWp (%) | Inv24- KWh/KWp (%) | Inv25- KWh/KWp (%) | Inv26- KWh/KWp (%),2016,2016,0,"%m/%d/%y, %I:%M %p:2016",2025-01-04 00:00:00,2025-01-10 23:55:00,5 minutes,OK,,PV/production,PV/production markers,EXACT_DUPLICATE_OF=data/raw/Data to be used/Data to be used/Power/Weekly Data/kwh_kWp/2025/Chart kWh_kwp_2025_week_2 01_31_2025 01_34 PM (1).csv
data/raw/Data to be used/Data to be used/Power/Weekly Data/kwh_kWp/2025/Chart kWh_kwp_2025_week_3 01_31_2025 01_35 PM.csv,322046,.csv,45c7c42d6de1f3e6f911857c44727769be71b134466e3dab1afea7f40ca60782,Time | Inv1- KWh/KWp (%) | Inv2- KWh/KWp (%) | Inv3- KWh/KWp (%) | Inv4- KWh/KWp (%) | Inv5- KWh/KWp (%) | Inv6- KWh/KWp (%) | Inv7- KWh/KWp (%) | Inv8- KWh/KWp (%) | Inv9- KWh/KWp (%) | Inv10- KWh/KWp (%) | Inv11- KWh/KWp (%) | Inv12- KWh/KWp (%) | Inv13- KWh/KWp (%) | Inv14- KWh/KWp (%) | Inv15- KWh/KWp (%) | Inv16- KWh/KWp (%) | Inv17- KWh/KWp (%) | Inv18- KWh/KWp (%) | Inv19- KWh/KWp (%) | Inv20- KWh/KWp (%) | Inv21- KWh/KWp (%) | Inv22- KWh/KWp (%) | Inv23- KWh/KWp (%) | Inv24- KWh/KWp (%) | Inv25- KWh/KWp (%) | Inv26- KWh/KWp (%),2016,2016,0,"%m/%d/%y, %I:%M %p:2016",2025-01-11 00:00:00,2025-01-17 23:55:00,5 minutes,OK,,PV/production,PV/production markers,
data/raw/Data to be used/Data to be used/Power/Weekly Data/kwh_kWp/2025/Chart kWh_kwp_2025_week_4 01_31_2025 01_35 PM.csv,322075,.csv,2616d557b712524b3fd1f80a28df9d8cf095908efc64240572fdac6c540a17c7,Time | Inv1- KWh/KWp (%) | Inv2- KWh/KWp (%) | Inv3- KWh/KWp (%) | Inv4- KWh/KWp (%) | Inv5- KWh/KWp (%) | Inv6- KWh/KWp (%) | Inv7- KWh/KWp (%) | Inv8- KWh/KWp (%) | Inv9- KWh/KWp (%) | Inv10- KWh/KWp (%) | Inv11- KWh/KWp (%) | Inv12- KWh/KWp (%) | Inv13- KWh/KWp (%) | Inv14- KWh/KWp (%) | Inv15- KWh/KWp (%) | Inv16- KWh/KWp (%) | Inv17- KWh/KWp (%) | Inv18- KWh/KWp (%) | Inv19- KWh/KWp (%) | Inv20- KWh/KWp (%) | Inv21- KWh/KWp (%) | Inv22- KWh/KWp (%) | Inv23- KWh/KWp (%) | Inv24- KWh/KWp (%) | Inv25- KWh/KWp (%) | Inv26- KWh/KWp (%),2016,2016,0,"%m/%d/%y, %I:%M %p:2016",2025-01-18 00:00:00,2025-01-24 23:55:00,5 minutes,OK,,PV/production,PV/production markers,
data/raw/Data to be used/Data to be used/Power/Weekly Data/kwh_kWp/2025/Chart kWh_kwp_2025_week_5 01_31_2025 01_36 PM.csv,288387,.csv,840bfe15d54300093b7c8d081213079a1031bf4fb9f9d732e2090aeaf4c86525,Time | Inv1- KWh/KWp (%) | Inv2- KWh/KWp (%) | Inv3- KWh/KWp (%) | Inv4- KWh/KWp (%) | Inv5- KWh/KWp (%) | Inv6- KWh/KWp (%) | Inv7- KWh/KWp (%) | Inv8- KWh/KWp (%) | Inv9- KWh/KWp (%) | Inv10- KWh/KWp (%) | Inv11- KWh/KWp (%) | Inv12- KWh/KWp (%) | Inv13- KWh/KWp (%) | Inv14- KWh/KWp (%) | Inv15- KWh/KWp (%) | Inv16- KWh/KWp (%) | Inv17- KWh/KWp (%) | Inv18- KWh/KWp (%) | Inv19- KWh/KWp (%) | Inv20- KWh/KWp (%) | Inv21- KWh/KWp (%) | Inv22- KWh/KWp (%) | Inv23- KWh/KWp (%) | Inv24- KWh/KWp (%) | Inv25- KWh/KWp (%) | Inv26- KWh/KWp (%),2016,2016,0,"%m/%d/%y, %I:%M %p:2016",2025-01-25 00:00:00,2025-01-31 23:55:00,5 minutes,OK,,PV/production,PV/production markers,
data/raw/Data to be used/Data to be used/Weather Data/2024/Chart hum_temp_april2024 01_28_2025 11_53 AM.csv,74005,.csv,79c9ff7ed66faaae2725f7a30099ef5699b1e156306d1f50035d9637eb2d1b14,Time | Humidity (%) | Temperature (C) | Wind Speed (Km/h),2880,2880,0,"%m/%d/%y, %I:%M %p:2880",2024-04-01 00:00:00,2024-04-30 23:45:00,15 minutes,OK,,weather,weather markers,
data/raw/Data to be used/Data to be used/Weather Data/2024/Chart Hum_temp_aug2024 01_28_2025 11_50 AM.csv,71557,.csv,ad18b8cb9d2ab0031cbaa0460b8f070c9dbf3dc3abc925522bac9ce7ca6605d3,Time | Weather- Humidity (%) | Weather- Temperature (C),2976,2976,0,"%m/%d/%y, %I:%M %p:2976",2024-08-01 00:00:00,2024-08-31 23:45:00,15 minutes,OK,,weather,weather markers,
data/raw/Data to be used/Data to be used/Weather Data/2024/Chart Hum_temp_dec2024 01_28_2025 11_46 AM.csv,74461,.csv,65f33c1a2c73b2692bba0c0dbd4ad1a7f804dd7b2313f519dfff48d19c180313,Time | Weather- Humidity (%) | Weather- Temperature (C),2976,2976,0,"%m/%d/%y, %I:%M %p:2976",2024-12-01 00:00:00,2024-12-31 23:45:00,15 minutes,OK,,weather,weather markers,
data/raw/Data to be used/Data to be used/Weather Data/2024/Chart Hum_Temp_Feb2024 01_28_2025 11_25 AM.csv,67338,.csv,4af779dd88e814a5a4acb2181d3d69872f634632f9749094cfb24bc74d213af0,Time | Weather- Humidity (%) | Weather- Temperature (C),2784,2784,0,"%m/%d/%y, %I:%M %p:2784",2024-02-01 00:00:00,2024-02-29 23:45:00,15 minutes,OK,,weather,weather markers,
data/raw/Data to be used/Data to be used/Weather Data/2024/Chart Hum_temp_jan2025 01_28_2025 11_45 AM.csv,64490,.csv,847a0126d348a2c0efba78d6b9262459e6c2bfbe682247eb728fcddc9315121d,Time | Weather- Humidity (%) | Weather- Temperature (C),2688,2688,0,"%m/%d/%y, %I:%M %p:2688",2025-01-01 00:00:00,2025-01-28 23:45:00,15 minutes,OK,,weather,weather markers,
data/raw/Data to be used/Data to be used/Weather Data/2024/Chart hum_temp_july2024 01_28_2025 11_51 AM.csv,71531,.csv,3c33865e056fb61a001377dfd9f978bb317f0f1d7619ea3395d170716c77e98a,Time | Weather- Humidity (%) | Weather- Temperature (C),2976,2976,0,"%m/%d/%y, %I:%M %p:2976",2024-07-01 00:00:00,2024-07-31 23:45:00,15 minutes,OK,,weather,weather markers,
data/raw/Data to be used/Data to be used/Weather Data/2024/Chart hum_temp_june2024 01_28_2025 11_52 AM.csv,69574,.csv,72dec73cec66d099fe87f11bc5aff32dc3e79495372f152448d6e9236ac6796f,Time | Weather- Humidity (%) | Weather- Temperature (C),2880,2880,0,"%m/%d/%y, %I:%M %p:2880",2024-06-01 00:00:00,2024-06-30 23:45:00,15 minutes,OK,,weather,weather markers,
data/raw/Data to be used/Data to be used/Weather Data/2024/Chart Hum_Temp_March2024 01_28_2025 11_28 AM.csv,72039,.csv,4e3c2463aeb0ca4949e6305cfd90e4838c987208253a795fb9e45d09fc003cd9,Time | Weather- Humidity (%) | Weather- Temperature (C),2976,2976,0,"%m/%d/%y, %I:%M %p:2976",2024-03-01 00:00:00,2024-03-31 23:45:00,15 minutes,OK,,weather,weather markers,MARCH_2025_FILENAME_DO_NOT_USE_FOR_TRAINING
data/raw/Data to be used/Data to be used/Weather Data/2024/Chart hum_temp_may2024 01_28_2025 11_53 AM.csv,71114,.csv,fd297fc3ae5cb45fb73275fc8a44a98dd4068100dd674ed11594ee84ecbd8c0f,Time | Weather- Humidity (%) | Weather- Temperature (C),2976,2976,0,"%m/%d/%y, %I:%M %p:2976",2024-05-01 00:00:00,2024-05-31 23:45:00,15 minutes,OK,,weather,weather markers,
data/raw/Data to be used/Data to be used/Weather Data/2024/Chart Hum_temp_may_2024 01_31_2025 11_25 AM.csv,22896,.csv,3356c7b9efa676d7f271893ceffa9e7874eb58d79eb8481e39693b13b3ef9042,Time | Weather- Humidity (%) | Weather- Temperature (C),744,744,0,"%m/%d/%y, %I:%M %p:744",2024-05-01 00:00:00,2024-05-31 23:00:00,60 minutes,OK,,weather,weather markers,
data/raw/Data to be used/Data to be used/Weather Data/2024/Chart Hum_temp_nov2024 01_28_2025 11_47 AM.csv,72118,.csv,b61a1ab8b41d3a1c81404bdc693ea071ba4d33b5fdf21631da30281d871fb87d,Time | Weather- Humidity (%) | Weather- Temperature (C),2880,2880,0,"%m/%d/%y, %I:%M %p:2880",2024-11-01 00:00:00,2024-11-30 23:45:00,15 minutes,OK,,weather,weather markers,
data/raw/Data to be used/Data to be used/Weather Data/2024/Chart Hum_Temp_oct2024 01_28_2025 11_48 AM.csv,74441,.csv,419baec83f3507bd1c68aad6da0e09724d473d14f8d24670378ca60d20038934,Time | Weather- Humidity (%) | Weather- Temperature (C),2976,2976,0,"%m/%d/%y, %I:%M %p:2976",2024-10-01 00:00:00,2024-10-31 23:45:00,15 minutes,OK,,weather,weather markers,
data/raw/Data to be used/Data to be used/Weather Data/2024/Chart Hum_temp_sept2024 01_28_2025 11_49 AM.csv,69276,.csv,cb68b42cd27f7a99f595bc1f74eeea065fc64284d42340416a0c4b0ae63ce997,Time | Weather- Humidity (%) | Weather- Temperature (C),2880,2880,0,"%m/%d/%y, %I:%M %p:2880",2024-09-01 00:00:00,2024-09-30 23:45:00,15 minutes,OK,,weather,weather markers,
data/raw/Data to be used/Data to be used/Weather Data/2024/Chart Wind_April2024 01_28_2025 11_30 AM.csv,63014,.csv,0b62415baed6c71423fbeef9e006b9c3a6542d183805d90c09eb5e8078681bac,Time | Weather- Wind Speed (Km/h),2880,2880,0,"%m/%d/%y, %I:%M %p:2880",2024-04-01 00:00:00,2024-04-30 23:45:00,15 minutes,OK,,weather,weather markers,
data/raw/Data to be used/Data to be used/Weather Data/2024/Chart Wind_Aug2024 01_28_2025 11_37 AM.csv,65012,.csv,f8fc4cb7c812858e340eba595635593d7756d38901489636a6d1ba533cdcb770,Time | Weather- Wind Speed (Km/h),2976,2976,0,"%m/%d/%y, %I:%M %p:2976",2024-08-01 00:00:00,2024-08-31 23:45:00,15 minutes,OK,,weather,weather markers,
data/raw/Data to be used/Data to be used/Weather Data/2024/Chart Wind_dec2024 01_28_2025 11_43 AM.csv,68088,.csv,9bb12978583d112387e09d4527d072d29e660e429ea9b4fff4feff4900c4085f,Time | Weather- Wind Speed (Km/h),2976,2976,0,"%m/%d/%y, %I:%M %p:2976",2024-12-01 00:00:00,2024-12-31 23:45:00,15 minutes,OK,,weather,weather markers,
data/raw/Data to be used/Data to be used/Weather Data/2024/Chart Wind_feb2024 01_28_2025 11_26 AM.csv,61201,.csv,a17151645bce455f48585d2f0ed93533aa0531117c9f253008a37bc38c5c5d42,Time | Weather- Wind Speed (Km/h),2784,2784,0,"%m/%d/%y, %I:%M %p:2784",2024-02-01 00:00:00,2024-02-29 23:45:00,15 minutes,OK,,weather,weather markers,
data/raw/Data to be used/Data to be used/Weather Data/2024/Chart Wind_jan2025 01_28_2025 11_44 AM.csv,58731,.csv,13b120ac33cfd9a62fe3046a4461cca3531a142743f661f1126058354eab879f,Time | Weather- Wind Speed (Km/h),2688,2688,0,"%m/%d/%y, %I:%M %p:2688",2025-01-01 00:00:00,2025-01-28 23:45:00,15 minutes,OK,,weather,weather markers,
data/raw/Data to be used/Data to be used/Weather Data/2024/Chart Wind_july2024 01_28_2025 11_36 AM.csv,64829,.csv,90ae5b1ffc3670d478a5164ab739b30e8ded0f5932817b8a14661428bc2f7a59,Time | Weather- Wind Speed (Km/h),2976,2976,0,"%m/%d/%y, %I:%M %p:2976",2024-07-01 00:00:00,2024-07-31 23:45:00,15 minutes,OK,,weather,weather markers,
data/raw/Data to be used/Data to be used/Weather Data/2024/Chart Wind_June2024 01_28_2025 11_35 AM.csv,62969,.csv,5af40ed9f348f54948c289146a49d1d48b41ff334a225395c698aa7786ba5ed2,Time | Weather- Wind Speed (Km/h),2880,2880,0,"%m/%d/%y, %I:%M %p:2880",2024-06-01 00:00:00,2024-06-30 23:45:00,15 minutes,OK,,weather,weather markers,
data/raw/Data to be used/Data to be used/Weather Data/2024/Chart Wind_March2024 01_28_2025 11_29 AM.csv,65518,.csv,3fea5472ba3d5bec408855a2de8f606b1fd272753975bb1914681f9ef661e35d,Time | Weather- Wind Speed (Km/h),2976,2976,0,"%m/%d/%y, %I:%M %p:2976",2024-03-01 00:00:00,2024-03-31 23:45:00,15 minutes,OK,,weather,weather markers,MARCH_2025_FILENAME_DO_NOT_USE_FOR_TRAINING
data/raw/Data to be used/Data to be used/Weather Data/2024/Chart Wind_May2024 01_31_2025 11_26 AM.csv,18317,.csv,a58173ee926a9d1c9a254553d20427addbaad45b29efc60d175c7c9e19e9acac,Time | Weather- Wind Speed (Km/h),744,744,0,"%m/%d/%y, %I:%M %p:744",2024-05-01 00:00:00,2024-05-31 23:00:00,60 minutes,OK,,weather,weather markers,
data/raw/Data to be used/Data to be used/Weather Data/2024/Chart Wind_nov2024 01_28_2025 11_42 AM.csv,65770,.csv,ea0a88f5a66a7a1bce9bdbe2ad5d468eec9beaa8c14e55a4ed23bc4ad09448a6,Time | Weather- Wind Speed (Km/h),2880,2880,0,"%m/%d/%y, %I:%M %p:2880",2024-11-01 00:00:00,2024-11-30 23:45:00,15 minutes,OK,,weather,weather markers,
data/raw/Data to be used/Data to be used/Weather Data/2024/Chart Wind_oct2024 01_28_2025 11_41 AM.csv,68089,.csv,a59a55210cd0f07bbb1a1452961b482086dd853413722e83c72510dd01d6af59,Time | Weather- Wind Speed (Km/h),2976,2976,0,"%m/%d/%y, %I:%M %p:2976",2024-10-01 00:00:00,2024-10-31 23:45:00,15 minutes,OK,,weather,weather markers,
data/raw/Data to be used/Data to be used/Weather Data/2024/Chart wind_Sept2024 01_28_2025 11_39 AM.csv,62932,.csv,f5d5f59546593abd3bcdaf67a6316ba31ee95693bbafb9cea2d2645b610e8957,Time | Weather- Wind Speed (Km/h),2880,2880,0,"%m/%d/%y, %I:%M %p:2880",2024-09-01 00:00:00,2024-09-30 23:45:00,15 minutes,OK,,weather,weather markers,
data/raw/Data to be used/Data to be used/Weather Data/2024/Combined/Weather_012024.csv,76119,.csv,92e490aa81c4abd6147bcc7620513e7238603c7c450827ac048635a2538e9d1f,Time | Weather- Humidity (%) | Weather- Temperature (C) | Weather- Wind Speed (Km/h),2976,2976,0,"%m/%d/%y, %I:%M %p:2976",2024-01-01 00:00:00,2024-01-31 23:45:00,15 minutes,OK,,combined/model dataset,weather markers; combined/dataset marker,
data/raw/Data to be used/Data to be used/Weather Data/2024/Combined/Weather_012025.csv,68389,.csv,a9ad2c82451461759383a0422372d1925451510cebf8258b97318d8c20eac42f,Time | Weather- Humidity (%) | Weather- Temperature (C) | Weather- Wind Speed (Km/h),2688,2688,0,"%m/%d/%y, %I:%M %p:2688",2025-01-01 00:00:00,2025-01-28 23:45:00,15 minutes,OK,,combined/model dataset,weather markers; combined/dataset marker,
data/raw/Data to be used/Data to be used/Weather Data/2024/Combined/Weather_022024.csv,72310,.csv,e14071c15af67c81dc6b8d1b76205632ca3d7275434a1a7d4ead14bce9a85a8b,Time | Humidity (%) | Temperature (C) | Wind Speed (Km/h),2784,2784,0,"%m/%d/%y, %I:%M %p:2784",2024-02-01 00:00:00,2024-02-29 23:45:00,15 minutes,OK,,combined/model dataset,weather markers; combined/dataset marker,
data/raw/Data to be used/Data to be used/Weather Data/2024/Combined/Weather_032024.csv,77510,.csv,7d901ee15a826a263373b931d6c713530e75bb0268980e343f6b5a646489bfb2,Time | Humidity (%) | Temperature (C) | Wind Speed (Km/h),2976,2976,0,"%m/%d/%y, %I:%M %p:2976",2024-03-01 00:00:00,2024-03-31 23:45:00,15 minutes,OK,,combined/model dataset,weather markers; combined/dataset marker,
data/raw/Data to be used/Data to be used/Weather Data/2024/Combined/Weather_042024.csv,74005,.csv,79c9ff7ed66faaae2725f7a30099ef5699b1e156306d1f50035d9637eb2d1b14,Time | Humidity (%) | Temperature (C) | Wind Speed (Km/h),2880,2880,0,"%m/%d/%y, %I:%M %p:2880",2024-04-01 00:00:00,2024-04-30 23:45:00,15 minutes,OK,,combined/model dataset,weather markers; combined/dataset marker,EXACT_DUPLICATE_OF=data/raw/Data to be used/Data to be used/Weather Data/2024/Chart hum_temp_april2024 01_28_2025 11_53 AM.csv
data/raw/Data to be used/Data to be used/Weather Data/2024/Combined/Weather_052024.csv,25406,.csv,fb55fc7307a32003082612a61206295b5e42831a728ffa58794168a3790cf069,Time | Humidity (%) | Temperature (C) | Wind Speed (Km/h),744,744,0,"%m/%d/%y, %I:%M %p:744",2024-05-01 00:00:00,2024-05-31 23:00:00,60 minutes,OK,,combined/model dataset,weather markers; combined/dataset marker,
data/raw/Data to be used/Data to be used/Weather Data/2024/Combined/Weather_062024.csv,74268,.csv,7def324e18fb5c3f1b357e43bf4bac9685007616775f6f916e82bdc0cc6a7f30,Time | Humidity (%) | Temperature (C) | Wind Speed (Km/h),2880,2880,0,"%m/%d/%y, %I:%M %p:2880",2024-06-01 00:00:00,2024-06-30 23:45:00,15 minutes,OK,,combined/model dataset,weather markers; combined/dataset marker,
data/raw/Data to be used/Data to be used/Weather Data/2024/Combined/Weather_072024.csv,75365,.csv,6b9b3688eaf54ff0e969a7d0b95c73b7eeb4d6b248341d9b1b9974e63d4d7b1d,Time | Humidity (%) | Temperature (C) | Wind Speed (Km/h),2976,2976,0,"%m/%d/%y, %I:%M %p:2976",2024-07-01 00:00:00,2024-07-31 23:45:00,15 minutes,OK,,combined/model dataset,weather markers; combined/dataset marker,
data/raw/Data to be used/Data to be used/Weather Data/2024/Combined/Weather_082024.csv,75684,.csv,47dae8c3cd39d83c032fc1d95f01da8061dfd96607a7269e370502fe07ae8e8a,Time | Humidity (%) | Temperature (C) | Wind Speed (Km/h),2976,2976,0,"%m/%d/%y, %I:%M %p:2976",2024-08-01 00:00:00,2024-08-31 23:45:00,15 minutes,OK,,combined/model dataset,weather markers; combined/dataset marker,
data/raw/Data to be used/Data to be used/Weather Data/2024/Combined/Weather_092024.csv,73365,.csv,e6432f0547a9cb3856f8c4f02fd796f65ef127d1c2229f566a8ba30139d3d99c,Time | Humidity (%) | Temperature (C) | Wind Speed (Km/h),2880,2880,0,"%m/%d/%y, %I:%M %p:2880",2024-09-01 00:00:00,2024-09-30 23:45:00,15 minutes,OK,,combined/model dataset,weather markers; combined/dataset marker,
data/raw/Data to be used/Data to be used/Weather Data/2024/Combined/Weather_102024.csv,78531,.csv,873014ca4e9a9eaae1ae591f69a9b7ec3971e8b2a1b5db5faa9067165e4d5b6c,Time | Humidity (%) | Temperature (C) | Wind Speed (Km/h),2976,2976,0,"%m/%d/%y, %I:%M %p:2976",2024-10-01 00:00:00,2024-10-31 23:45:00,15 minutes,OK,,combined/model dataset,weather markers; combined/dataset marker,
data/raw/Data to be used/Data to be used/Weather Data/2024/Combined/Weather_112024.csv,76175,.csv,6843e805920f48de97790d7f711c6cbde5771add16f3e1bf7e986bcf0f85e247,Time | Humidity (%) | Temperature (C) | Wind Speed (Km/h),2880,2880,0,"%m/%d/%y, %I:%M %p:2880",2024-11-01 00:00:00,2024-11-30 23:45:00,15 minutes,OK,,combined/model dataset,weather markers; combined/dataset marker,
data/raw/Data to be used/Data to be used/Weather Data/2024/Combined/Weather_122024.csv,78592,.csv,2377285c2771937453cbda886199751943af9b171cee380f8246b012e76785b2,Time | Humidity (%) | Temperature (C) | Wind Speed (Km/h),2976,2976,0,"%m/%d/%y, %I:%M %p:2976",2024-12-01 00:00:00,2024-12-31 23:45:00,15 minutes,OK,,combined/model dataset,weather markers; combined/dataset marker,
data/raw/Data to be used/Data to be used/Weather Data/2024/Combined/weather_all.csv,898612,.csv,fa43239417c308359f9a66a56b54e83821cb75eb2f0be9804bb2ce01caac2a15,Time | Humidity (%) | Temperature (C) | Wind Speed (Km/h),34805,34802,3,"%m/%d/%y, %I:%M %p:34802",2024-01-01 00:00:00,2025-01-28 12:15:00,15 minutes,ROW_DATE_RANGE_CHECK expected_about_37778_parsed_34802_duplicate_timestamps_0,,combined/model dataset,weather markers; combined/dataset marker,
data/raw/Data to be used/Data to be used/Weather Data/2024/January/Chart Hum_Temp_jan2024 01_28_2025 10_19 AM.csv,70477,.csv,e4ede2a15f19f62447f41bc318e1a5fc4dd9db73dfc582852ccf28bc420c6ed6,Time | Weather- Humidity (%) | Weather- Temperature (C),2976,2976,0,"%m/%d/%y, %I:%M %p:2976",2024-01-01 00:00:00,2024-01-31 23:45:00,15 minutes,OK,,weather,weather markers,
data/raw/Data to be used/Data to be used/Weather Data/2024/January/Chart Wind_jan2024 01_28_2025 10_20 AM.csv,65048,.csv,4f0a0332bb93e2d07442b297a9e9246baf4c835e7d111ddc10bf63293a3a6a99,Time | Weather- Wind Speed (Km/h),2976,2976,0,"%m/%d/%y, %I:%M %p:2976",2024-01-01 00:00:00,2024-01-31 23:45:00,15 minutes,OK,,weather,weather markers,
data/raw/Data to be used/Data to be used/Weather Data/2024/POWER_Point_Hourly_20240730_20250131_001d31S_036d81E_LST.csv,214110,.csv,2d555fdf02760e1d1f072f52536d0169f6f130a91b351f86e294dec859d46682,-BEGIN HEADER-,4477,0,4477,,,,,INSUFFICIENT_TIMESTAMPS,,NASA POWER,weather markers; NASA POWER markers,
data/raw/Data to be used/Data to be used/Weather Data/2024/Weather_Data.xlsx,728764,.xlsx,ca482bb2bedd54df7c85f99999f926ccd94f0aef29faefe9b3d8d26426f0fefc,,,,,,,,,,Not inspected: non-CSV file (metadata retained).,weather,weather markers,
data/raw/Data to be used/Data to be used/Weather Data/Chart 1 01_31_2025 11_00 AM.csv,13158,.csv,fb3c531818ccdd1f062bb8b1bcb62f560b2192e1a699ae3c11417890a14fb12e,Time | Weather- Humidity (%) | Weather- Temperature (C),365,365,0,"%m/%d/%y, %I:%M %p:365",2023-01-01 00:00:00,2023-12-31 00:00:00,1440 minutes,OK,,weather,weather markers,
data/raw/Data to be used/Data to be used/Weather Data/Hum_Temp_2022.csv,13001,.csv,bec1a281152b17c7c6f6cf763e17c304fe4b352f81eed13824d47439c870f79f,Time | Weather- Humidity (%) | Weather- Temperature (C),365,365,0,"%m/%d/%y, %I:%M %p:365",2022-01-01 00:00:00,2022-12-31 00:00:00,1440 minutes,OK,,weather,weather markers,
data/raw/Data to be used/Data to be used/Weather Data/Hum_Temp_2023.csv,13158,.csv,fb3c531818ccdd1f062bb8b1bcb62f560b2192e1a699ae3c11417890a14fb12e,Time | Weather- Humidity (%) | Weather- Temperature (C),365,365,0,"%m/%d/%y, %I:%M %p:365",2023-01-01 00:00:00,2023-12-31 00:00:00,1440 minutes,OK,,weather,weather markers,EXACT_DUPLICATE_OF=data/raw/Data to be used/Data to be used/Weather Data/Chart 1 01_31_2025 11_00 AM.csv
data/raw/Data to be used/Data to be used/Weather Data/template_ Weather.csv,850,.csv,022e21a926d8191a5fe151cd1d7d19644f0694b861ea7c0903b9934cf435edb0,YEAR | Month | Day | Hour | Clear Sky Irradiance (Wh/m�) | All Sky Irradiance (Wh/m�) | All Sky Downward direct Normal Irradiance (Wh/m�) | All Sky Diffuse Irradiance (Wh/m�) | Temp at metres (oC) | Dew/Frost Point at 2 Meters (C) | Wet Bulb Temperature at 2 Meters (C) | Wet Bulb Temperature at 2 Meters (C) | Relative Humidity at 2 Meters (%) | Wind Speed at 10 Meters (m/s),8,8,0,separate date parts:8,2024-01-01 00:00:00,2024-01-01 07:00:00,60 minutes,OK,,template/other,weather markers; template/example marker,
data/raw/Data to be used/Data to be used/Weather Data/Weather Combined.csv,74014,.csv,c227268a0c91e34fb6d424875b699db1f9427ecb8833c12bb77de75f1c091490,Time | Humidity (%) | Temperature (C) | Wind Speed (Km/h),2880,2880,0,"%m/%d/%y, %I:%M %p:2880",2024-04-01 00:00:00,2024-04-30 23:45:00,15 minutes,OK,,combined/model dataset,weather markers; combined/dataset marker,
data/raw/Data to be used/Data to be used/Weather Data/Weather Data_NASA.csv,631146,.csv,2fe1ffe5703f4a5771efb53d6368d5ca5bd254bdeb49896a0e097fc4941ab22c,YEAR | Month | Day | Hour | Clear Sky Irradiance (Wh/m�) | All Sky Irradiance (Wh/m�) | All Sky Downward direct Normal Irradiance (Wh/m�) | All Sky Diffuse Irradiance (Wh/m�) | Temp at metres (oC) | Dew/Frost Point at 2 Meters (C) | Wet Bulb Temperature at 2 Meters (C) | Wet Bulb Temperature at 2 Meters (C) | Relative Humidity at 2 Meters (%) | Wind Speed at 10 Meters (m/s),9528,9528,0,separate date parts:9528,2024-01-01 00:00:00,2025-01-31 23:00:00,60 minutes,OK,,NASA POWER,weather markers; NASA POWER markers,
data/raw/Data to be used/Data to be used/Weather Data/Weather Data_NASA_Final.csv,2007950,.csv,2c1c7bac394ddabec613fb0797cdf973b7270ec27c4d697f47de7ff8f0566741,Year | Month | Day | Hour | All Sky Surface Shortwave Downward Irradiance (Wh/m2) | Clear Sky Surface Shortwave Downward Irradiance (Wh/m2) | All Sky Surface Shortwave Downward Direct Normal Irradiance (Wh/m2) | All Sky Surface Shortwave Diffuse Irradiance | All Sky Insolation Clearness Index (dimensionless) | All Sky Surface Albedo (dimensionless) | Temperature at 2 Meters (C) | Dew/Frost Point at 2 Meters (C) | Wet Bulb Temperature at 2 Meters (C) | Specific Humidity at 2 Meters (g/kg) | Relative Humidity at 2 Meters (%) | Precipitation Corrected (mm/hour) | Wind Speed at 10 Meters (m/s) | Wind Speed at 50 Meters (m/s) | Solar Zenith Angle (Degrees),22608,22608,0,separate date parts:22608,2022-01-01 00:00:00,2024-07-30 23:00:00,60 minutes,OK,,NASA POWER,weather markers; NASA POWER markers,
data/raw/Data to be used/Data to be used/Weather Data/wind_2022.csv,9695,.csv,3aa0a7131420d830374afc07b13e03e3471fbc86c23cb3be1735345688ef8c5b,Time | Weather- Wind Speed (Km/h),365,365,0,"%m/%d/%y, %I:%M %p:365",2022-01-01 00:00:00,2022-12-31 00:00:00,1440 minutes,OK,,weather,weather markers,
data/raw/Data to be used/Data to be used/Weather Data/Wind_2023.csv,9691,.csv,fadd5860fd6644d06994fdeaa73fb6d8e86b9ebf6e46a1dc5ca38be6d50ac50f,Time | Weather- Wind Speed (Km/h),365,365,0,"%m/%d/%y, %I:%M %p:365",2023-01-01 00:00:00,2023-12-31 00:00:00,1440 minutes,OK,,weather,weather markers,
